institutionID,name,bic,environmentType,countries,brands,active,businessAccounts,aISAccount,aISAccounts,aISAccountBalances,aISAccountsWithoutBalance,aISTransactions,aISIdentity,aISStatements,pISDomesticSingle,pISDomesticSingleInstant,pISFuturePayment,pISStandingOrder,pISVRP,pISInternationalSingle,pISInternationalFuturePayment,pISInternationalFixedRecurring,pISBulkPayments,singleAuth,preAuth,embedded,domesticSinglePaymentRefund,domesticScheduledPaymentRefund,domesticPeriodicPaymentRefund,internationalSinglePaymentRefund,internationalScheduledPaymentRefund
aachener-bank,Aachener Bank eG,GENODED1AAC,LIVE,DE,,true,Yes,Yes,Yes,Yes,No,Yes,No,No,Yes,Yes,No,No,No,No,No,No,Yes,No,No,Yes,No,No,No,No,No
abn-amro-be-asset,ABN AMRO Asset Managers Belgium,SGPBBE99XXX,LIVE,BE,abn-amro-nl,true,No,Yes,Yes,Yes,No,Yes,No,No,Yes,No,No,Yes,No,Yes,No,No,No,Yes,No,No,No,No,No,No,No
abn-amro-be-private,ABN AMRO Private Banking Belgium,SGPBBE99XXX,LIVE,BE,abn-amro-nl,true,No,Yes,Yes,Yes,No,Yes,No,No,Yes,No,No,Yes,No,Yes,No,No,No,Yes,No,No,No,No,No,No,No
abn-amro-nl,ABN AMRO Bank N.V.,ABNANL2AXXX,LIVE,"NL,BE,DE",abn-amro-nl,true,Yes,Yes,Yes,Yes,No,Yes,No,No,Yes,No,No,Yes,No,Yes,No,No,No,Yes,No,No,No,No,No,No,No
abn-amro-sandbox,Abn Amro Sandbox,ABNANL2AXXX,SANDBOX,"NL,BE,DE",abn-amro-nl,true,Yes,Yes,Yes,No,No,Yes,No,No,Yes,No,No,Yes,No,Yes,No,No,No,Yes,No,No,No,No,No,No,No
abtsgmuer-bank,Abtsgmünder Bank -Raiffeisen- eG,GENODES1ABR,LIVE,DE,,true,Yes,Yes,Yes,Yes,No,Yes,No,No,Yes,No,No,No,No,No,No,No,Yes,No,No,Yes,No,No,No,No,No
aib,Allied Irish Bank Ireland Personal,AIBKIE2DXXX,LIVE,IE,,true,Yes,Yes,Yes,Yes,No,Yes,No,Yes,Yes,No,Yes,Yes,No,Yes,No,No,Yes,Yes,No,No,No,No,No,No,No
aibbusiness,Allied Irish Bank Ireland Business,AIBKIE2DXXX,LIVE,IE,,true,Yes,Yes,Yes,Yes,No,Yes,No,Yes,Yes,No,Yes,Yes,No,Yes,No,No,Yes,Yes,No,No,No,No,No,No,No
aibgb,Allied Irish Bank UK Personal,AIBKGB2LXXX,LIVE,GB,,true,Yes,Yes,Yes,Yes,No,Yes,No,Yes,Yes,No,Yes,Yes,No,Yes,No,No,No,Yes,No,No,No,No,No,No,No
aibgb-sandbox,Allied Irish Bank UK Personal Sandbox,AIBKGB2LXXX,SANDBOX,GB,,true,No,Yes,Yes,Yes,No,Yes,No,Yes,Yes,No,Yes,Yes,No,Yes,No,No,Yes,Yes,No,No,No,No,No,No,No
aibgbbusiness,Allied Irish Bank UK Business,AIBKGB2LXXX,LIVE,GB,,true,Yes,Yes,Yes,Yes,No,Yes,No,Yes,Yes,No,Yes,Yes,No,Yes,No,No,Yes,Yes,No,No,No,No,No,No,No
airbus-bank,Airbus Bank GmbH,AGBMDEMMXXX,LIVE,DE,,true,Yes,Yes,Yes,Yes,No,Yes,No,No,Yes,Yes,No,No,No,No,No,No,Yes,No,No,Yes,No,No,No,No,No
airwallex,Airwallex,AIRWGB22XXX,LIVE,GB,,true,Yes,Yes,Yes,No,No,Yes,Yes,No,No,No,No,No,No,No,No,No,No,Yes,No,No,No,No,No,No,No
airwallex-eu,Airwallex EU,AINHNL22XXX,LIVE,"NO,NL,FR,PT,IT,AT,DE,DK,SE,FI,EE,LV,LT",,true,Yes,Yes,Yes,No,No,Yes,Yes,No,No,No,No,No,No,No,No,No,No,Yes,No,No,No,No,No,No,No
airwallex-eu-sandbox,Airwallex EU Sandbox,AINHNL22XXX,SANDBOX,"NO,NL,FR,PT,IT,AT,DE,DK,SE,FI,EE,LV,LT",,true,Yes,Yes,Yes,No,No,Yes,Yes,No,No,No,No,No,No,No,No,No,No,Yes,No,No,No,No,No,No,No
airwallex-sandbox,Airwallex Sandbox,AIRWGB22XXX,SANDBOX,GB,,true,Yes,Yes,Yes,No,No,Yes,Yes,No,No,No,No,No,No,No,No,No,No,Yes,No,No,No,No,No,No,No
akros,Banca Akros S.p.A.,BAPPIT22XXX,LIVE,IT,,true,No,No,Yes,Yes,No,Yes,No,No,Yes,Yes,Yes,Yes,No,No,No,No,No,Yes,No,No,No,No,No,No,No
aktivbank,Aktivbank AG,AKBADES1XXX,LIVE,DE,,true,Yes,Yes,Yes,Yes,No,Yes,No,No,Yes,Yes,No,No,No,No,No,No,Yes,No,No,Yes,No,No,No,No,No
aletti_banca_investimento,Banca Aletti S.p.A.,BAPPIT22XXX,LIVE,IT,,true,No,No,Yes,Yes,No,Yes,No,No,Yes,Yes,Yes,Yes,No,No,No,No,No,Yes,No,No,No,No,No,No,No
allianz_fr,Allianz Banque,AGFBFRPPXXX,LIVE,FR,,true,No,Yes,Yes,Yes,No,Yes,Yes,No,Yes,No,Yes,Yes,No,No,No,No,No,Yes,No,No,No,No,No,No,No
allicabank,Allica Bank,CIIVGB2A,LIVE,GB,,true,Yes,Yes,Yes,Yes,No,Yes,No,No,No,No,No,No,No,No,No,No,No,Yes,No,No,No,No,No,No,No
allicabank-sandbox,Allica Bank Sandbox,CIIVGB2A,SANDBOX,GB,,true,Yes,Yes,Yes,Yes,No,Yes,No,No,No,No,No,No,No,No,No,No,No,Yes,No,No,No,No,No,No,No
alta-pusteria,RAIFFEISENKASSE HOCHPUSTERTAL CASSA RAIFFEISEN ALTA PUSTERIA,RZSBIT21XXX,LIVE,IT,,true,Yes,Yes,Yes,Yes,No,Yes,No,No,Yes,Yes,Yes,Yes,No,Yes,No,Yes,Yes,Yes,No,No,No,No,No,No,No
alta-venosta,RAIFFEISENKASSE OBERVINSCHGAU CASSA RAIFFEISEN ALTA VENOSTA,RZSBIT21XXX,LIVE,IT,,true,Yes,Yes,Yes,Yes,No,Yes,No,No,Yes,Yes,Yes,Yes,No,Yes,No,Yes,Yes,Yes,No,No,No,No,No,No,No
amex-ob-sandbox,American Express Sandbox,AETCUS55XXX,SANDBOX,"GB,NO,FR",,true,Yes,Yes,Yes,Yes,No,Yes,No,Yes,No,No,No,No,No,No,No,No,No,Yes,No,No,No,No,No,No,No
amex-ob_eu,American Express EU,AETCUS55XXX,LIVE,"NO,FR",,true,Yes,Yes,Yes,Yes,No,Yes,No,Yes,No,No,No,No,No,No,No,No,No,Yes,No,No,No,No,No,No,No
amex-ob_uk,American Express UK,AETCUS55XXX,LIVE,GB,,true,Yes,Yes,Yes,Yes,No,Yes,No,Yes,No,No,No,No,No,No,No,No,No,Yes,No,No,No,No,No,No,No
andbank,ANDBANK Espana SA,BACAESMMXXX,LIVE,ES,,true,Yes,Yes,Yes,Yes,No,Yes,No,No,Yes,No,No,No,No,Yes,No,No,No,No,Yes,No,No,No,No,No,No
annamoney,Anna Money,,LIVE,GB,annamoney,true,Yes,Yes,Yes,Yes,No,Yes,No,No,No,No,No,No,No,No,No,No,No,Yes,No,No,No,No,No,No,No
anton-hafner-bankhaus,Bankhaus Anton Hafner KG,ANHODE77XXX,LIVE,DE,,true,Yes,Yes,Yes,Yes,No,Yes,No,No,Yes,Yes,No,No,No,No,No,No,Yes,No,No,Yes,No,No,No,No,No
arbejdernes-sandbox_dk,Arbejdernes Landsbank Sandbox,ALBADKKK,SANDBOX,DK,arbejdernes-sandbox_dk,true,Yes,Yes,Yes,Yes,No,Yes,No,No,Yes,Yes,Yes,Yes,No,Yes,Yes,No,Yes,Yes,No,No,No,No,No,No,No
arbejdernes_dk,Arbejdernes Landsbank,ALBADKKK,LIVE,DK,arbejdernes_dk,true,Yes,Yes,Yes,Yes,No,Yes,No,No,Yes,Yes,Yes,Yes,No,Yes,Yes,No,Yes,Yes,No,No,No,No,No,No,No
arkea-banking,Arkéa Banking Services,CMBRFR2BCME,LIVE,FR,,true,Yes,Yes,Yes,Yes,No,Yes,Yes,No,Yes,No,Yes,Yes,No,No,No,No,No,Yes,No,No,No,No,No,No,No
arkea-corporate,Arkéa Banque Entreprises et Institutionnels,CMBRFR2BCME,LIVE,FR,,true,Yes,Yes,Yes,Yes,No,Yes,Yes,No,Yes,Yes,Yes,Yes,No,No,No,No,Yes,Yes,No,No,No,No,No,No,No
arkea-personal,Arkéa Banque Privée,CMBRFR2BXXX,LIVE,FR,,true,No,Yes,Yes,Yes,No,Yes,Yes,No,Yes,Yes,Yes,Yes,No,No,No,No,Yes,Yes,No,No,No,No,No,No,No
asnbank,ASN Bank,ASNBNL21XXX,LIVE,NL,devolksbank,true,Yes,Yes,Yes,Yes,No,Yes,No,No,Yes,Yes,Yes,Yes,No,No,No,No,No,Yes,No,No,No,No,No,No,No
austrian_docs_n_pharmacists,Austrian Doctors and Pharmacists Bank,BWFBATW1,LIVE,AT,,true,Yes,Yes,Yes,Yes,No,Yes,No,No,Yes,Yes,No,Yes,No,No,No,No,No,Yes,No,No,No,No,No,No,No
banca_alpi_marittime_credit_coop_carru_azioni,Banca Alpi Marittime Credito Cooperativo Carru' - Società cooperativa per azioni,ICRAITRRCI0,LIVE,IT,,true,No,No,Yes,Yes,No,Yes,No,No,Yes,No,Yes,No,No,No,No,No,No,No,No,Yes,No,No,No,No,No
banca_alta_toscana_credito_coop,Banca Alta Toscana Credito Cooperativo,ICRAITRRPM0,LIVE,IT,,true,No,No,Yes,Yes,No,Yes,No,No,Yes,No,Yes,No,No,No,No,No,No,No,No,Yes,No,No,No,No,No
banca_bnl,Banca Nazionale del Lavoro Spa,BNLIITRRXXX,LIVE,IT,,true,No,No,Yes,Yes,No,Yes,No,No,Yes,Yes,Yes,Yes,No,No,No,No,No,Yes,No,No,No,No,No,No,No
banca_bnl_corporate,BNL Corporate,BNLIITRRXXX,LIVE,IT,,true,Yes,No,Yes,Yes,No,Yes,No,No,Yes,Yes,Yes,Yes,No,No,No,No,No,Yes,No,No,No,No,No,No,No
banca_march,Banca March,BMARES2MXXX,LIVE,ES,,true,Yes,Yes,Yes,Yes,No,Yes,No,No,Yes,Yes,No,Yes,No,No,No,No,No,No,Yes,No,No,No,No,No,No
banca_popolare_vb_card,Volksbank - Retail Prepaid Card,BPAAIT2B056,LIVE,IT,,true,No,No,Yes,Yes,No,Yes,No,No,No,No,No,No,No,No,No,No,No,Yes,No,No,No,No,No,No,No
banca_popolare_vb_german_personal,Volksbank - Retail Direct Banking_German version,BPAAIT2B056,LIVE,IT,,true,No,No,Yes,Yes,No,Yes,No,No,Yes,No,Yes,Yes,No,No,No,No,No,Yes,No,No,No,No,No,No,No
banca_popolare_vb_germancard,Volksbank - Banca Popolare Prepaid Card_German version,BPAAIT2B056,LIVE,IT,,true,No,No,Yes,Yes,No,Yes,No,No,Yes,No,Yes,Yes,No,No,No,No,No,Yes,No,No,No,No,No,No,No
banca_popolare_vb_personal,Volksbank - Retail Direct Banking,BPAAIT2B130,LIVE,IT,,true,No,No,Yes,Yes,No,Yes,No,No,Yes,No,Yes,Yes,No,No,No,No,No,Yes,No,No,No,No,No,No,No
bancadelfucino_it,Banca del Fucino,CRBZIT2B003,LIVE,IT,,true,Yes,Yes,Yes,Yes,No,Yes,No,No,Yes,Yes,No,Yes,No,Yes,No,No,No,No,Yes,No,No,No,No,No,No
bancadelpiemonte_it,Banca del Piemonte,CRBZIT2B003,LIVE,IT,,true,Yes,Yes,Yes,Yes,No,Yes,No,No,Yes,Yes,No,Yes,No,Yes,No,No,No,No,Yes,No,No,No,No,No,No
bancadelsud_it,Banca del Sud,CRBZIT2B003,LIVE,IT,,true,Yes,Yes,Yes,Yes,No,Yes,No,No,Yes,Yes,No,Yes,No,Yes,No,No,No,No,Yes,No,No,No,No,No,No
bancaifis_it,Banca del Mezzogiorno – MedioCredito Centrale S.p.A.,CRBZIT2B003,LIVE,IT,,true,Yes,Yes,Yes,Yes,No,Yes,No,No,Yes,Yes,No,Yes,No,Yes,No,No,No,No,Yes,No,No,No,No,No,No
bancamediolanum_it,Banca Mediolanum,CRBZIT2B003,LIVE,IT,,true,Yes,Yes,Yes,Yes,No,Yes,No,No,Yes,No,No,Yes,No,Yes,No,No,No,No,No,No,No,No,No,No,No
bancapopolarebari_it,Banca Popolare di Bari,CRBZIT2B003,LIVE,IT,,true,Yes,Yes,Yes,Yes,No,Yes,No,No,Yes,Yes,No,Yes,No,Yes,No,No,No,No,Yes,No,No,No,No,No,No
bancaprogetto_it,Banca Progetto S.p.A.,CRBZIT2B003,LIVE,IT,,true,Yes,Yes,Yes,Yes,No,Yes,No,No,Yes,Yes,No,Yes,No,Yes,No,No,No,No,Yes,No,No,No,No,No,No
bancaubae_it,Banca Ubae S.p.A.,CRBZIT2B003,LIVE,IT,,true,Yes,Yes,Yes,Yes,No,Yes,No,No,Yes,Yes,No,Yes,No,Yes,No,No,No,No,Yes,No,No,No,No,No,No
bancavalsabbina_it,Banca Valsabbina,CRBZIT2B003,LIVE,IT,,true,Yes,Yes,Yes,Yes,No,Yes,No,No,Yes,Yes,No,Yes,No,Yes,No,No,No,No,Yes,No,No,No,No,No,No
banco-activobank-sa,Banco Activo SA,BBPIPTPL,LIVE,PT,,true,Yes,Yes,Yes,Yes,No,Yes,No,No,Yes,Yes,Yes,Yes,No,Yes,No,No,No,Yes,No,No,No,No,No,No,No
banco-activobank-sa-sandbox,BANCO ACTIVOBANK SA SANDBOX,BBPIPTPL,SANDBOX,PT,,true,Yes,Yes,Yes,Yes,No,Yes,No,No,Yes,Yes,Yes,Yes,No,Yes,No,No,No,Yes,No,No,No,No,No,No,No
banco-atlantico-europa,Banco Atlantico Europa SA,BAPAPTPLXXX,LIVE,PT,,true,Yes,Yes,Yes,Yes,No,Yes,No,No,Yes,Yes,Yes,Yes,No,Yes,No,No,No,Yes,No,No,No,No,No,No,No
banco-atlantico-europa-sandbox,BANCO ATLANTICO EUROPA SA SANDBOX,BAPAPTPLXXX,SANDBOX,PT,,true,Yes,Yes,Yes,Yes,No,Yes,No,No,Yes,Yes,Yes,Yes,No,Yes,No,No,No,Yes,No,No,No,No,No,No,No
banco-bpi-sa,Banco BPI SA,BBPIPTPL,LIVE,PT,,true,Yes,Yes,Yes,Yes,No,Yes,No,No,Yes,Yes,Yes,Yes,No,Yes,No,No,Yes,Yes,No,No,No,No,No,No,No
banco-bpi-sa-sandbox,BANCO BPI SA SANDBOX,BBPIPTPL,SANDBOX,PT,,true,Yes,Yes,Yes,Yes,No,Yes,No,No,Yes,Yes,Yes,Yes,No,Yes,No,No,Yes,Yes,No,No,No,No,No,No,No
banco-comercial-portugues-sa,"Banco Comercial Português, SA ( BCP )",BCOMPTPL,LIVE,PT,,true,Yes,Yes,Yes,Yes,No,Yes,No,No,Yes,Yes,Yes,Yes,No,Yes,No,No,Yes,Yes,No,No,No,No,No,No,No
banco-comercial-portugues-sa-sandbox,"Banco Comercial Português, SA ( BCP )- Sandbox",BCOMPTPL,SANDBOX,PT,,true,Yes,Yes,Yes,Yes,No,Yes,No,No,Yes,Yes,Yes,Yes,No,Yes,No,No,Yes,Yes,No,No,No,No,No,No,No
banco-de-investimento-global-espanha-sa," Banco de Investimento Global (BIG) Espanha",IGSEESMMXXX,LIVE,PT,,true,Yes,Yes,Yes,Yes,No,Yes,No,No,Yes,No,No,No,No,No,No,No,No,Yes,No,No,No,No,No,No,No
banco-de-investimento-global-espanha-sa-sandbox," Banco de Investimento Global (BIG) Espanha -Sandbox",IGSEESMMXXX,SANDBOX,PT,,true,Yes,Yes,Yes,Yes,No,Yes,No,No,Yes,No,No,No,No,No,No,No,No,Yes,No,No,No,No,No,No,No
banco-de-investimento-global-sa,Banco de Investimento Global (BIG),BDIGPTPLXXX,LIVE,PT,,true,Yes,Yes,Yes,Yes,No,Yes,No,No,Yes,No,Yes,Yes,No,No,No,No,No,Yes,No,No,No,No,No,No,No
banco-de-investimento-global-sa-sandbox,Banco de Investimento Global (BIG) -Sandbox,BDIGPTPLXXX,SANDBOX,PT,,true,Yes,Yes,Yes,Yes,No,Yes,No,No,Yes,No,Yes,Yes,No,No,No,No,No,Yes,No,No,No,No,No,No,No
banco-portugues-de-gestao,Banco Portugues de Gestao SA,BPGPPTPLXXX,LIVE,PT,,true,Yes,Yes,Yes,Yes,No,Yes,No,No,Yes,No,Yes,Yes,No,No,No,No,No,Yes,No,No,No,No,No,No,No
banco-portugues-de-gestao-sandbox,Banco Portugues de Gestao SA- Sandbox,BPGPPTPLXXX,SANDBOX,PT,,true,Yes,Yes,Yes,Yes,No,Yes,No,No,Yes,No,Yes,Yes,No,No,No,No,No,Yes,No,No,No,No,No,No,No
banco-santander-totta-sa,Banco Santander Totta SA,TOTAPTPL,LIVE,PT,,true,Yes,Yes,Yes,Yes,No,Yes,No,No,Yes,Yes,Yes,Yes,No,Yes,No,No,Yes,Yes,No,No,No,No,No,No,No
banco-santander-totta-sa-sandbox,Banco Santander Totta SA -Sandbox,TOTAPTPL,SANDBOX,PT,,true,Yes,Yes,Yes,Yes,No,Yes,No,No,Yes,Yes,Yes,Yes,No,Yes,No,No,Yes,Yes,No,No,No,No,No,No,No
banco_bpm,Banco BPM S.p.A,BAPPIT22XXX,LIVE,IT,,true,Yes,No,Yes,Yes,No,Yes,No,No,Yes,Yes,Yes,Yes,No,No,No,No,No,Yes,No,No,No,No,No,No,No
banco_bpm_corporate,Banco BPM S.p.A - Corporate,BAPPIT22XXX,LIVE,IT,,true,Yes,No,Yes,Yes,No,Yes,No,No,Yes,Yes,Yes,Yes,No,No,No,No,No,Yes,No,No,No,No,No,No,No
banco_bpm_private,Banco BPM S.p.A - Private,BAPPIT22XXX,LIVE,IT,,true,Yes,No,Yes,Yes,No,Yes,No,No,Yes,Yes,Yes,Yes,No,No,No,No,No,Yes,No,No,No,No,No,No,No
banco_de_credito_cooperativ,Banco de Crédito Cooperativo,BCCAESMMXXX,LIVE,ES,,true,Yes,Yes,Yes,Yes,No,Yes,No,No,Yes,Yes,Yes,Yes,No,Yes,No,No,No,No,Yes,No,No,No,No,No,No
banco_di_sardegna,Banco di Sardegna S.p.A.,SARDIT3SXXX,LIVE,IT,,true,No,No,Yes,Yes,No,Yes,No,No,Yes,Yes,Yes,No,No,No,No,No,No,Yes,No,No,No,No,No,No,No
banco_di_sardegna_corporate,Banco di Sardegna - Corporate,SARDIT3S540,LIVE,IT,,true,Yes,No,Yes,Yes,No,Yes,No,No,Yes,Yes,Yes,No,No,No,No,No,No,Yes,No,No,No,No,No,No,No
banco_mediolanum,Banca Mediolanum,MEDBITMMXXX,LIVE,ES,,true,Yes,Yes,Yes,Yes,No,Yes,No,No,Yes,Yes,Yes,Yes,No,Yes,No,No,No,No,Yes,No,No,No,No,No,No
banco_pichincha,Banco Pichincha,PICHECEQXXX,LIVE,ES,,true,Yes,Yes,Yes,Yes,No,Yes,No,No,Yes,Yes,Yes,Yes,No,Yes,No,No,No,No,Yes,No,No,No,No,No,No
banco_posta,Poste Italiane S.p.A. Patrimonio BancoPosta,BPPIITRRXXX,LIVE,IT,,true,Yes,No,Yes,Yes,No,Yes,No,No,Yes,Yes,Yes,Yes,No,No,No,No,No,Yes,No,No,No,No,No,No,No
banco_posta_businesslink,Poste Italiane S.p.A. Patrimonio BancoPosta - Business,BAPPIT22XXX,LIVE,IT,,true,Yes,No,Yes,Yes,No,Yes,No,No,Yes,Yes,Yes,Yes,No,No,No,No,No,Yes,No,No,No,No,No,No,No
banco_posta_card,Postepay S.p.A,BAPPIT22XXX,LIVE,IT,,true,No,No,Yes,Yes,No,Yes,No,No,Yes,Yes,Yes,Yes,No,No,No,No,No,Yes,No,No,No,No,No,No,No
banco_posta_corporate,Poste Italiane S.p.A. Patrimonio BancoPostaa - Corporate,BPPIITRRXXX,LIVE,IT,,true,Yes,No,Yes,Yes,No,Yes,No,No,Yes,Yes,Yes,Yes,No,No,No,No,No,Yes,No,No,No,No,No,No,No
banco_posta_ibancard,Poste Italiane S.p.A. Patrimonio PostePay - IBAN Card,BAPPIT22XXX,LIVE,IT,,true,No,No,Yes,Yes,No,Yes,No,No,Yes,Yes,Yes,Yes,No,No,No,No,No,Yes,No,No,No,No,No,No,No
banco_sabadell,Banco Sabadell,BSABESBBXXX,LIVE,ES,,true,Yes,Yes,Yes,Yes,No,Yes,No,No,Yes,Yes,Yes,Yes,No,Yes,No,No,No,No,Yes,No,No,No,No,No,No
banco_santander,Banco Santander,BSCHESMMXXX,LIVE,ES,,true,Yes,Yes,Yes,Yes,No,Yes,No,No,Yes,Yes,Yes,Yes,No,Yes,No,No,No,No,Yes,No,No,No,No,No,No
bancobrianza_it,Banco di Desio e della Brianza,CRBZIT2B003,LIVE,IT,,true,No,Yes,Yes,Yes,No,Yes,No,No,Yes,Yes,No,Yes,No,Yes,No,No,No,No,Yes,No,No,No,No,No,No
bancotrevenezie_it,Banco delle Tre Venezie,CRBZIT2B003,LIVE,IT,,true,Yes,Yes,Yes,Yes,No,Yes,No,No,Yes,Yes,No,Yes,No,Yes,No,No,No,No,Yes,No,No,No,No,No,No
bank1saar,Bank 1 Saar eG,SABADE5SXXX,LIVE,DE,,true,Yes,Yes,Yes,Yes,No,Yes,No,No,Yes,Yes,No,No,No,No,No,No,Yes,No,No,Yes,No,No,No,No,No
banking-kurhessische-landbank,Kurhessische Landbank eG,GENODEF1KS2,LIVE,DE,,true,Yes,Yes,Yes,Yes,No,Yes,No,No,Yes,Yes,No,No,No,No,No,No,Yes,No,No,Yes,No,No,No,No,No
banking-rb-mnord,Raiffeisenbank München-Nord eG,GENODEF1M08,LIVE,DE,,true,Yes,Yes,Yes,Yes,No,Yes,No,No,Yes,Yes,No,No,No,No,No,No,Yes,No,No,Yes,No,No,No,No,No
bankinter,Bankinter,BKBKESMMXXX,LIVE,ES,,true,Yes,Yes,Yes,Yes,No,Yes,No,No,Yes,Yes,No,Yes,No,Yes,No,No,No,No,Yes,No,No,No,No,No,No
bankinter-sa-sucursal-em-portugal,Bankinter SA - Sucursal em Portugal,BKBKPTPLXXX,LIVE,PT,,true,Yes,Yes,Yes,Yes,No,Yes,No,No,Yes,Yes,Yes,Yes,No,Yes,No,No,Yes,Yes,No,No,No,No,No,No,No
bankinter-sa-sucursal-em-portugal-sandbox,Bankinter SA - Sucursal em Portugal - Sandbox,BKBKPTPLXXX,SANDBOX,PT,,true,Yes,Yes,Yes,Yes,No,Yes,No,No,Yes,Yes,Yes,Yes,No,Yes,No,No,Yes,Yes,No,No,No,No,No,No,No
bankofireland,Bank of Ireland,BOFIIE2DXXX,LIVE,IE,,true,No,Yes,Yes,No,No,Yes,No,Yes,Yes,No,Yes,No,No,No,No,No,No,Yes,No,No,No,No,No,No,No
bankofireland_uk,Bank of Ireland (UK) plc,BOFIIE2DXXX,LIVE,GB,,true,No,Yes,Yes,No,No,Yes,No,No,Yes,No,Yes,No,No,No,No,No,No,Yes,No,No,No,No,No,No,No
bankofirelandbusiness,Bank of Ireland Business,BOFIIE2DXXX,LIVE,IE,,true,Yes,Yes,Yes,No,No,Yes,No,No,Yes,No,Yes,No,No,No,No,No,No,Yes,No,No,No,No,No,No,No
bankofirelandbusiness_uk,Bank of Ireland Business UK,BOFIIE2DXXX,LIVE,GB,,true,Yes,Yes,Yes,No,No,Yes,No,Yes,Yes,No,Yes,No,No,No,No,No,No,Yes,No,No,No,No,No,No,No
bankofscotland,Bank of Scotland (Personal),BOFSGBS1ZF2,LIVE,GB,,true,No,Yes,Yes,Yes,No,Yes,Yes,Yes,Yes,No,Yes,Yes,No,No,No,No,No,Yes,No,No,Yes,Yes,Yes,No,No
bankofscotland-sandbox,Bank of Scotland Sandbox,BOFSGBS1ZF2,SANDBOX,GB,,true,No,Yes,Yes,No,No,Yes,Yes,Yes,Yes,No,Yes,Yes,No,No,No,No,No,Yes,No,No,Yes,Yes,Yes,No,No
bankofscotlandbusiness,Bank of Scotland (Business),BOFSGBS1ZF2,LIVE,GB,,true,Yes,Yes,Yes,Yes,No,Yes,Yes,Yes,Yes,No,Yes,Yes,No,No,No,No,Yes,Yes,No,No,Yes,Yes,Yes,No,No
bankofscotlandcommercial_eu,Bank of Scotland EU (Commercial),BOFSGBS1ZF2,LIVE,GB,,true,No,Yes,Yes,Yes,No,Yes,Yes,Yes,Yes,No,Yes,Yes,No,No,No,No,No,Yes,No,No,Yes,Yes,Yes,No,No
bankofscotlandcommercial_uk,Bank of Scotland UK (Commercial),BOFSGBS1ZF2,LIVE,GB,,true,No,Yes,Yes,Yes,No,Yes,Yes,Yes,Yes,No,Yes,Yes,No,No,No,No,No,Yes,No,No,Yes,Yes,Yes,No,No
banque-bcp,Banque BCP,BPSMFRPPXXX,LIVE,FR,,true,No,Yes,Yes,Yes,No,Yes,Yes,No,Yes,Yes,Yes,Yes,No,No,No,No,No,Yes,No,No,No,No,No,No,No
banque-de-savoie,Banque de Savoie,BSAVFR2CXXX,LIVE,FR,,true,No,Yes,Yes,Yes,No,Yes,Yes,No,Yes,Yes,Yes,Yes,No,No,No,No,No,Yes,No,No,No,No,No,No,No
banque-palatine,Banque Palatine,BSPFFRPPXXX,LIVE,FR,,true,No,Yes,Yes,Yes,No,Yes,Yes,No,Yes,Yes,Yes,Yes,No,No,No,No,No,Yes,No,No,No,No,No,No,No
banque_chalus,Banque Chalus,BCHAFR21XXX,LIVE,FR,,true,Yes,Yes,Yes,No,No,Yes,Yes,No,Yes,Yes,No,No,No,No,No,No,Yes,Yes,No,No,No,No,No,No,No
banquechaabi_it,Banque Chaabi du Maroc,CRBZIT2B003,LIVE,IT,,true,Yes,Yes,Yes,Yes,No,Yes,No,No,Yes,Yes,No,Yes,No,Yes,No,No,No,No,Yes,No,No,No,No,No,No
barclaycard,Barclaycard,BUKBGB22,LIVE,GB,,true,No,Yes,Yes,Yes,No,Yes,Yes,Yes,No,No,No,No,No,No,No,No,No,Yes,No,No,No,No,No,No,No
barclaycard-commercial-payments,Barclaycard Commercial Payments,BUKBGB22XXX,LIVE,GB,,true,Yes,Yes,Yes,Yes,No,Yes,Yes,No,Yes,No,Yes,Yes,No,Yes,Yes,Yes,Yes,Yes,No,No,Yes,No,No,No,No
barclays,Barclays Bank Personal,BUKBGB22,LIVE,GB,,true,No,Yes,Yes,Yes,No,Yes,Yes,Yes,Yes,No,Yes,Yes,No,Yes,Yes,Yes,Yes,Yes,No,No,Yes,No,No,No,No
barclays-sandbox,Barclays Sandbox,BUKBGB22,SANDBOX,GB,,true,No,Yes,Yes,No,No,Yes,Yes,No,Yes,No,Yes,Yes,No,Yes,Yes,Yes,Yes,Yes,No,No,Yes,No,No,No,No
barclays_business,Barclays Business,BUKBGB22,LIVE,GB,,true,Yes,Yes,Yes,Yes,No,Yes,Yes,No,Yes,No,Yes,Yes,No,Yes,Yes,Yes,Yes,Yes,No,No,Yes,No,No,No,No
barclays_corporate,Barclays Corporate,BUKBGB22,LIVE,GB,,true,Yes,Yes,Yes,Yes,No,Yes,Yes,No,Yes,No,Yes,Yes,No,Yes,Yes,Yes,Yes,Yes,No,No,Yes,No,No,No,No
barclays_wealth,Barclays Wealth,BUKBGB22,LIVE,GB,,true,No,Yes,Yes,Yes,No,Yes,Yes,No,Yes,No,Yes,Yes,No,Yes,Yes,Yes,Yes,Yes,No,No,Yes,No,No,No,No
bassa-atseina,RAIFFEISENKASSE UNTERLAND CASSA RAIFFEISEN BASSA ATESINA,RZSBIT21XXX,LIVE,IT,,true,Yes,Yes,Yes,Yes,No,Yes,No,No,Yes,Yes,Yes,Yes,No,Yes,No,Yes,Yes,Yes,No,No,No,No,No,No,No
bassa-vall-isarco,RAIFFEISENKASSE UNTEREISACKTAL CASSA RAIFFFEISEN BASSA VALL ISARCO,RZSBIT21XXX,LIVE,IT,,true,Yes,Yes,Yes,Yes,No,Yes,No,No,Yes,Yes,Yes,Yes,No,Yes,No,Yes,Yes,Yes,No,No,No,No,No,No,No
bassa-venosta,RAIFFEISENKASSE UNTERVINSCHGAU CASSA RAIFFEISEN BASSA VENOSTA,RZSBIT21XXX,LIVE,IT,,true,Yes,Yes,Yes,Yes,No,Yes,No,No,Yes,Yes,Yes,Yes,No,Yes,No,Yes,Yes,Yes,No,No,No,No,No,No,No
bauer-aktiengesellschaft-bank,Bankhaus Bauer Aktiengesellschaft,BHBADES1XXX,LIVE,DE,,true,Yes,Yes,Yes,Yes,No,Yes,No,No,Yes,Yes,No,No,No,No,No,No,Yes,No,No,Yes,No,No,No,No,No
bawag,BAWAG PSK / Easybank,BAWAATWWXXX,LIVE,AT,,true,Yes,Yes,Yes,Yes,No,Yes,No,No,Yes,Yes,Yes,Yes,No,Yes,Yes,No,No,Yes,No,No,No,No,No,No,No
bawag-sandbox,BAWAG PSK / Easybank Sandbox,BAWAATWWXXX,SANDBOX,AT,,true,Yes,Yes,Yes,No,No,Yes,No,No,Yes,No,Yes,Yes,No,Yes,Yes,No,No,Yes,No,No,No,No,No,No,No
bbbank-eg,BBBank eG,GENODE61BBB,LIVE,DE,,true,Yes,Yes,Yes,Yes,No,Yes,No,No,Yes,Yes,No,No,No,No,No,No,Yes,No,No,Yes,No,No,No,No,No
bbiplcvolkswagenbank_it,CASSA DI RISPARMIO DI BOLZANO S.P.A.,CRBZIT2B003,LIVE,IT,,true,Yes,Yes,Yes,Yes,No,Yes,No,No,Yes,No,No,Yes,No,Yes,No,No,No,No,Yes,No,No,No,No,No,No
bbva_es,BBVA,BBVAESMMXXX,LIVE,ES,,true,Yes,Yes,Yes,Yes,No,Yes,No,No,Yes,Yes,Yes,Yes,No,Yes,No,No,No,No,Yes,No,No,No,No,No,No
bcc_abruzzese,Banca di Credito Cooperativo Abruzzese Cappelle sul Tavo - Società coperativa,ICRAITRRC20,LIVE,IT,,true,No,No,Yes,Yes,No,Yes,No,No,Yes,No,Yes,No,No,No,No,No,No,No,No,Yes,No,No,No,No,No
bcc_adria_colli_euganei,Banca Adria Colli Euganei Credito Cooperativo s.c.,CCRTIT2T97A,LIVE,IT,,true,Yes,No,Yes,Yes,No,Yes,No,No,Yes,No,Yes,No,No,No,No,No,No,Yes,No,No,No,No,No,No,No
bcc_adriatico_teramano,Banca di Credito Cooperativo dell'Adriatico Teramano Società cooperativa,ICRAITRRU60,LIVE,IT,,true,No,No,Yes,Yes,No,Yes,No,No,Yes,No,Yes,No,No,No,No,No,No,No,No,Yes,No,No,No,No,No
bcc_agrigentino,Banca di Credito Cooperativo Agrigentino - Società cooperativa,ICRAITRRUS0,LIVE,IT,,true,No,No,Yes,Yes,No,Yes,No,No,Yes,No,Yes,No,No,No,No,No,No,No,No,Yes,No,No,No,No,No
bcc_agro_bresciano,Banca di Credito Cooperativo dell'Agro Bresciano - Società cooperativa,ICRAITRRFZ0,LIVE,IT,,true,No,No,Yes,Yes,No,Yes,No,No,Yes,No,Yes,No,No,No,No,No,No,No,No,Yes,No,No,No,No,No
bcc_alberobello_sammichelebari,Banca di Credito Cooperativo di Alberobello e Sammichele di Bari - Società cooperativa,ICRAITRR9E0,LIVE,IT,,true,Yes,No,Yes,Yes,No,Yes,No,No,Yes,No,Yes,No,No,No,No,No,No,Yes,No,No,No,No,No,No,No
bcc_alta_murgia,Banca di Credito Cooperativo dell'Alta Murgia Società cooperativa,CCRTIT2TMUR,LIVE,IT,,true,Yes,No,Yes,Yes,No,Yes,No,No,Yes,No,Yes,No,No,No,No,No,No,Yes,No,No,No,No,No,No,No
bcc_alto_tirreno_calabria_verbicaro,Banca di Credito Cooperativo dell'Alto Tirreno della Calabria - Verbicaro (Cosenza) - Società cooperativa,CCRTIT2TATC,LIVE,IT,,true,Yes,No,Yes,Yes,No,Yes,No,No,Yes,No,Yes,No,No,No,No,No,No,Yes,No,No,No,No,No,No,No
bcc_altofonte_caccamo,Banca di Credito Cooperativo di Altofonte e Caccamo - Società cooperativa,ICRAITRR9H0,LIVE,IT,,true,No,No,Yes,Yes,No,Yes,No,No,Yes,No,Yes,No,No,No,No,No,No,No,No,Yes,No,No,No,No,No
bcc_anagni,Banca di Credito Cooperativo di Anagni - Società cooperativa,CCRTIT2TN00,LIVE,IT,,true,Yes,No,Yes,Yes,No,Yes,No,No,Yes,No,Yes,No,No,No,No,No,No,Yes,No,No,No,No,No,No,No
bcc_ancona_falconara,Banca di Ancona e Falconara Marittima Credito Cooperativo,ICRAITRR2E0,LIVE,IT,,true,No,No,Yes,Yes,No,Yes,No,No,Yes,No,Yes,No,No,No,No,No,No,No,No,Yes,No,No,No,No,No
bcc_andria,Banca di Andria di Credito Cooperativo - Soc. coop. Per azioni a responsabilità limitata,ICRAITRRUL0,LIVE,IT,,true,No,No,Yes,Yes,No,Yes,No,No,Yes,No,Yes,No,No,No,No,No,No,No,No,Yes,No,No,No,No,No
bcc_anghiari,Banca di Anghiari e Stia - Credito Cooperativo - Società cooperativa,ICRAITRR9L0,LIVE,IT,,true,No,No,Yes,Yes,No,Yes,No,No,Yes,No,Yes,No,No,No,No,No,No,No,No,Yes,No,No,No,No,No
bcc_annia_cartura_polesine,Banca Annia Cred. Coop. Cartura e Polesine,CCRTIT2TW00,LIVE,IT,,true,Yes,No,Yes,Yes,No,Yes,No,No,Yes,No,Yes,No,No,No,No,No,No,No,No,Yes,No,No,No,No,No
bcc_aquara,Banca di Credito Cooperativo di Aquara - Società cooperativa,CCRTIT2TAQU,LIVE,IT,,true,Yes,No,Yes,Yes,No,Yes,No,No,Yes,No,Yes,No,No,No,No,No,No,Yes,No,No,No,No,No,No,No
bcc_arborea,Banca di Credito Cooperativo di Arborea - Società cooperativa,ICRAITRRA20,LIVE,IT,,true,No,No,Yes,Yes,No,Yes,No,No,Yes,No,Yes,No,No,No,No,No,No,No,No,Yes,No,No,No,No,No
bcc_avetrana,Banca di Credito Cooperativo di Avetrana (TA) - Società cooperativa,ICRAITRR9U0,LIVE,IT,,true,No,No,Yes,Yes,No,Yes,No,No,Yes,No,Yes,No,No,No,No,No,No,No,No,Yes,No,No,No,No,No
bcc_banca1897,Banca di Credito Cooperativo di Busto Garolfo e Buguggiate - Società cooperativa,ICRAITRRB80,LIVE,IT,,true,No,No,Yes,Yes,No,Yes,No,No,Yes,No,Yes,No,No,No,No,No,No,No,No,Yes,No,No,No,No,No
bcc_bancater_fvg,BancaTer Credito Cooperativo FVG Società Cooperativa,CCRTIT2TTER,LIVE,IT,,true,Yes,No,Yes,Yes,No,Yes,No,No,Yes,No,Yes,No,No,No,No,No,No,Yes,No,No,No,No,No,No,No
bcc_bari,Banca di Credito Cooperativo di Bari  - Soc. Coop.,ICRAITRRS40,LIVE,IT,,true,No,No,Yes,Yes,No,Yes,No,No,Yes,No,Yes,No,No,No,No,No,No,No,No,Yes,No,No,No,No,No
bcc_barlassina,Banca di Credito Cooperativo di Barlassina (Milano) - Società cooperativa,ICRAITMMAE0,LIVE,IT,,true,Yes,No,Yes,Yes,No,Yes,No,No,Yes,No,Yes,No,No,No,No,No,No,Yes,No,No,No,No,No,No,No
bcc_basciano,Banca di Credito Cooperativo di Basciano (TE) - Società cooperativa,ICRAITRR450,LIVE,IT,,true,No,No,Yes,Yes,No,Yes,No,No,Yes,No,Yes,No,No,No,No,No,No,No,No,Yes,No,No,No,No,No
bcc_basilicata_laurenzana_comuni_lucani,BCC Basilicata Credito Cooperativo di Laurenzana e Comuni Lucani Società Cooperativa,ICRAITRRGL0,LIVE,IT,,true,Yes,No,Yes,Yes,No,Yes,No,No,Yes,No,Yes,No,No,No,No,No,No,No,No,Yes,No,No,No,No,No
bcc_basso_sebino,Banca di Credito Cooperativo del Basso Sebino Società cooperativa,ICRAITRRC50,LIVE,IT,,true,No,No,Yes,Yes,No,Yes,No,No,Yes,No,Yes,No,No,No,No,No,No,No,No,Yes,No,No,No,No,No
bcc_bellegra,Banca di Credito Cooperativo di Bellegra - Società cooperativa,ICRAITRRAL0,LIVE,IT,,true,No,No,Yes,Yes,No,Yes,No,No,Yes,No,Yes,No,No,No,No,No,No,No,No,Yes,No,No,No,No,No
bcc_bene_vagienna,Bene Banca Credito Cooperativo di Bene Vagienna (Cuneo) - Società cooperativa,CCRTIT2TBEN,LIVE,IT,,true,Yes,No,Yes,Yes,No,Yes,No,No,Yes,No,Yes,No,No,No,No,No,No,Yes,No,No,No,No,No,No,No
bcc_bergamasca_orobica,Banca di Credito Cooperativo Bergamasca e Orobica Società cooperativa,ICRAITRRQ40,LIVE,IT,,true,Yes,No,Yes,Yes,No,Yes,No,No,Yes,No,Yes,No,No,No,No,No,No,No,No,Yes,No,No,No,No,No
bcc_bologna,Banca di Bologna Credito Cooperativo Societa' cooperativa,CCRTIT2TBDB,LIVE,IT,,true,Yes,No,Yes,Yes,No,Yes,No,No,Yes,No,Yes,No,No,No,No,No,No,Yes,No,No,No,No,No,No,No
bcc_brescia,Banca di Credito Cooperativo di Brescia - Credito Cooperativo di Brescia - Società cooperativa,CCRTIT2TH00,LIVE,IT,,true,Yes,No,Yes,Yes,No,Yes,No,No,Yes,No,Yes,No,No,No,No,No,No,Yes,No,No,No,No,No,No,No
bcc_brianza,Banca di Credito Cooperativo Brianza e Laghi - Società cooperativa a responsabilità limitata,ICRAITRR950,LIVE,IT,,true,No,No,Yes,Yes,No,Yes,No,No,Yes,No,Yes,No,No,No,No,No,No,No,No,Yes,No,No,No,No,No
bcc_buccino_e_comuni_cilentani,Banca di credito cooperativo di buccino e dei comuni cilentani Società Cooperativa,ICRAITRRTM0,LIVE,IT,,true,No,No,Yes,Yes,No,Yes,No,No,Yes,No,Yes,No,No,No,No,No,No,No,No,Yes,No,No,No,No,No
bcc_cagliari,Banca di Credito Cooperativo di Cagliari - Società coop.,ICRAITRRUG0,LIVE,IT,,true,No,No,Yes,Yes,No,Yes,No,No,Yes,No,Yes,No,No,No,No,No,No,No,No,Yes,No,No,No,No,No
bcc_canosaloconia,Banca di Credito Cooperativo di Canosa-Loconia società cooperativa,ICRAITRRGU0,LIVE,IT,,true,No,No,Yes,Yes,No,Yes,No,No,Yes,No,Yes,No,No,No,No,No,No,No,No,Yes,No,No,No,No,No
bcc_capaccio_paestum,Banca di Credito Cooperativo di Capaccio  Paestum - Società cooperativa,ICRAITRRBZ0,LIVE,IT,,true,No,No,Yes,Yes,No,Yes,No,No,Yes,No,Yes,No,No,No,No,No,No,No,No,Yes,No,No,No,No,No
bcc_caraglio_cuneese_della_riviera,"Banca di Caraglio, del Cuneese e della Riviera dei Fiori - Credito Cooperativo - Società cooperativa",CCRTIT2TCAR,LIVE,IT,,true,Yes,No,Yes,Yes,No,Yes,No,No,Yes,No,Yes,No,No,No,No,No,No,Yes,No,No,No,No,No,No,No
bcc_carate_brianza,Banca di Credito Cooperativo di Carate Brianza - Società cooperativa,CRCBIT22XXX,LIVE,IT,,true,No,No,Yes,Yes,No,Yes,No,No,Yes,No,Yes,No,No,No,No,No,No,No,No,Yes,No,No,No,No,No
bcc_caravaggio_cremasco,Credito Cooperativo di Caravaggio Adda e Cremasco – Cassa Rurale Società Cooperativa,ICRAITRRC90,LIVE,IT,,true,No,No,Yes,Yes,No,Yes,No,No,Yes,No,Yes,No,No,No,No,No,No,No,No,Yes,No,No,No,No,No
bcc_casalgrasso_albano_stura,Banca di Credito Cooperativo di Casalgrasso e Sant'Albano Stura - Società cooperativa,CCRTIT2TCSS,LIVE,IT,,true,Yes,No,Yes,Yes,No,Yes,No,No,Yes,No,Yes,No,No,No,No,No,No,Yes,No,No,No,No,No,No,No
bcc_cassa_centrale,Cassa Centrale Banca C.C.I. S.p.A.,CCRTIT2T899,LIVE,IT,,true,Yes,No,Yes,Yes,No,Yes,No,No,Yes,No,Yes,No,No,No,No,No,No,Yes,No,No,No,No,No,No,No
bcc_cassa_padana,Cassa Padana Banca di Credito Cooperativo - Società cooperativa,CCRTIT2TPAD,LIVE,IT,,true,Yes,No,Yes,Yes,No,Yes,No,No,Yes,No,Yes,No,No,No,No,No,No,Yes,No,No,No,No,No,No,No
bcc_cassa_raiffeisensan_martino_in_passiria,Cassa Raiffeisen di San Martino in Passiria - Società cooperativa,CCRTIT2TSMP,LIVE,IT,,true,Yes,No,Yes,Yes,No,Yes,No,No,Yes,No,Yes,No,No,No,No,No,No,Yes,No,No,No,No,No,No,No
bcc_cassano_murge_tolve,Banca di Credito Cooperativo di Cassano delle Murge e Tolve - Società cooperativa,CCRTIT2TCSM,LIVE,IT,,true,Yes,No,Yes,Yes,No,Yes,No,No,Yes,No,Yes,No,No,No,No,No,No,Yes,No,No,No,No,No,No,No
bcc_cassinate_azioni,Banca Popolare del Cassinate Società cooperativa per azioni,POCAIT3CXXX,LIVE,IT,,true,Yes,No,Yes,Yes,No,Yes,No,No,Yes,No,Yes,No,No,No,No,No,No,Yes,No,No,No,No,No,No,No
bcc_castagneto_carducci_per_azioni,Banca di Credito Cooperativo di Castagneto Carducci - Società cooperativa per azioni,CCRTIT2TCAS,LIVE,IT,,true,Yes,No,Yes,Yes,No,Yes,No,No,Yes,No,Yes,No,No,No,No,No,No,Yes,No,No,No,No,No,No,No
bcc_castelli_e_degli_iblei,Banca di Credito Cooperativo dei Castelli e degli Iblei - Società cooperativa,CCRTIT2TIBL,LIVE,IT,,true,Yes,No,Yes,Yes,No,Yes,No,No,Yes,No,Yes,No,No,No,No,No,No,Yes,No,No,No,No,No,No,No
bcc_castelli_romani,Banca di Credito Cooperativo dei Castelli Romani Società cooperativa,CCRTIT2TCRT,LIVE,IT,,true,Yes,No,Yes,Yes,No,Yes,No,No,Yes,No,Yes,No,No,No,No,No,No,Yes,No,No,No,No,No,No,No
bcc_castiglione,Banca di Credito Cooperativo di Castiglione Messer Raimondo e Pianella - Società cooperativa a responsabilità limitata,ICRAITRRD50,LIVE,IT,,true,No,No,Yes,Yes,No,Yes,No,No,Yes,No,Yes,No,No,No,No,No,No,No,No,Yes,No,No,No,No,No
bcc_catanzarese,Banca del Catanzarese Credito Cooperativo,ICRAITRRUB0,LIVE,IT,,true,No,No,Yes,Yes,No,Yes,No,No,Yes,No,Yes,No,No,No,No,No,No,No,No,Yes,No,No,No,No,No
bcc_centro_calabria,Credito Cooperativo Centro Calabria - Società cooperativa,CCRTIT2TCAL,LIVE,IT,,true,Yes,No,Yes,Yes,No,Yes,No,No,Yes,No,Yes,No,No,No,No,No,No,Yes,No,No,No,No,No,No,No
bcc_centro_emilia,Banca Centro Emilia Credito Cooperativo - Società cooperativa,CCRTIT2TBCE,LIVE,IT,,true,Yes,No,Yes,Yes,No,Yes,No,No,Yes,No,Yes,No,No,No,No,No,No,Yes,No,No,No,No,No,No,No
bcc_centro_lazio,Banca Centro Lazio Credito Cooperativo Societa Cooperativa,CCRTIT2TBCL,LIVE,IT,,true,Yes,No,Yes,Yes,No,Yes,No,No,Yes,No,Yes,No,No,No,No,No,No,Yes,No,No,No,No,No,No,No
bcc_centromarca_treviso,Centromarca Banca - Credito Cooperativo di Treviso - Società cooperativa,ICRAITRRKT0,LIVE,IT,,true,No,No,Yes,Yes,No,Yes,No,No,Yes,No,Yes,No,No,No,No,No,No,No,No,Yes,No,No,No,No,No
bcc_centropadana,Banca Centropadana - Credito Cooperativo - Società cooperativa,ICRAITRR900,LIVE,IT,,true,No,No,Yes,Yes,No,Yes,No,No,Yes,No,Yes,No,No,No,No,No,No,No,No,Yes,No,No,No,No,No
bcc_centroveneto_bassano,CENTROVENETO BASSANO BANCA - CREDITO COOPERATIVO - SOC. COOP.,CCRTIT2TBCV,LIVE,IT,,true,Yes,No,Yes,Yes,No,Yes,No,No,Yes,No,Yes,No,No,No,No,No,No,Yes,No,No,No,No,No,No,No
bcc_cherasco,Banca di Credito Cooperativo di Cherasco - Società cooperativa,CCRTIT2TCHE,LIVE,IT,,true,Yes,No,Yes,Yes,No,Yes,No,No,Yes,No,Yes,No,No,No,No,No,No,Yes,No,No,No,No,No,No,No
bcc_chiantibanca,BCC ChiantiBanca,ICRAITRRIP0,LIVE,IT,,true,Yes,No,Yes,Yes,No,Yes,No,No,Yes,No,Yes,No,No,No,No,No,No,No,No,Yes,No,No,No,No,No
bcc_circeo_privernate,Banca di Credito Cooperativo del Circeo e Privernate  - Soc. Coop.,CCRTIT2TCIR,LIVE,IT,,true,Yes,No,Yes,Yes,No,Yes,No,No,Yes,No,Yes,No,No,No,No,No,No,Yes,No,No,No,No,No,No,No
bcc_colli_albani,Banca di Credito Cooperativo dei Colli Albani - Società Cooperativa,ICRAITRRQF0,LIVE,IT,,true,No,No,Yes,Yes,No,Yes,No,No,Yes,No,Yes,No,No,No,No,No,No,No,No,Yes,No,No,No,No,No
bcc_conversano,Banca di Credito Cooperativo di Conversano - Società cooperativa,CCRTIT2TT00,LIVE,IT,,true,Yes,No,Yes,Yes,No,Yes,No,No,Yes,No,Yes,No,No,No,No,No,No,Yes,No,No,No,No,No,No,No
bcc_cortona_per_azioni,Banca Popolare di Cortona - Società cooperativa per azioni,POCSIT31XXX,LIVE,IT,,true,Yes,No,Yes,Yes,No,Yes,No,No,Yes,No,Yes,No,No,No,No,No,No,Yes,No,No,No,No,No,No,No
bcc_credito_lombardo_veneto,Credito Lombardo Veneto S.p.A.,CRLVIT21,LIVE,IT,,true,Yes,No,Yes,Yes,No,Yes,No,No,Yes,No,Yes,No,No,No,No,No,No,Yes,No,No,No,No,No,No,No
bcc_cremasca_mantovana,Banca Cremasca e Mantovana Credito Cooperativo,ICRAITRRTW0,LIVE,IT,,true,No,No,Yes,Yes,No,Yes,No,No,Yes,No,Yes,No,No,No,No,No,No,No,No,Yes,No,No,No,No,No
bcc_creto_padano,Credito Padano Banca di Credito Cooperativo – Società Cooperativa,ICRAITRRCM0,LIVE,IT,,true,No,No,Yes,Yes,No,Yes,No,No,Yes,No,Yes,No,No,No,No,No,No,No,No,Yes,No,No,No,No,No
bcc_degli_ulivi,Banca di Credito Cooperativo degli Ulivi - Terra di Bari - Società cooperativa,ICRAITRRRG0,LIVE,IT,,true,No,No,Yes,Yes,No,Yes,No,No,Yes,No,Yes,No,No,No,No,No,No,No,No,Yes,No,No,No,No,No
bcc_della_romagna_occidentale,Banca di Credito Cooperativo della Romagna Occidentale Società cooperativa,CCRTIT2TROC,LIVE,IT,,true,Yes,No,Yes,Yes,No,Yes,No,No,Yes,No,Yes,No,No,No,No,No,No,Yes,No,No,No,No,No,No,No
bcc_don_rizzo,Banca Don Rizzo- di Credito Cooperativo della Sicilia Occidentale Società cooperativa,ICRAITRRQA0,LIVE,IT,,true,No,No,Yes,Yes,No,Yes,No,No,Yes,No,Yes,No,No,No,No,No,No,No,No,Yes,No,No,No,No,No
bcc_elba,Banca dell'Elba Credito Cooperativo -  Soc. Coop.,ICRAITRRT40,LIVE,IT,,true,No,No,Yes,Yes,No,Yes,No,No,Yes,No,Yes,No,No,No,No,No,No,No,No,Yes,No,No,No,No,No
bcc_emil,EMIL BANCA - CREDITO COOPERATIVO – SOCIETA’,ICRAITRRTS0,LIVE,IT,,true,Yes,No,Yes,Yes,No,Yes,No,No,Yes,No,Yes,No,No,No,No,No,No,No,No,Yes,No,No,No,No,No
bcc_fano,Banca di Credito Cooperativo di Fano Società cooperativa,ICRAITRREF0,LIVE,IT,,true,No,No,Yes,Yes,No,Yes,No,No,Yes,No,Yes,No,No,No,No,No,No,No,No,Yes,No,No,No,No,No
bcc_felsinea_dal_1902,BCC Felsinea - Banca di Credito Cooperativo dal 1902 - Società Cooperativa,CCRTIT2TFEL,LIVE,IT,,true,Yes,No,Yes,Yes,No,Yes,No,No,Yes,No,Yes,No,No,No,No,No,No,Yes,No,No,No,No,No,No,No
bcc_filottrano,Banca di Filottrano - Credito Cooperativo di Filottrano e di Camerano - Società cooperativa,ICRAITRRF90,LIVE,IT,,true,No,No,Yes,Yes,No,Yes,No,No,Yes,No,Yes,No,No,No,No,No,No,No,No,Yes,No,No,No,No,No
bcc_fiorentino_mugello_impruneta,Banco Fiorentino – Mugello Impruneta Signa – Credito Cooperativo,ICRAITRR910,LIVE,IT,,true,No,No,Yes,Yes,No,Yes,No,No,Yes,No,Yes,No,No,No,No,No,No,No,No,Yes,No,No,No,No,No
bcc_flumeri,Banca di Credito Cooperativo di Flumeri - Società cooperativa,CCRTIT2TFLU,LIVE,IT,,true,Yes,No,Yes,Yes,No,Yes,No,No,Yes,No,Yes,No,No,No,No,No,No,Yes,No,No,No,No,No,No,No
bcc_friuli,Credito Cooperativo Friuli Società cooperativa,ICRAITRRU50,LIVE,IT,,true,Yes,No,Yes,Yes,No,Yes,No,No,Yes,No,Yes,No,No,No,No,No,No,No,No,Yes,No,No,No,No,No
bcc_friuli_centrale,PrimaCassa Credito Cooperativo FVG,CCRTIT2T99A,LIVE,IT,,true,Yes,No,Yes,Yes,No,Yes,No,No,Yes,No,Yes,No,No,No,No,No,No,Yes,No,No,No,No,No,No,No
bcc_galileo,BANCA GALILEO,GAEOITM1XXX,LIVE,IT,,true,Yes,No,Yes,Yes,No,Yes,No,No,Yes,No,Yes,No,No,No,No,No,No,Yes,No,No,No,No,No,No,No
bcc_galileo_spa,Cassa Rurale Alta Valsugana - Banca di Credito Cooperativo - Società cooperativa,GAEOITM1XXX,LIVE,IT,,true,Yes,No,Yes,Yes,No,Yes,No,No,Yes,No,Yes,No,No,No,No,No,No,Yes,No,No,No,No,No,No,No
bcc_gambatesa,Banca di Credito Cooperativo di Gambatesa società cooperativa,ICRAITRRFW0,LIVE,IT,,true,No,No,Yes,Yes,No,Yes,No,No,Yes,No,Yes,No,No,No,No,No,No,No,No,Yes,No,No,No,No,No
bcc_garda_colli_morenici,BCC del Garda -  Banca di Credito Cooperativo Colli Morenici del Garda - Società cooperativa,ICRAITRRIS0,LIVE,IT,,true,No,No,Yes,Yes,No,Yes,No,No,Yes,No,Yes,No,No,No,No,No,No,No,No,Yes,No,No,No,No,No
bcc_gauano_lavello,Banca di Credito Cooperativo di Gaudiano di Lavello - società cooperativa,ICRAITRRFE0,LIVE,IT,,true,No,No,Yes,Yes,No,Yes,No,No,Yes,No,Yes,No,No,No,No,No,No,No,No,Yes,No,No,No,No,No
bcc_gtoniolo_san_cataldo,"Banca di Credito Cooperativo ""G.Toniolo"" di San Cataldo - Società coperativa",ICRAITRRQG0,LIVE,IT,,true,No,No,Yes,Yes,No,Yes,No,No,Yes,No,Yes,No,No,No,No,No,No,No,No,Yes,No,No,No,No,No
bcc_guber,Guber Banca,GUBEIT21XXX,LIVE,IT,,true,Yes,No,Yes,Yes,No,Yes,No,No,Yes,No,Yes,No,No,No,No,No,No,Yes,No,No,No,No,No,No,No
bcc_hypo_tirol,Hypo Tirol Bank AG,HYPTIT2BXXX,LIVE,IT,,true,Yes,No,Yes,Yes,No,Yes,No,No,Yes,No,Yes,No,No,No,No,No,No,Yes,No,No,No,No,No,No,No
bcc_iccrea,Iccrea Banca,ICRAITRRSDG,LIVE,IT,,true,No,No,Yes,Yes,No,Yes,No,No,Yes,No,Yes,No,No,No,No,No,No,No,No,Yes,No,No,No,No,No
bcc_la_marca,Banca della Marca Credito Cooperativo Società cooperativa,ICRAITRRU40,LIVE,IT,,true,No,No,Yes,Yes,No,Yes,No,No,Yes,No,Yes,No,No,No,No,No,No,No,No,Yes,No,No,No,No,No
bcc_la_riscossaregalbuto,Banca di Credito Cooperativo la Riscossa di Regalbuto - Società cooperativa,CCRTIT2TO00,LIVE,IT,,true,Yes,No,Yes,Yes,No,Yes,No,No,Yes,No,Yes,No,No,No,No,No,No,Yes,No,No,No,No,No,No,No
bcc_la_valle_trigno,Banca di Credito Cooperativo della Valle del Trigno (Mafalda - San Salvo) - Società cooperativa,ICRAITRR59Z,LIVE,IT,,true,No,No,Yes,Yes,No,Yes,No,No,Yes,No,Yes,No,No,No,No,No,No,No,No,Yes,No,No,No,No,No
bcc_la_valsassina,Banca della Valsassina Credito Cooperativo Società cooperativa,ICRAITRREB0,LIVE,IT,,true,No,No,Yes,Yes,No,Yes,No,No,Yes,No,Yes,No,No,No,No,No,No,No,No,Yes,No,No,No,No,No
bcc_lajatico,Banca Popolare di Lajatico S.C.P.A.,BLJAIT3LXXX,LIVE,IT,,true,Yes,No,Yes,Yes,No,Yes,No,No,Yes,Yes,Yes,No,No,No,No,No,No,Yes,No,No,No,No,No,No,No
bcc_laudense_lodi,Banca di Credito Cooperativo Laudense Lodi (Milano) - Società cooperativa,ICRAITMMM20,LIVE,IT,,true,Yes,No,Yes,Yes,No,Yes,No,No,Yes,No,Yes,No,No,No,No,No,No,Yes,No,No,No,No,No,No,No
bcc_lazio_nord_per_azioni,Banca Lazio Nord Credito Cooperativo Soc. Coop. Per Azioni,CCRTIT2TVIT,LIVE,IT,,true,Yes,No,Yes,Yes,No,Yes,No,No,Yes,No,Yes,No,No,No,No,No,No,Yes,No,No,No,No,No,No,No
bcc_le_terre_venete,Banca delle Terre Venete - Credito Cooperativo - Società cooperativa,ICRAITRRB30,LIVE,IT,,true,No,No,Yes,Yes,No,Yes,No,No,Yes,No,Yes,No,No,No,No,No,No,No,No,Yes,No,No,No,No,No
bcc_leverano,Banca di Credito Cooperativo di Leverano (Lecce) Società cooperativa,ICRAITRRGR0,LIVE,IT,,true,No,No,Yes,Yes,No,Yes,No,No,Yes,No,Yes,No,No,No,No,No,No,No,No,Yes,No,No,No,No,No
bcc_lezzeno,Banca di credito cooperativo di Lezzeno (Como) società cooperativa,ICRAITRRH60,LIVE,IT,,true,No,No,Yes,Yes,No,Yes,No,No,Yes,No,Yes,No,No,No,No,No,No,No,No,Yes,No,No,No,No,No
bcc_longi_valle_fitalia,BCC Longi - Valle del Fitalia Soc. Coop. r.l.,ICRAITRRPD0,LIVE,IT,,true,No,No,Yes,Yes,No,Yes,No,No,Yes,No,Yes,No,No,No,No,No,No,No,No,Yes,No,No,No,No,No
bcc_malatestiana,Banca Malatestiana Credito Cooperativo  -Società cooperativa,CCRTIT2TMAL,LIVE,IT,,true,Yes,No,Yes,Yes,No,Yes,No,No,Yes,No,Yes,No,No,No,No,No,No,Yes,No,No,No,No,No,No,No
bcc_marchigiano,Banco Marchigiano Credito Cooperativo,CCRTIT2TCIV,LIVE,IT,,true,Yes,No,Yes,Yes,No,Yes,No,No,Yes,No,Yes,No,No,No,No,No,No,Yes,No,No,No,No,No,No,No
bcc_marco_cavoti_esanniocalvi,BANCA DI CREDITO COOPERATIVO DI SAN MARCO DEI CAVOTI E DEL SANNIO,ICRAITRRRP0,LIVE,IT,,true,Yes,No,Yes,Yes,No,Yes,No,No,Yes,No,Yes,No,No,No,No,No,No,No,No,Yes,No,No,No,No,No
bcc_marina_ginosa,Banca di Credito Cooperativo di Marina di Ginosa Società cooperativa,ICRAITRRJ40,LIVE,IT,,true,No,No,Yes,Yes,No,Yes,No,No,Yes,No,Yes,No,No,No,No,No,No,No,No,Yes,No,No,No,No,No
bcc_mediocreditofriuli_venezia_giulia_spa,BANCA MEDIOCREDITO DEL FRIULI VENEZIA GIULIA,MFVGIT21,LIVE,IT,,true,Yes,No,Yes,Yes,No,Yes,No,No,Yes,No,Yes,No,No,No,No,No,No,No,No,Yes,No,No,No,No,No
bcc_meocrati,Credito Cooperativo Mediocrati-  Società cooperativa a responsabilità limitata,ICRAITRRTI0,LIVE,IT,,true,No,No,Yes,Yes,No,Yes,No,No,Yes,No,Yes,No,No,No,No,No,No,No,No,Yes,No,No,No,No,No
bcc_metauro,Banca di Credito Cooperativo del Metauro Società cooperativa,ICRAITRRJG0,LIVE,IT,,true,No,No,Yes,Yes,No,Yes,No,No,Yes,No,Yes,No,No,No,No,No,No,No,No,Yes,No,No,No,No,No
bcc_milano,Banca di Credito Cooperativo di Milano - Societa' cooperativa,ICRAITRRCL0,LIVE,IT,,true,No,No,Yes,Yes,No,Yes,No,No,Yes,No,Yes,No,No,No,No,No,No,No,No,Yes,No,No,No,No,No
bcc_monte_prunoroscigno_elaurino,Banca di Credito Cooperativo Monte Pruno di Roscigno e di Laurino -Società cooperativa,CCRTIT2TMPR,LIVE,IT,,true,Yes,No,Yes,Yes,No,Yes,No,No,Yes,No,Yes,No,No,No,No,No,No,Yes,No,No,No,No,No,No,No
bcc_montepaone,Banca di Credito Cooperativo di Montepaone - Società cooperativa,ICRAITRR3I0,LIVE,IT,,true,No,No,Yes,Yes,No,Yes,No,No,Yes,No,Yes,No,No,No,No,No,No,No,No,Yes,No,No,No,No,No
bcc_mozzanica,Banca di Credito Cooperativo di Mozzanica (Bergamo) -  Società cooperativa,ICRAITRRIV0,LIVE,IT,,true,No,No,Yes,Yes,No,Yes,No,No,Yes,No,Yes,No,No,No,No,No,No,No,No,Yes,No,No,No,No,No
bcc_napoli,BANCA DI CREDITO COOPERATIVO DI NAPOLI SOCIETA' COOPERATIVA PER AZIONI (IN SIGLA B.C.C. DI NAPOLI),ICRAITRRUU0,LIVE,IT,,true,No,No,Yes,Yes,No,Yes,No,No,Yes,No,Yes,No,No,No,No,No,No,No,No,Yes,No,No,No,No,No
bcc_nettuno,Banca di Credito Cooperativo di Nettuno - Società cooperativa,ICRAITRRJ90,LIVE,IT,,true,No,No,Yes,Yes,No,Yes,No,No,Yes,No,Yes,No,No,No,No,No,No,No,No,Yes,No,No,No,No,No
bcc_oglio_e_serio,Banca di Credito Cooperativo dell'Oglio e del Serio s.c.,ICRAITRREA0,LIVE,IT,,true,No,No,Yes,Yes,No,Yes,No,No,Yes,No,Yes,No,No,No,No,No,No,No,No,Yes,No,No,No,No,No
bcc_ostra_morro,Banca di Credito Cooperativo di Ostra e Morro d'Alba Società cooperativa,ICRAITRRJK0,LIVE,IT,,true,No,No,Yes,Yes,No,Yes,No,No,Yes,No,Yes,No,No,No,No,No,No,No,No,Yes,No,No,No,No,No
bcc_ostra_vetere,Banca di Credito Cooperativo di Ostra Vetere -Società cooperativa,ICRAITRRJL0,LIVE,IT,,true,No,No,Yes,Yes,No,Yes,No,No,Yes,No,Yes,No,No,No,No,No,No,No,No,Yes,No,No,No,No,No
bcc_ostuni,Banca di Credito Cooperativo di Ostuni - Società cooperativa,ICRAITRRJM0,LIVE,IT,,true,No,No,Yes,Yes,No,Yes,No,No,Yes,No,Yes,No,No,No,No,No,No,No,No,Yes,No,No,No,No,No
bcc_pachino,Banca di Credito Cooperativo di Pachino Società cooperativa,ICRAITRRJT0,LIVE,IT,,true,No,No,Yes,Yes,No,Yes,No,No,Yes,No,Yes,No,No,No,No,No,No,No,No,Yes,No,No,No,No,No
bcc_pergola_corinaldo,Banca di Credito Cooperativo di Pergola e Corinaldo - Società cooperativa,ICRAITRRKB0,LIVE,IT,,true,No,No,Yes,Yes,No,Yes,No,No,Yes,No,Yes,No,No,No,No,No,No,No,No,Yes,No,No,No,No,No
bcc_pesaro,Banca di Pesaro Credito Cooperativo - Società cooperativa,ICRAITRRMY0,LIVE,IT,,true,No,No,Yes,Yes,No,Yes,No,No,Yes,No,Yes,No,No,No,No,No,No,No,No,Yes,No,No,No,No,No
bcc_pescia_cascina,BANCA DI PESCIA E CASCINA CREDITO COOPERATIVO - SOCIETA' COOPERATIVA,ICRAITRR9Y0,LIVE,IT,,true,No,No,Yes,Yes,No,Yes,No,No,Yes,No,Yes,No,No,No,No,No,No,No,No,Yes,No,No,No,No,No
bcc_pianfei_rocca_baldi,Banca di Credito Cooperativo di Pianfei e Rocca De' Baldi  Societa' cooperativa,,LIVE,IT,,true,Yes,No,Yes,Yes,No,Yes,No,No,Yes,No,Yes,No,No,No,No,No,No,Yes,No,No,No,No,No,No,No
bcc_piceno,Banca del Piceno Credito Cooperativo società cooperativa,,LIVE,IT,,true,No,No,Yes,Yes,No,Yes,No,No,Yes,No,Yes,No,No,No,No,No,No,No,No,Yes,No,No,No,No,No
bcc_pontassieve,Banca di Credito Cooperativo di Pontassieve -Società cooperativa,,LIVE,IT,,true,No,No,Yes,Yes,No,Yes,No,No,Yes,No,Yes,No,No,No,No,No,No,No,No,Yes,No,No,No,No,No
bcc_pordenonese,Banca di Credito Cooperativo Pordenonese - Società cooperativa,,LIVE,IT,,true,No,No,Yes,Yes,No,Yes,No,No,Yes,No,Yes,No,No,No,No,No,No,No,No,Yes,No,No,No,No,No
bcc_pratola_peligna,Banca di Credito Cooperativo di Pratola Peligna (L'Aquila) - Società cooperativa,,LIVE,IT,,true,No,No,Yes,Yes,No,Yes,No,No,Yes,No,Yes,No,No,No,No,No,No,No,No,Yes,No,No,No,No,No
bcc_prealpi,Banca di Credito Cooperativo delle Prealpi - Società cooperativa,,LIVE,IT,,true,Yes,No,Yes,Yes,No,Yes,No,No,Yes,No,Yes,No,No,No,No,No,No,Yes,No,No,No,No,No,No,No
bcc_promos,Banca Promos S.p.A.,,LIVE,IT,,true,Yes,No,Yes,Yes,No,Yes,No,No,Yes,No,Yes,No,No,No,No,No,No,Yes,No,No,No,No,No,No,No
bcc_provincie_molisane,Banca Popolare delle Province Molisane,,LIVE,IT,,true,Yes,No,Yes,Yes,No,Yes,No,No,Yes,No,Yes,No,No,No,No,No,No,Yes,No,No,No,No,No,No,No
bcc_putignano,Banca di Credito Cooperativo di Putignano - Società Cooperativa,,LIVE,IT,,true,No,No,Yes,Yes,No,Yes,No,No,Yes,No,Yes,No,No,No,No,No,No,No,No,Yes,No,No,No,No,No
bcc_ravennate_forlivese_imolese,"Credito Cooperativo Ravennate, Forlivese e Imolese - Società cooperativa",,LIVE,IT,,true,Yes,No,Yes,Yes,No,Yes,No,No,Yes,No,Yes,No,No,No,No,No,No,No,No,Yes,No,No,No,No,No
bcc_recanati_colmurano,Banca di Credito Cooperativo di Recanati e Colmurano - Società cooperativa,,LIVE,IT,,true,No,No,Yes,Yes,No,Yes,No,No,Yes,No,Yes,No,No,No,No,No,No,No,No,Yes,No,No,No,No,No
bcc_riano,Banca di Credito Cooperativo di Riano - Società cooperativa,,LIVE,IT,,true,No,No,Yes,Yes,No,Yes,No,No,Yes,No,Yes,No,No,No,No,No,No,No,No,Yes,No,No,No,No,No
bcc_riminirimini_valmarecchia,Riminibanca Credito Cooperativo di Rimini e Valmarecchia s.c.,,LIVE,IT,,true,Yes,No,Yes,Yes,No,Yes,No,No,Yes,No,Yes,No,No,No,No,No,No,No,No,Yes,No,No,No,No,No
bcc_ripatransone_fermano,Banca di Credito Cooperativo di Ripatransone e del Fermano - Provincia di Ascoli Piceno - Società cooperativa,,LIVE,IT,,true,No,No,Yes,Yes,No,Yes,No,No,Yes,No,Yes,No,No,No,No,No,No,No,No,Yes,No,No,No,No,No
bcc_roma,Banca di Credito Cooperativo di Roma - Società cooperativa,,LIVE,IT,,true,No,No,Yes,Yes,No,Yes,No,No,Yes,No,Yes,No,No,No,No,No,No,No,No,Yes,No,No,No,No,No
bcc_romagna,RomagnaBanca Societa' cooperativa,,LIVE,IT,,true,Yes,No,Yes,Yes,No,Yes,No,No,Yes,No,Yes,No,No,No,No,No,No,Yes,No,No,No,No,No,No,No
bcc_romagnolo_bcccesena_gatteo,Credito Cooperativo Romagnolo - BCC di Cesena e Gatteo,,LIVE,IT,,true,Yes,No,Yes,Yes,No,Yes,No,No,Yes,No,Yes,No,No,No,No,No,No,No,No,Yes,No,No,No,No,No
bcc_rovigo,CASSA RURALE ED ARTIGIANA DI BORGO SAN GIACOMO (BRESCIA) - CREDITO COOPERATIVO - SOCIETA' COOPERATIVA,,LIVE,IT,,true,Yes,No,Yes,Yes,No,Yes,No,No,Yes,No,Yes,No,No,No,No,No,No,Yes,No,No,No,No,No,No,No
bcc_san_francesco,Banca San Francesco - Credito Cooperativo - Società cooperativa-,,LIVE,IT,,true,No,No,Yes,Yes,No,Yes,No,No,Yes,No,Yes,No,No,No,No,No,No,No,No,Yes,No,No,No,No,No
bcc_san_giovanni_rotondo,Banca di Credito Cooperativo di San Giovanni Rotondo - Società cooperativa,,LIVE,IT,,true,Yes,No,Yes,Yes,No,Yes,No,No,Yes,No,Yes,No,No,No,No,No,No,Yes,No,No,No,No,No,No,No
bcc_san_giuseppe,Banca di Credito Cooperativo San Giuseppe di Petralia Sottana - Società cooperativa,,LIVE,IT,,true,No,No,Yes,Yes,No,Yes,No,No,Yes,No,Yes,No,No,No,No,No,No,No,No,Yes,No,No,No,No,No
bcc_san_marzanosan_giuseppe,Banca di Credito Cooperativo di San Marzano di San Giuseppe (Taranto)  - Società cooperativa,,LIVE,IT,,true,Yes,No,Yes,Yes,No,Yes,No,No,Yes,No,Yes,No,No,No,No,No,No,Yes,No,No,No,No,No,No,No
bcc_sangro_taetinaatessa_castiglione_giuliano,Banca di Credito Cooperativo di Abruzzi e Molise -Società cooperativa,,LIVE,IT,,true,Yes,No,Yes,Yes,No,Yes,No,No,Yes,No,Yes,No,No,No,No,No,No,Yes,No,No,No,No,No,No,No
bcc_santeramo_in_colle,Banca di Credito Cooperativo di Santeramo in Colle - Società cooperativa,,LIVE,IT,,true,Yes,No,Yes,Yes,No,Yes,No,No,Yes,No,Yes,No,No,No,No,No,No,No,No,Yes,No,No,No,No,No
bcc_sarsina,Banca di Credito Cooperativo di Sarsina  - Societa' cooperativa,,LIVE,IT,,true,Yes,No,Yes,Yes,No,Yes,No,No,Yes,No,Yes,No,No,No,No,No,No,Yes,No,No,No,No,No,No,No
bcc_scafati_cetara,Banca di Credito Cooperativo di Scafati e Cetara - Società cooperativa,,LIVE,IT,,true,Yes,No,Yes,Yes,No,Yes,No,No,Yes,No,Yes,No,No,No,No,No,No,No,No,Yes,No,No,No,No,No
bcc_schio_pedemonte_roana,"Banca Alto Vicentino Credito Cooperativo di Schio, Pedemonte e Roana s.c",,LIVE,IT,,true,Yes,No,Yes,Yes,No,Yes,No,No,Yes,No,Yes,No,No,No,No,No,No,Yes,No,No,No,No,No,No,No
bcc_sibillini,"Banca dei Sibillini, Credito Cooperativo di Casavecchia - Societa' Cooperativa",,LIVE,IT,,true,No,No,Yes,Yes,No,Yes,No,No,Yes,No,Yes,No,No,No,No,No,No,No,No,Yes,No,No,No,No,No
bcc_sicanasommatino_serradifalco,SICILBANCA CREDITO COOPERATIVO ITALIANO - SOCIETA' COOPERATIVA,,LIVE,IT,,true,Yes,No,Yes,Yes,No,Yes,No,No,Yes,No,Yes,No,No,No,No,No,No,Yes,No,No,No,No,No,No,No
bcc_spello_bettona,Banca di Credito Cooperativo di Spello e Bettona - Societa' Cooperativa,,LIVE,IT,,true,Yes,No,Yes,Yes,No,Yes,No,No,Yes,No,Yes,No,No,No,No,No,No,Yes,No,No,No,No,No,No,No
bcc_spinazzola,Banca di Credito Cooperativo di Spinazzola (Bari) - Società cooperativa,,LIVE,IT,,true,No,No,Yes,Yes,No,Yes,No,No,Yes,No,Yes,No,No,No,No,No,No,No,No,Yes,No,No,No,No,No
bcc_staranzano_villesse,Banca di Credito Cooperativo di Staranzano e Villesse Societa' cooperativa,,LIVE,IT,,true,No,No,Yes,Yes,No,Yes,No,No,Yes,No,Yes,No,No,No,No,No,No,No,No,Yes,No,No,No,No,No
bcc_sudtirol,Alto Adige Banca S.p.A. – Sudtirol Bank AG,,LIVE,IT,,true,Yes,No,Yes,Yes,No,Yes,No,No,Yes,No,Yes,No,No,No,No,No,No,Yes,No,No,No,No,No,No,No
bcc_terra_dotranto,Banca di Credito Cooperativo di Terra d'Otranto - Società cooperativa,,LIVE,IT,,true,No,No,Yes,Yes,No,Yes,No,No,Yes,No,Yes,No,No,No,No,No,No,No,No,Yes,No,No,No,No,No
bcc_terra_lavoro,Banca di Credito Cooperativo Terra di lavoro S. Vincenzo dé Paoli s.c.p.a.,,LIVE,IT,,true,No,No,Yes,Yes,No,Yes,No,No,Yes,No,Yes,No,No,No,No,No,No,No,No,Yes,No,No,No,No,No
bcc_terre_etrusche_maremma,Terre Etrusche e di Maremma - Credito Cooperativo - Società Cooperativa,,LIVE,IT,,true,No,No,Yes,Yes,No,Yes,No,No,Yes,No,Yes,No,No,No,No,No,No,No,No,Yes,No,No,No,No,No
bcc_territorio_lombardo,Banca del Territorio Lombardo Credito Cooperativo Soc. Coop.,,LIVE,IT,,true,Yes,No,Yes,Yes,No,Yes,No,No,Yes,No,Yes,No,No,No,No,No,No,Yes,No,No,No,No,No,No,No
bcc_umbria,BCC UMBRIA CREDITO COOPERATIVO – Società cooperativa,,LIVE,IT,,true,No,No,Yes,Yes,No,Yes,No,No,Yes,No,Yes,No,No,No,No,No,No,No,No,Yes,No,No,No,No,No
bcc_une,Banca di Udine Credito Cooperativo - Societa cooperativa,,LIVE,IT,,true,No,No,Yes,Yes,No,Yes,No,No,Yes,No,Yes,No,No,No,No,No,No,No,No,Yes,No,No,No,No,No
bcc_vadarno,Banca del Valdarno Credito Cooperativo - Società cooperativa,,LIVE,IT,,true,No,No,Yes,Yes,No,Yes,No,No,Yes,No,Yes,No,No,No,No,No,No,No,No,Yes,No,No,No,No,No
bcc_valdarno_fiorentino_cascia,Credito Cooperativo Valdarno Fiorentino Banca di Cascia - Società cooperativa,,LIVE,IT,,true,No,No,Yes,Yes,No,Yes,No,No,Yes,No,Yes,No,No,No,No,No,No,No,No,Yes,No,No,No,No,No
bcc_valdostana,Banca di Credito Cooperativo Valdostana - Società cooperativa,,LIVE,IT,,true,Yes,No,Yes,Yes,No,Yes,No,No,Yes,No,Yes,No,No,No,No,No,No,Yes,No,No,No,No,No,No,No
bcc_valle_lambro,Banca di Credito Cooperativo di Triuggio e della Valle del Lambro Società cooperativa,,LIVE,IT,,true,No,No,Yes,Yes,No,Yes,No,No,Yes,No,Yes,No,No,No,No,No,No,No,No,Yes,No,No,No,No,No
bcc_valle_torto,Banca di Credito Cooperativo Valle del Torto - Società cooperativa,,LIVE,IT,,true,No,No,Yes,Yes,No,Yes,No,No,Yes,No,Yes,No,No,No,No,No,No,No,No,Yes,No,No,No,No,No
bcc_valpolicella_benaco,Valpolicella Benaco Banca Credito Cooperativo (Verona) - Societa' Cooperativa,,LIVE,IT,,true,No,No,Yes,Yes,No,Yes,No,No,Yes,No,Yes,No,No,No,No,No,No,No,No,Yes,No,No,No,No,No
bcc_verona_vicenza,Banca di Verona e Vicenza - Credito Cooperativo - Società cooperativa,,LIVE,IT,,true,No,No,Yes,Yes,No,Yes,No,No,Yes,No,Yes,No,No,No,No,No,No,No,No,Yes,No,No,No,No,No
bcc_veronese_concamarise,BCC Veronese,,LIVE,IT,,true,No,No,Yes,Yes,No,Yes,No,No,Yes,No,Yes,No,No,No,No,No,No,No,No,Yes,No,No,No,No,No
bcc_versilia_lunigiana_garfagnana,Banca Versilia Lunigiana e Garfagnana  - Credito Cooperativo - Società cooperativa,,LIVE,IT,,true,No,No,Yes,Yes,No,Yes,No,No,Yes,No,Yes,No,No,No,No,No,No,No,No,Yes,No,No,No,No,No
bcc_vesuviana,Banca Popolare Vesuviana  Società cooperativa,,LIVE,IT,,true,Yes,No,Yes,Yes,No,Yes,No,No,Yes,No,Yes,No,No,No,No,No,No,Yes,No,No,No,No,No,No,No
bcc_vicentino_pojana_maggiore,Banca di Credito Cooperativo Vicentino - Pojana Maggiore (Vicenza) -Società cooperativa,,LIVE,IT,,true,No,No,Yes,Yes,No,Yes,No,No,Yes,No,Yes,No,No,No,No,No,No,No,No,Yes,No,No,No,No,No
bcc_zkb_zadruzna_kraska,ZKB ZADRUZNA KRASKA BANKA TRST GORICA Zadruga - zkb Credito Cooperativo di Trieste e Gorizia Società Cooperativa,,LIVE,IT,,true,Yes,No,Yes,Yes,No,Yes,No,No,Yes,No,Yes,No,No,No,No,No,No,Yes,No,No,No,No,No,No,No
belfius,Belfius Bank,GKCCBEBB,LIVE,BE,,true,Yes,Yes,Yes,Yes,No,Yes,No,No,Yes,Yes,No,Yes,No,Yes,No,No,No,Yes,No,No,No,No,No,No,No
belfius-sandbox,Belfius Bank Sanbox,GKCCBEBB,SANDBOX,BE,,true,Yes,Yes,Yes,Yes,No,Yes,No,No,Yes,Yes,No,Yes,No,Yes,No,No,No,Yes,No,No,No,No,No,No,No
bensbergerbank,Bensberger Bank eG,GENODED1BGL,LIVE,DE,,true,Yes,Yes,Yes,Yes,No,Yes,No,No,Yes,Yes,No,No,No,No,No,No,Yes,No,No,Yes,No,No,No,No,No
bergische-volksbank,Volksbank im Bergischen Land eG,VBRSDE33XXX,LIVE,DE,,true,Yes,Yes,Yes,Yes,No,Yes,No,No,Yes,Yes,No,No,No,No,No,No,Yes,No,No,Yes,No,No,No,No,No
berliner-sparkasse,Berliner Sparkasse,BELADEBEXXX,LIVE,DE,,true,Yes,No,Yes,No,No,Yes,Yes,No,Yes,Yes,Yes,Yes,No,Yes,No,No,Yes,Yes,No,No,No,No,No,No,No
berliner-volksbank,Berliner Volksbank eG Abteilung BIT,BEVODEBBXXX,LIVE,DE,,true,Yes,Yes,Yes,Yes,No,Yes,No,No,Yes,Yes,No,No,No,No,No,No,Yes,No,No,Yes,No,No,No,No,No
bernhauser-bank,Bernhauser Bank eG,GENODES1BBF,LIVE,DE,,true,Yes,Yes,Yes,Yes,No,Yes,No,No,Yes,Yes,No,No,No,No,No,No,Yes,No,No,Yes,No,No,No,No,No
bfw,BfW - Bank für Wohnungswirtschaft AG,BFWODE71XXX,LIVE,DE,,true,Yes,Yes,Yes,Yes,No,Yes,No,No,Yes,Yes,No,No,No,No,No,No,Yes,No,No,Yes,No,No,No,No,No
bibanca,BiBanca,,LIVE,IT,,true,Yes,No,Yes,Yes,No,Yes,No,No,Yes,No,Yes,No,No,No,No,No,No,Yes,No,No,No,No,No,No,No
bistum-essen-bank,Bank im Bistum Essen eG,GENODED1BBE,LIVE,DE,,true,Yes,Yes,Yes,Yes,No,Yes,No,No,Yes,Yes,No,No,No,No,No,No,Yes,No,No,Yes,No,No,No,No,No
bks,BKS Bank AG,BFKKAT2KXXX,LIVE,AT,bks,true,Yes,Yes,Yes,Yes,No,Yes,No,No,Yes,No,Yes,Yes,No,Yes,Yes,Yes,No,No,No,Yes,No,No,No,No,No
bmps_business,Banca Monte dei Paschi di Siena S.P.A Business,PASCITMMXXX,LIVE,IT,,true,Yes,No,Yes,Yes,No,Yes,No,No,Yes,Yes,Yes,Yes,No,No,No,No,No,Yes,No,No,No,No,No,No,No
bmps_personal,Banca Monte dei Paschi di Siena S.P.A Personal,PASCITMMXXX,LIVE,IT,,true,No,No,Yes,Yes,No,Yes,No,No,Yes,Yes,Yes,No,No,No,No,No,No,Yes,No,No,No,No,No,No,No
bmps_personal-sandbox,Banca Monte dei Paschi di Siena S.P.A Sandbox,,SANDBOX,IT,,true,No,No,Yes,Yes,No,Yes,No,No,Yes,Yes,Yes,No,No,No,No,No,No,Yes,No,No,No,No,No,No,No
bnheimervb,Budenheimer Volksbank eG,GENODE51BUD,LIVE,DE,,true,Yes,Yes,Yes,Yes,No,Yes,No,No,Yes,Yes,No,No,No,No,No,No,Yes,No,No,Yes,No,No,No,No,No
bnseebank,VR SüdBank eG,GENODEF1LBB,LIVE,DE,,true,Yes,Yes,Yes,Yes,No,Yes,No,No,Yes,Yes,No,No,No,No,No,No,Yes,No,No,Yes,No,No,No,No,No
bopfinger-bank,Bopfinger Bank Sechta-Ries eG,GENODES1BPF,LIVE,DE,,true,Yes,Yes,Yes,Yes,No,Yes,No,No,Yes,Yes,No,No,No,No,No,No,Yes,No,No,Yes,No,No,No,No,No
bordesholmer-sparkasse-ag,Bordesholmer Sparkasse AG,NOLADE21BOR,LIVE,DE,,true,Yes,No,Yes,No,No,Yes,Yes,No,Yes,Yes,Yes,Yes,No,Yes,No,No,Yes,Yes,No,No,No,No,No,No,No
boursorama,BoursoBank,BOUSFRPPXXX,LIVE,FR,,true,Yes,Yes,Yes,Yes,No,Yes,Yes,No,Yes,Yes,Yes,Yes,No,No,No,No,No,Yes,No,No,No,No,No,No,No
boursorama-sandbox,BoursoBank Sandbox,BOUSFRPPXXX,SANDBOX,FR,,true,Yes,Yes,Yes,Yes,No,Yes,Yes,No,Yes,No,Yes,Yes,No,No,No,No,No,Yes,No,No,No,No,No,No,No
bp-alsace-lorraine-champagne,B.P Alsace Lorraine Champagne,CCBPFRPPMTZ,LIVE,FR,,true,No,Yes,Yes,Yes,No,Yes,Yes,No,Yes,Yes,Yes,Yes,No,No,No,No,No,Yes,No,No,No,No,No,No,No
bp-aquitane-centre-atlantique,B.P Aquitaine Centre Atlantique,CCBPFRPPBDX,LIVE,FR,,true,No,Yes,Yes,Yes,No,Yes,Yes,No,Yes,Yes,Yes,Yes,No,No,No,No,No,Yes,No,No,No,No,No,No,No
bp-auvergne-et-rhone-alpes,B.P Auvergne et Rhone-Alpes,CCBPFRPPGRE,LIVE,FR,,true,No,Yes,Yes,Yes,No,Yes,Yes,No,Yes,Yes,Yes,Yes,No,No,No,No,No,Yes,No,No,No,No,No,No,No
bp-bourgogne-franche-comte,B.P Bourgogne Franche Comte,CCBPFRPPDJN,LIVE,FR,,true,No,Yes,Yes,Yes,No,Yes,Yes,No,Yes,Yes,Yes,Yes,No,No,No,No,No,Yes,No,No,No,No,No,No,No
bp-du-nord,B.P du Nord,CCBPFRPPLIL,LIVE,FR,,true,No,Yes,Yes,Yes,No,Yes,Yes,No,Yes,Yes,Yes,Yes,No,No,No,No,No,Yes,No,No,No,No,No,No,No
bp-grand-ouest,B.P Grand Ouest,CCBPFRPPNAN,LIVE,FR,,true,No,Yes,Yes,Yes,No,Yes,Yes,No,Yes,Yes,Yes,Yes,No,No,No,No,No,Yes,No,No,No,No,No,No,No
bp-mediterranee,B.P Mediterranee,CCBPFRPPNCE,LIVE,FR,,true,No,Yes,Yes,Yes,No,Yes,Yes,No,Yes,Yes,Yes,Yes,No,No,No,No,No,Yes,No,No,No,No,No,No,No
bp-occitane,B.P Occitane,CCBPFRPPTLS,LIVE,FR,,true,No,Yes,Yes,Yes,No,Yes,Yes,No,Yes,Yes,Yes,Yes,No,No,No,No,No,Yes,No,No,No,No,No,No,No
bp-rlves-de-paris-bics,B.P RIves de Paris BICS,CCBPFRPPMTG,LIVE,FR,,true,No,Yes,Yes,Yes,No,Yes,Yes,No,Yes,Yes,Yes,Yes,No,No,No,No,No,Yes,No,No,No,No,No,No,No
bp-sud,B.P Sud,CCBPFRPPPPG,LIVE,FR,,true,No,Yes,Yes,Yes,No,Yes,Yes,No,Yes,Yes,Yes,Yes,No,No,No,No,No,Yes,No,No,No,No,No,No,No
bp-val-de-france,B.P Val de France,CCBPFRPPVER,LIVE,FR,,true,No,Yes,Yes,Yes,No,Yes,Yes,No,Yes,Yes,Yes,Yes,No,No,No,No,No,Yes,No,No,No,No,No,No,No
bpe-personal,BPE Personal,GEPIFRP1XXX,LIVE,FR,,true,No,Yes,Yes,Yes,No,Yes,Yes,No,Yes,Yes,Yes,Yes,No,No,No,No,No,Yes,No,No,No,No,No,No,No
bper,BPER Banca S.p.A,,LIVE,IT,,true,Yes,No,Yes,Yes,No,Yes,No,No,Yes,Yes,Yes,No,No,No,No,No,No,Yes,No,No,No,No,No,No,No
bper-sandbox,BPER Banca S.p.A - Sandbox,,SANDBOX,IT,,true,Yes,No,Yes,Yes,No,Yes,No,No,Yes,No,Yes,No,No,No,No,No,No,Yes,No,No,No,No,No,No,No
bper_card,BPER Banca S.p.A - Card,,LIVE,IT,,true,Yes,No,Yes,Yes,No,Yes,No,No,No,No,No,No,No,No,No,No,No,Yes,No,No,No,No,No,No,No
bper_card-sandbox,BPER Banca S.p.A - Card - Sandbox,,SANDBOX,IT,,true,Yes,No,Yes,Yes,No,Yes,No,No,No,No,No,No,No,No,No,No,No,Yes,No,No,No,No,No,No,No
bper_corporate,BPER Banca S.p.A - Corporate,,LIVE,IT,,true,Yes,No,Yes,Yes,No,Yes,No,No,Yes,Yes,Yes,No,No,No,No,No,No,Yes,No,No,No,No,No,No,No
bpm-sandbox,Banco BPM S.p.A - Sandbox,BAPPIT22XXX,SANDBOX,IT,,true,No,No,Yes,Yes,No,Yes,No,No,Yes,No,Yes,No,No,No,No,No,No,Yes,No,No,No,No,No,No,No
branburgerbank,Brandenburger Bank Volksbank-Raiffeisenbank eG,GENODEF1BRB,LIVE,DE,,true,Yes,Yes,Yes,Yes,No,Yes,No,No,Yes,Yes,No,No,No,No,No,No,Yes,No,No,Yes,No,No,No,No,No
bremischevb,Bremische Volksbank Weser-Wümme eG,GENODEF1HB1,LIVE,DE,,true,Yes,Yes,Yes,Yes,No,Yes,No,No,Yes,Yes,No,No,No,No,No,No,Yes,No,No,Yes,No,No,No,No,No
bruehlerbank,Brühler Bank eG,GENODED1BRL,LIVE,DE,,true,Yes,Yes,Yes,Yes,No,Yes,No,No,Yes,Yes,No,No,No,No,No,No,Yes,No,No,Yes,No,No,No,No,No
bsk-reichenau,Bezirkssparkasse Reichenau,SOLADES1REN,LIVE,DE,,true,Yes,No,Yes,No,No,Yes,Yes,No,Yes,Yes,Yes,Yes,No,Yes,No,No,Yes,Yes,No,No,No,No,No,No,No
btv,BTV Bank AG,BTVAAT22XXX,LIVE,AT,btv,true,Yes,Yes,Yes,Yes,No,Yes,No,No,Yes,No,Yes,Yes,No,Yes,Yes,Yes,No,No,No,Yes,No,No,No,No,No
bunq_at,bunq B.V,BUNQNL2AXXX,LIVE,AT,,true,Yes,Yes,Yes,No,No,Yes,No,No,No,No,No,No,No,No,No,No,No,Yes,No,No,No,No,No,No,No
bunq_be,bunq B.V,BUNQNL2AXXX,LIVE,BE,,true,Yes,Yes,Yes,No,No,Yes,No,No,No,No,No,No,No,No,No,No,No,Yes,No,No,No,No,No,No,No
bunq_de,bunq B.V,BUNQNL2AXXX,LIVE,DE,,true,Yes,Yes,Yes,No,No,Yes,No,No,No,No,No,No,No,No,No,No,No,Yes,No,No,No,No,No,No,No
bunq_dk,bunq B.V,BUNQNL2AXXX,LIVE,DK,,true,Yes,Yes,Yes,No,No,Yes,No,No,No,No,No,No,No,No,No,No,No,Yes,No,No,No,No,No,No,No
bunq_ee,bunq B.V,BUNQNL2AXXX,LIVE,EE,,true,Yes,Yes,Yes,No,No,Yes,No,No,No,No,No,No,No,No,No,No,No,Yes,No,No,No,No,No,No,No
bunq_es,bunq B.V,BUNQNL2AXXX,LIVE,ES,,true,Yes,Yes,Yes,No,No,Yes,No,No,No,No,No,No,No,No,No,No,No,Yes,No,No,No,No,No,No,No
bunq_fi,bunq B.V,BUNQNL2AXXX,LIVE,FI,,true,Yes,Yes,Yes,No,No,Yes,No,No,No,No,No,No,No,No,No,No,No,Yes,No,No,No,No,No,No,No
bunq_fr,bunq B.V,BUNQNL2AXXX,LIVE,FR,,true,Yes,Yes,Yes,No,No,Yes,No,No,No,No,No,No,No,No,No,No,No,Yes,No,No,No,No,No,No,No
bunq_ie,bunq B.V,BUNQNL2AXXX,LIVE,IE,,true,Yes,Yes,Yes,No,No,Yes,No,No,No,No,No,No,No,No,No,No,No,Yes,No,No,No,No,No,No,No
bunq_it,bunq B.V,BUNQNL2AXXX,LIVE,IT,,true,Yes,Yes,Yes,No,No,Yes,No,No,No,No,No,No,No,No,No,No,No,Yes,No,No,No,No,No,No,No
bunq_lt,bunq B.V,BUNQNL2AXXX,LIVE,LT,,true,Yes,Yes,Yes,No,No,Yes,No,No,No,No,No,No,No,No,No,No,No,Yes,No,No,No,No,No,No,No
bunq_lv,bunq B.V,BUNQNL2AXXX,LIVE,LV,,true,Yes,Yes,Yes,No,No,Yes,No,No,No,No,No,No,No,No,No,No,No,Yes,No,No,No,No,No,No,No
bunq_nl,bunq B.V,BUNQNL2AXXX,LIVE,NL,,true,Yes,Yes,Yes,No,No,Yes,No,No,No,No,No,No,No,No,No,No,No,Yes,No,No,No,No,No,No,No
bunq_pt,bunq B.V,BUNQNL2AXXX,LIVE,PT,,true,Yes,Yes,Yes,No,No,Yes,No,No,No,No,No,No,No,No,No,No,No,Yes,No,No,No,No,No,No,No
bunq_se,bunq B.V,BUNQNL2AXXX,LIVE,SE,,true,Yes,Yes,Yes,No,No,Yes,No,No,No,No,No,No,No,No,No,No,No,Yes,No,No,No,No,No,No,No
bw-bank,"Landesbank Baden-Württemberg ",SOLADEST600,LIVE,DE,,true,Yes,No,Yes,No,No,Yes,Yes,No,Yes,Yes,Yes,Yes,No,Yes,No,No,Yes,Yes,No,No,No,No,No,No,No
c24,C24,DEFFDEFFXXX,LIVE,DE,,true,No,Yes,Yes,Yes,No,Yes,No,No,Yes,Yes,Yes,No,No,No,No,No,No,No,No,Yes,No,No,No,No,No
c24-sandbox,C24 Sandbox,DEFFDEFFXXX,SANDBOX,DE,,true,No,Yes,Yes,Yes,No,Yes,No,No,Yes,Yes,Yes,No,No,No,No,No,No,No,No,Yes,No,No,No,No,No
ca_alpesprovence,Crédit Agricole Alpes Provence,AGRIFRPP813,LIVE,FR,,true,Yes,Yes,Yes,No,No,Yes,Yes,No,Yes,Yes,No,No,No,No,No,No,Yes,Yes,No,No,No,No,No,No,No
ca_alsace_vosges,Crédit Agricole Alsace Vosges,AGRIFRPP872,LIVE,FR,,true,Yes,Yes,Yes,No,No,Yes,Yes,No,Yes,Yes,No,No,No,No,No,No,Yes,Yes,No,No,No,No,No,No,No
ca_anjou_maine,Crédit Agricole de l'Anjou et du Maine,AGRIFRCC879,LIVE,FR,,true,Yes,Yes,Yes,No,No,Yes,Yes,No,Yes,Yes,No,No,No,No,No,No,Yes,Yes,No,No,No,No,No,No,No
ca_aquitaine,Crédit Agricole d'Aquitaine,AGRIFRCC833,LIVE,FR,,true,Yes,Yes,Yes,No,No,Yes,Yes,No,Yes,Yes,No,No,No,No,No,No,Yes,Yes,No,No,No,No,No,No,No
ca_atlantique_vendee,Crédit Agricole Atlantique Vendée,AGRIFRCC847,LIVE,FR,,true,Yes,Yes,Yes,No,No,Yes,Yes,No,Yes,Yes,No,No,No,No,No,No,Yes,Yes,No,No,No,No,No,No,No
ca_briepicardie,Crédit Agricole Brie Picardie,AGRIFRCC887,LIVE,FR,,true,Yes,Yes,Yes,No,No,Yes,Yes,No,Yes,Yes,No,No,No,No,No,No,Yes,Yes,No,No,No,No,No,No,No
ca_cariparma_spa,Crédit Agricole Italia S.p.A,,LIVE,IT,,true,Yes,No,Yes,Yes,No,Yes,No,No,No,No,No,No,No,No,No,No,No,Yes,No,No,No,No,No,No,No
ca_cariparma_spa-business,Crédit Agricole Cariparma Spa - Business,,LIVE,IT,,true,Yes,No,Yes,Yes,No,Yes,No,No,No,No,No,No,No,No,No,No,No,Yes,No,No,No,No,No,No,No
ca_cariparma_spa-net2_corporate,Crédit Agricole Italia S.p.A - Banklink.Net2,,LIVE,IT,,true,Yes,No,Yes,Yes,No,Yes,No,No,No,No,No,No,No,No,No,No,No,Yes,No,No,No,No,No,No,No
ca_cariparma_spa-nowbanking_corporate,Crédit Agricole Cariparma Spa - Nowbanking Corporate,,LIVE,IT,,true,Yes,No,Yes,Yes,No,Yes,No,No,No,No,No,No,No,No,No,No,No,Yes,No,No,No,No,No,No,No
ca_cb,Crédit Agricole Champagne-Bourgogne,AGRIFRCC810,LIVE,FR,,true,Yes,Yes,Yes,No,No,Yes,Yes,No,Yes,Yes,No,No,No,No,No,No,Yes,Yes,No,No,No,No,No,No,No
ca_centrefrance,Crédit Agricole de Centre France,AGRIFRCC868,LIVE,FR,,true,Yes,Yes,Yes,No,No,Yes,Yes,No,Yes,Yes,No,No,No,No,No,No,Yes,Yes,No,No,No,No,No,No,No
ca_centreloire,Crédit Agricole de Centre Loire,AGRIFRCC848,LIVE,FR,,true,Yes,Yes,Yes,No,No,Yes,Yes,No,Yes,Yes,No,No,No,No,No,No,Yes,Yes,No,No,No,No,No,No,No
ca_centreouest,Crédit Agricole du Centre Ouest,AGRIFRCC895,LIVE,FR,,true,Yes,Yes,Yes,No,No,Yes,Yes,No,Yes,Yes,No,No,No,No,No,No,Yes,Yes,No,No,No,No,No,No,No
ca_centrest,Crédit Agricole de Centre-Est,AGRIFRCC878,LIVE,FR,,true,Yes,Yes,Yes,No,No,Yes,Yes,No,Yes,Yes,No,No,No,No,No,No,Yes,Yes,No,No,No,No,No,No,No
ca_charente_perigord,Crédit Agricole Charente Périgord,AGRIFRCC824,LIVE,FR,,true,Yes,Yes,Yes,No,No,Yes,Yes,No,Yes,Yes,No,No,No,No,No,No,Yes,Yes,No,No,No,No,No,No,No
ca_cmds,Crédit Agricole Charente-Maritime Deux-Sèvres,AGRIFRCC817,LIVE,FR,,true,Yes,Yes,Yes,No,No,Yes,Yes,No,Yes,Yes,No,No,No,No,No,No,Yes,Yes,No,No,No,No,No,No,No
ca_corse,Crédit Agricole de la Corse,AGRIFRCC820,LIVE,FR,,true,Yes,Yes,Yes,No,No,Yes,Yes,No,Yes,Yes,No,No,No,No,No,No,Yes,Yes,No,No,No,No,No,No,No
ca_cotesdarmor,Crédit Agricole des Côtes d'Armor,AGRIFRCC822,LIVE,FR,,true,Yes,Yes,Yes,No,No,Yes,Yes,No,Yes,Yes,No,No,No,No,No,No,Yes,Yes,No,No,No,No,No,No,No
ca_des_savoie,Crédit Agricole des Savoie,AGRIFRCC881,LIVE,FR,,true,Yes,Yes,Yes,No,No,Yes,Yes,No,Yes,Yes,No,No,No,No,No,No,Yes,Yes,No,No,No,No,No,No,No
ca_finistere,Crédit Agricole du Finistère,AGRIFRCC829,LIVE,FR,,true,Yes,Yes,Yes,No,No,Yes,Yes,No,Yes,Yes,No,No,No,No,No,No,Yes,Yes,No,No,No,No,No,No,No
ca_franchecomte,Crédit Agricole de Franche-Comté,AGRIFRCC825,LIVE,FR,,true,Yes,Yes,Yes,No,No,Yes,Yes,No,Yes,Yes,No,No,No,No,No,No,Yes,Yes,No,No,No,No,No,No,No
ca_guadeloupe,Crédit Agricole de Guadeloupe,AGRIGPGXXXX,LIVE,FR,,true,Yes,Yes,Yes,No,No,Yes,Yes,No,Yes,Yes,No,No,No,No,No,No,Yes,Yes,No,No,No,No,No,No,No
ca_illeetvilaine,Crédit Agricole d'Ille-et-Vilaine,CEIEFR21XXX,LIVE,FR,,true,Yes,Yes,Yes,No,No,Yes,Yes,No,Yes,Yes,No,No,No,No,No,No,Yes,Yes,No,No,No,No,No,No,No
ca_languedoc,Crédit Agricole du Languedoc,CEDMFR21XXX,LIVE,FR,,true,Yes,Yes,Yes,No,No,Yes,Yes,No,Yes,Yes,No,No,No,No,No,No,Yes,Yes,No,No,No,No,No,No,No
ca_loirehauteloire,Crédit Agricole de Loire Haute-Loire,CEETFR21XXX,LIVE,FR,,true,Yes,Yes,Yes,No,No,Yes,Yes,No,Yes,Yes,No,No,No,No,No,No,Yes,Yes,No,No,No,No,No,No,No
ca_lorraine,Crédit Agricole de Lorraine,CGERFR21XXX,LIVE,FR,,true,Yes,Yes,Yes,No,No,Yes,Yes,No,Yes,Yes,No,No,No,No,No,No,Yes,Yes,No,No,No,No,No,No,No
ca_martinique,Crédit Agricole de la Martinique et de la Guyane,AGRIMQMXXXX,LIVE,FR,,true,Yes,Yes,Yes,No,No,Yes,Yes,No,Yes,Yes,No,No,No,No,No,No,Yes,Yes,No,No,No,No,No,No,No
ca_morbihan,Crédit Agricole du Morbihan,CGELFR21XXX,LIVE,FR,,true,Yes,Yes,Yes,No,No,Yes,Yes,No,Yes,Yes,No,No,No,No,No,No,Yes,Yes,No,No,No,No,No,No,No
ca_nmp,Crédit Agricole Nord Midi-Pyrénées,CEDNFR21XXX,LIVE,FR,,true,Yes,Yes,Yes,No,No,Yes,Yes,No,Yes,Yes,No,No,No,No,No,No,Yes,Yes,No,No,No,No,No,No,No
ca_nord_est,Crédit Agricole du Nord Est,CEDLFR21XXX,LIVE,FR,,true,Yes,Yes,Yes,No,No,Yes,Yes,No,Yes,Yes,No,No,No,No,No,No,Yes,Yes,No,No,No,No,No,No,No
ca_norddefrance,Crédit Agricole de Nord De France,AGRIFRCC867,LIVE,FR,,true,No,Yes,Yes,No,No,Yes,Yes,No,Yes,Yes,No,No,No,No,No,No,Yes,Yes,No,No,No,No,No,No,No
ca_normandie,Crédit Agricole de Normandie,CGRRFR21XXX,LIVE,FR,,true,Yes,Yes,Yes,No,No,Yes,Yes,No,Yes,Yes,No,No,No,No,No,No,Yes,Yes,No,No,No,No,No,No,No
ca_normandie_seine,Crédit Agricole de Normandie-Seine,CGRRFR21XXX,LIVE,FR,,true,Yes,Yes,Yes,No,No,Yes,Yes,No,Yes,Yes,No,No,No,No,No,No,Yes,Yes,No,No,No,No,No,No,No
ca_pca,Crédit Agricole de Provence Côtes d'Azur,AGRIMCM1XXX,LIVE,FR,,true,Yes,Yes,Yes,No,No,Yes,Yes,No,Yes,Yes,No,No,No,No,No,No,Yes,Yes,No,No,No,No,No,No,No
ca_pyrenees_gascogne,Crédit Agricole Pyrénées Gascogne,CGRTFR21XXX,LIVE,FR,,true,Yes,Yes,Yes,No,No,Yes,Yes,No,Yes,Yes,No,No,No,No,No,No,Yes,Yes,No,No,No,No,No,No,No
ca_reunion,Crédit Agricole de la Réunion,AGRIRERXXXX,LIVE,FR,,true,Yes,Yes,Yes,No,No,Yes,Yes,No,Yes,Yes,No,No,No,No,No,No,Yes,Yes,No,No,No,No,No,No,No
ca_sudmed,Crédit Agricole Sud Méditerranée,AGRIESB1XXX,LIVE,FR,,true,Yes,Yes,Yes,No,No,Yes,Yes,No,Yes,Yes,No,No,No,No,No,No,Yes,Yes,No,No,No,No,No,No,No
ca_sudrhonealpes,Crédit Agricole Sud Rhône-Alpes,AGRIFRPPMEZ,LIVE,FR,,true,Yes,Yes,Yes,No,No,Yes,Yes,No,Yes,Yes,No,No,No,No,No,No,Yes,Yes,No,No,No,No,No,No,No
ca_toulouse31,Crédit Agricole Toulouse31,AGRIFRPP831,LIVE,FR,,true,Yes,Yes,Yes,No,No,Yes,Yes,No,Yes,Yes,No,No,No,No,No,No,Yes,Yes,No,No,No,No,No,No,No
ca_tourainepoitou,Crédit Agricole de la Touraine et du Poitou,AGRIFRPP894,LIVE,FR,,true,Yes,Yes,Yes,No,No,Yes,Yes,No,Yes,Yes,No,No,No,No,No,No,Yes,Yes,No,No,No,No,No,No,No
ca_valdefrance,Crédit Agricole Val De France,AGRIFRPPVAI,LIVE,FR,,true,Yes,Yes,Yes,No,No,Yes,Yes,No,Yes,Yes,No,No,No,No,No,No,Yes,Yes,No,No,No,No,No,No,No
caisse-d-epargne-aquitaine-poitou-charentes,Caisse d Epargne Aquitaine Poitou-Charentes,CEPAFRPP333,LIVE,FR,,true,No,Yes,Yes,Yes,No,Yes,Yes,No,Yes,Yes,Yes,Yes,No,No,No,No,No,Yes,No,No,No,No,No,No,No
caisse-d-epargne-auvergne-et-limousin,Caisse d Epargne Auvergne et Limousin,CEPAFRPP871,LIVE,FR,,true,No,Yes,Yes,Yes,No,Yes,Yes,No,Yes,Yes,Yes,Yes,No,No,No,No,No,Yes,No,No,No,No,No,No,No
caisse-d-epargne-bourgogne-franche-comte,Caisse d Epargne Bourgogne Franche-Comte,CEPAFRPP213,LIVE,FR,,true,No,Yes,Yes,Yes,No,Yes,Yes,No,Yes,Yes,Yes,Yes,No,No,No,No,No,Yes,No,No,No,No,No,No,No
caisse-d-epargne-bretagne-pays-de-loire,Caisse d Epargne Bretagne-Pays De Loire,CEPAFRPP444,LIVE,FR,,true,No,Yes,Yes,Yes,No,Yes,Yes,No,Yes,Yes,Yes,Yes,No,No,No,No,No,Yes,No,No,No,No,No,No,No
caisse-d-epargne-cote-d-azur,Caisse d Epargne Cote d Azur,CEPAFRPP831,LIVE,FR,,true,No,Yes,Yes,Yes,No,Yes,Yes,No,Yes,Yes,Yes,Yes,No,No,No,No,No,Yes,No,No,No,No,No,No,No
caisse-d-epargne-grand-est-europe,Caisse d Epargne Grand Est Europe,CEPAFRPP513,LIVE,FR,,true,No,Yes,Yes,Yes,No,Yes,Yes,No,Yes,Yes,Yes,Yes,No,No,No,No,No,Yes,No,No,No,No,No,No,No
caisse-d-epargne-hauts-de-france,Caisse d Epargne Hauts de France,CEPAFRPP627,LIVE,FR,,true,No,Yes,Yes,Yes,No,Yes,Yes,No,Yes,Yes,Yes,Yes,No,No,No,No,No,Yes,No,No,No,No,No,No,No
caisse-d-epargne-languedoc-roussillon,Caisse d Epargne Languedoc-Roussillon,CEPAFRPP348,LIVE,FR,,true,No,Yes,Yes,Yes,No,Yes,Yes,No,Yes,Yes,Yes,Yes,No,No,No,No,No,Yes,No,No,No,No,No,No,No
caisse-d-epargne-lle-de-france,Caisse d Epargne Ile De France,CEPAFRPP751,LIVE,FR,,true,No,Yes,Yes,Yes,No,Yes,Yes,No,Yes,Yes,Yes,Yes,No,No,No,No,No,Yes,No,No,No,No,No,No,No
caisse-d-epargne-loire-centre,Caisse d Epargne Loire-Centre,CEPAFRPP450,LIVE,FR,,true,No,Yes,Yes,Yes,No,Yes,Yes,No,Yes,Yes,Yes,Yes,No,No,No,No,No,Yes,No,No,No,No,No,No,No
caisse-d-epargne-loire-drome-ardeche,Caisse d Epargne Loire Drôme Ardèche,CEPAFRPP426,LIVE,FR,,true,No,Yes,Yes,Yes,No,Yes,Yes,No,Yes,Yes,Yes,Yes,No,No,No,No,No,Yes,No,No,No,No,No,No,No
caisse-d-epargne-midi-pyrenees,Caisse d Epargne Midi-Pyrenees,CEPAFRPP313,LIVE,FR,,true,No,Yes,Yes,Yes,No,Yes,Yes,No,Yes,Yes,Yes,Yes,No,No,No,No,No,Yes,No,No,No,No,No,No,No
caisse-d-epargne-normandie,Caisse d Epargne Normandie,CEPAFRPP142,LIVE,FR,,true,No,Yes,Yes,Yes,No,Yes,Yes,No,Yes,Yes,Yes,Yes,No,No,No,No,No,Yes,No,No,No,No,No,No,No
caisse-d-epargne-provence-alpes-corse,Caisse d Epargne Provence Alpes Corse,CEPAFRPP131,LIVE,FR,,true,No,Yes,Yes,Yes,No,Yes,Yes,No,Yes,Yes,Yes,Yes,No,No,No,No,No,Yes,No,No,No,No,No,No,No
caisse-d-epargne-rhone-alpes,Caisse d Epargne Rhône Alpes,CEPAFRPP382,LIVE,FR,,true,No,Yes,Yes,Yes,No,Yes,Yes,No,Yes,Yes,Yes,Yes,No,No,No,No,No,Yes,No,No,No,No,No,No,No
caixa-central-de-credito-agricola-mutuo,"Caixa Central De Credito Agricola Mutuo, CRL",CCCMPTPL,LIVE,PT,,true,Yes,Yes,Yes,Yes,No,Yes,No,No,Yes,Yes,Yes,Yes,No,Yes,No,No,Yes,Yes,No,No,No,No,No,No,No
caixa-central-de-credito-agricola-mutuo-sandbox,"Caixa Central De Credito Agricola Mutuo, CRL - Sandbox",CCCMPTPL,SANDBOX,PT,,true,Yes,Yes,Yes,Yes,No,Yes,No,No,Yes,Yes,Yes,Yes,No,Yes,No,No,Yes,Yes,No,No,No,No,No,No,No
caixa-de-credito-agricola-mutuo-da-chamusca,"Caixa De Credito Agricola Mutuo Da Chamusca, CRL",CCCHPTP1XXX,LIVE,PT,,true,Yes,Yes,Yes,Yes,No,Yes,No,No,Yes,No,Yes,Yes,No,No,No,No,No,Yes,No,No,No,No,No,No,No
caixa-de-credito-agricola-mutuo-da-chamusca-sandbox,"Caixa De Credito Agricola Mutuo Da Chamusca, CRL",CCCHPTP1XXX,SANDBOX,PT,,true,Yes,Yes,Yes,Yes,No,Yes,No,No,Yes,No,Yes,Yes,No,No,No,No,No,Yes,No,No,No,No,No,No,No
caixa-de-credito-agricola-mutuo-de-bombarral,"Caixa De Credito Agricola Mutuo De Bombarral, CRL",CERTPTP1XXX,LIVE,PT,,true,Yes,Yes,Yes,Yes,No,Yes,No,No,Yes,No,Yes,No,No,No,No,No,No,Yes,No,No,No,No,No,No,No
caixa-de-credito-agricola-mutuo-de-bombarral-sandbox,"Caixa De Credito Agricola Mutuo De Bombarral, CRL - Sandbox",CERTPTP1XXX,SANDBOX,PT,,true,Yes,Yes,Yes,Yes,No,Yes,No,No,Yes,No,Yes,No,No,No,No,No,No,Yes,No,No,No,No,No,No,No
caixa-de-credito-agricola-mutuo-de-leriria-crl,"Caixa De Credito Agricola Mutuo De Leiria, CRL",CDCTPTP2XXX,LIVE,PT,,true,Yes,Yes,Yes,Yes,No,Yes,No,No,Yes,No,Yes,No,No,No,No,No,Yes,Yes,No,No,No,No,No,No,No
caixa-de-credito-agricola-mutuo-de-leriria-crl-sandbox,"Caixa De Credito Agricola Mutuo De Leiria, CRL - Sandbox",CDCTPTP2XXX,SANDBOX,PT,,true,Yes,Yes,Yes,Yes,No,Yes,No,No,Yes,No,Yes,No,No,No,No,No,Yes,Yes,No,No,No,No,No,No,No
caixa-de-credito-agricola-mutuo-de-mafra,"Caixa De Credito Agricola Mutuo De Mafra, CRL",CDOTPTP1XXX,LIVE,PT,,true,Yes,Yes,Yes,Yes,No,Yes,No,No,Yes,No,Yes,No,No,No,No,No,No,Yes,No,No,No,No,No,No,No
caixa-de-credito-agricola-mutuo-de-mafra-sandbox,"Caixa De Credito Agricola Mutuo De Mafra, CRL -Sandbox",CDOTPTP1XXX,SANDBOX,PT,,true,Yes,Yes,Yes,Yes,No,Yes,No,No,Yes,No,Yes,No,No,No,No,No,No,Yes,No,No,No,No,No,No,No
caixa-de-credito-agricola-mutuo-de-torres-vedras,"Caixa De Credito Agricola Mutuo De Torres Vedras, CRL",CTIUPTP1XXX,LIVE,PT,,true,Yes,Yes,Yes,Yes,No,Yes,No,No,Yes,No,Yes,Yes,No,No,No,No,No,Yes,No,No,No,No,No,No,No
caixa-de-credito-agricola-mutuo-de-torres-vedras-sandbox,"Caixa De Credito Agricola Mutuo De Torres Vedras, CRL -Sandbox",CTIUPTP1XXX,SANDBOX,PT,,true,Yes,Yes,Yes,Yes,No,Yes,No,No,Yes,No,Yes,Yes,No,No,No,No,No,Yes,No,No,No,No,No,No,No
caixa-economica-da-misericordia-de-angra-do-heroismo,"Caixa Economica Da Misericordia De Angra Do Heroisma, CRL",CEMAPTP2XXX,LIVE,PT,,true,Yes,Yes,Yes,Yes,No,Yes,No,No,Yes,No,Yes,Yes,No,No,No,No,Yes,Yes,No,No,No,No,No,No,No
caixa-economica-da-misericordia-de-angra-do-heroismo-sandbox,"Caixa Economica Da Misericordia De Angra Do Heroisma, CRL -Sandbox",CEMAPTP2XXX,SANDBOX,PT,,true,Yes,Yes,Yes,Yes,No,Yes,No,No,Yes,No,Yes,Yes,No,No,No,No,Yes,Yes,No,No,No,No,No,No,No
caixa-economica-montepio-geral,Caixa Economica Montepio Geral,MPIOPTPLXXX,LIVE,PT,,true,Yes,Yes,Yes,Yes,No,Yes,No,No,Yes,Yes,Yes,Yes,No,Yes,No,No,Yes,Yes,No,No,No,No,No,No,No
caixa-economica-montepio-geral-sandbox,Caixa Economica Montepio Geral -Sandbox,MPIOPTPLXXX,SANDBOX,PT,,true,Yes,Yes,Yes,Yes,No,Yes,No,No,Yes,Yes,Yes,Yes,No,Yes,No,No,Yes,Yes,No,No,No,No,No,No,No
caixa-geral-de-depositos,Caixa Geral De Depositos SA,CGDIPTPL,LIVE,PT,,true,Yes,Yes,Yes,No,No,Yes,No,No,Yes,Yes,Yes,Yes,No,Yes,No,No,Yes,Yes,No,No,No,No,No,No,No
caixa-geral-de-depositos-france,CAIXA GERAL DE DEPOSITOS FRANCE,CGDIFRPPXXX,LIVE,FR,,true,Yes,Yes,Yes,Yes,No,Yes,No,No,Yes,No,Yes,No,No,No,No,No,No,Yes,No,No,No,No,No,No,No
caixa-geral-de-depositos-france-sandbox,CAIXA GERAL DE DEPOSITOS FRANCE SANDBOX,CGDIFRPPXXX,SANDBOX,FR,,true,Yes,Yes,Yes,Yes,No,Yes,No,No,Yes,No,Yes,No,No,No,No,No,No,Yes,No,No,No,No,No,No,No
caixa-geral-de-depositos-sandbox,Caixa Geral De Depositos SA -Sandbox,CGDIPTPL,SANDBOX,PT,,true,Yes,Yes,Yes,Yes,No,Yes,No,No,Yes,Yes,Yes,Yes,No,Yes,No,No,Yes,Yes,No,No,No,No,No,No,No
caixa_almenara,Caixa Rural de Almenara,CCRIES2A095,LIVE,ES,,true,Yes,Yes,Yes,Yes,No,Yes,No,No,Yes,Yes,Yes,Yes,No,Yes,No,No,No,No,Yes,No,No,No,No,No,No
caixa_rural_altea,Caixa Rural Altea,CCRIES2A045,LIVE,ES,,true,Yes,Yes,Yes,Yes,No,Yes,No,No,Yes,Yes,Yes,Yes,No,Yes,No,No,No,No,Yes,No,No,No,No,No,No
caixa_rural_burriana,Caixa Rural Burriana,CCRIES2A112,LIVE,ES,,true,Yes,Yes,Yes,Yes,No,Yes,No,No,Yes,Yes,Yes,Yes,No,Yes,No,No,No,No,Yes,No,No,No,No,No,No
caixa_rural_nules,Caixa Rural Nules,CCRIES2A135,LIVE,ES,,true,Yes,Yes,Yes,Yes,No,Yes,No,No,Yes,Yes,Yes,Yes,No,Yes,No,No,No,No,Yes,No,No,No,No,No,No
caixa_sant_vicent,Caixa Rural San Vicent Ferrer de Vall d'Uixó,CCRIES2A102,LIVE,ES,,true,Yes,Yes,Yes,Yes,No,Yes,No,No,Yes,Yes,Yes,Yes,No,Yes,No,No,No,No,Yes,No,No,No,No,No,No
caixa_torrent,Caixa Rural Torrent,CCRIES2A118,LIVE,ES,,true,Yes,Yes,Yes,Yes,No,Yes,No,No,Yes,Yes,Yes,Yes,No,Yes,No,No,No,No,Yes,No,No,No,No,No,No
caixa_vila_real,Caixa Rural de Vila-real,CCRIES2A110,LIVE,ES,,true,Yes,Yes,Yes,Yes,No,Yes,No,No,Yes,Yes,Yes,Yes,No,Yes,No,No,No,No,Yes,No,No,No,No,No,No
caixa_vilafames,Caixa Rural Vilafamés,CCRIES2A165,LIVE,ES,,true,Yes,Yes,Yes,Yes,No,Yes,No,No,Yes,Yes,Yes,Yes,No,Yes,No,No,No,No,Yes,No,No,No,No,No,No
caixa_vilavell,Caixa Rural Vilavella,CCRIES2A160,LIVE,ES,,true,Yes,Yes,Yes,Yes,No,Yes,No,No,Yes,Yes,Yes,Yes,No,Yes,No,No,No,No,Yes,No,No,No,No,No,No
caixa_xilxes,Caixa Rural Xilxes,CCRIES2A157,LIVE,ES,,true,Yes,Yes,Yes,Yes,No,Yes,No,No,Yes,Yes,Yes,Yes,No,Yes,No,No,No,No,Yes,No,No,No,No,No,No
caixaalqueries,Caixaalqueries,CCRIES2A119,LIVE,ES,,true,Yes,Yes,Yes,Yes,No,Yes,No,No,Yes,Yes,Yes,Yes,No,Yes,No,No,No,No,Yes,No,No,No,No,No,No
caixabank,Caixa Bank,CAIXESBBXXX,LIVE,ES,,true,Yes,Yes,Yes,Yes,No,Yes,No,No,Yes,Yes,Yes,Yes,No,Yes,No,No,No,No,Yes,No,No,No,No,No,No
caixacallosa,Caixacallosa,CCRIES2A105,LIVE,ES,,true,Yes,Yes,Yes,Yes,No,Yes,No,No,Yes,Yes,Yes,Yes,No,Yes,No,No,No,No,Yes,No,No,No,No,No,No
caixapetrer,Caixapetrer,CCRIES2A029,LIVE,ES,,true,Yes,Yes,Yes,Yes,No,Yes,No,No,Yes,Yes,Yes,Yes,No,Yes,No,No,No,No,Yes,No,No,No,No,No,No
caixaturis,Caixaturís,CCRIES2A123,LIVE,ES,,true,Yes,Yes,Yes,Yes,No,Yes,No,No,Yes,Yes,Yes,Yes,No,Yes,No,No,No,No,Yes,No,No,No,No,No,No
caja_rural_de_alginet,Caixa Rural d'Alginet,CCRIES2A179,LIVE,ES,,true,Yes,Yes,Yes,Yes,No,Yes,No,No,Yes,Yes,Yes,Yes,No,Yes,No,No,No,No,Yes,No,No,No,No,No,No
caja_rural_de_cheste,Caja Rural de Cheste,CCRIES2A121,LIVE,ES,,true,Yes,Yes,Yes,Yes,No,Yes,No,No,Yes,Yes,Yes,Yes,No,Yes,No,No,No,No,Yes,No,No,No,No,No,No
caja_rural_de_villar,Caja Rural de Villar,CCRIES2A152,LIVE,ES,,true,Yes,Yes,Yes,Yes,No,Yes,No,No,Yes,Yes,Yes,Yes,No,Yes,No,No,No,No,Yes,No,No,No,No,No,No
cajamar_caja_rural,Cajamar Caja Rural,CCRIES2AXXX,LIVE,ES,,true,Yes,Yes,Yes,Yes,No,Yes,No,No,Yes,Yes,Yes,Yes,No,Yes,No,No,No,No,Yes,No,No,No,No,No,No
campo-di-trens,RAIFFEISENKASSE FREIENFELD CASSA RAIFFEISEN CAMPO DI TRENS,RZSBIT21XXX,LIVE,IT,,true,Yes,Yes,Yes,Yes,No,Yes,No,No,Yes,Yes,Yes,Yes,No,Yes,No,Yes,Yes,Yes,No,No,No,No,No,No,No
capitalone_uk,Capital One,BOFSGB21126,LIVE,GB,,true,No,Yes,Yes,No,No,Yes,No,No,No,No,No,No,No,No,No,No,No,Yes,No,No,No,No,No,No,No
capitalone_uk-sandbox,Capital One UK Sandbox,BOFSGB21126,SANDBOX,GB,,true,No,Yes,Yes,No,No,Yes,No,No,No,No,No,No,No,No,No,No,No,Yes,No,No,No,No,No,No,No
capitalontap,Capital On Tap,CTAPGB22XXX,LIVE,GB,,true,No,Yes,Yes,Yes,No,Yes,No,No,No,No,No,No,No,No,No,No,No,Yes,No,No,No,No,No,No,No
cashplus,Zempler Bank (Formerly Cashplus),NWBKGB2L,LIVE,GB,,true,Yes,No,Yes,No,No,Yes,No,No,Yes,No,Yes,Yes,No,No,No,No,No,Yes,No,No,No,No,No,No,No
cashplus-sandbox,Zempler Bank Sandbox,NWBKGB2L,SANDBOX,GB,,true,No,No,Yes,No,No,Yes,No,No,Yes,No,Yes,Yes,No,No,No,No,No,Yes,No,No,No,No,No,No,No
cassa_risparmio_bolzano,Cassa di Risparmio di Bolzano,CRBZIT2B003,LIVE,IT,,true,Yes,Yes,Yes,Yes,No,Yes,No,No,Yes,Yes,No,Yes,No,Yes,No,No,No,No,Yes,No,No,No,No,No,No
cassalombarda_it,Cassa Lombarda,CRBZIT2B003,LIVE,IT,,true,Yes,Yes,Yes,Yes,No,Yes,No,No,Yes,Yes,No,Yes,No,Yes,No,No,No,No,Yes,No,No,No,No,No,No
cassasovvenzioni_it,Cassa di Sovvenzioni e Risparmio,CRBZIT2B003,LIVE,IT,,true,Yes,Yes,Yes,Yes,No,Yes,No,No,Yes,Yes,No,Yes,No,Yes,No,No,No,No,Yes,No,No,No,No,No,No
castelrotto-ortisei,RAIFFEISENKASSE KASTELRUTH-ST ULRICH CASSA RAIFFEISEN CASTELROTTO-ORTISEI,RZSBIT21XXX,LIVE,IT,,true,Yes,Yes,Yes,Yes,No,Yes,No,No,Yes,Yes,Yes,Yes,No,Yes,No,Yes,Yes,Yes,No,No,No,No,No,No,No
caterallen,Cater Allen,CATEGB21XXX,LIVE,GB,,true,Yes,Yes,Yes,No,No,Yes,No,Yes,No,No,No,No,No,No,No,No,No,Yes,No,No,No,No,No,No,No
cbc_belgium,CBC Belgium,CREGBEBBTGT,LIVE,BE,,true,Yes,Yes,Yes,Yes,No,Yes,No,No,Yes,No,Yes,Yes,No,No,No,No,No,Yes,No,No,No,No,No,No,No
chase_uk,Chase UK,CHASGB2LXXX,LIVE,GB,,true,No,Yes,Yes,Yes,No,Yes,Yes,No,Yes,No,Yes,Yes,No,No,No,No,No,Yes,No,No,No,No,No,No,No
chelseabuildingsociety,Chelsea Building Society,CHELGB21XXX,LIVE,GB,,true,No,Yes,Yes,No,No,Yes,Yes,No,Yes,No,No,Yes,No,No,No,No,No,Yes,No,No,No,No,No,No,No
cic,Crédit Industriel et Commercial,CMCIFRPPXXX,LIVE,FR,,true,Yes,Yes,Yes,Yes,No,Yes,Yes,No,Yes,Yes,Yes,Yes,No,No,No,No,No,Yes,No,No,No,No,No,No,No
cic-sandbox,Crédit Industriel et Commercial Sandbox,CMCIFRPPXXX,SANDBOX,FR,,true,Yes,Yes,Yes,Yes,No,Yes,Yes,No,Yes,Yes,Yes,Yes,No,No,No,No,No,Yes,No,No,No,No,No,No,No
clanq_de,Clanq,PSSTFRPPPAR,LIVE,DE,,true,Yes,Yes,Yes,Yes,No,Yes,No,No,Yes,No,No,Yes,No,No,No,No,Yes,Yes,No,No,No,No,No,No,No
cmm-grand-ouest,CMM Grand Ouest,CCBPFRPPNAN,LIVE,FR,,true,No,Yes,Yes,Yes,No,Yes,Yes,No,Yes,Yes,Yes,Yes,No,No,No,No,No,Yes,No,No,No,No,No,No,No
cmm-littoral-du-sud-ouest,CMM Littoral du Sud Ouest,CCBPFRPP169,LIVE,FR,,true,No,Yes,Yes,Yes,No,Yes,Yes,No,Yes,Yes,Yes,Yes,No,No,No,No,No,Yes,No,No,No,No,No,No,No
cofidis,Cofidis,CFFIPTP1XXX,LIVE,PT,,true,Yes,Yes,Yes,Yes,No,Yes,No,No,Yes,No,No,No,No,No,No,No,No,Yes,No,No,No,No,No,No,No
cofidis-sandbox,Cofidis -Sandbox,CFFIPTP1XXX,SANDBOX,PT,,true,Yes,Yes,Yes,Yes,No,Yes,No,No,Yes,No,No,No,No,No,No,No,No,Yes,No,No,No,No,No,No,No
colonya,Colonya Caixa Pollença,CECAESMM056,LIVE,ES,,true,Yes,Yes,Yes,Yes,No,Yes,No,No,Yes,Yes,Yes,Yes,No,Yes,No,No,No,No,Yes,No,No,No,No,No,No
comdirectbank,Comdirect bank AG,COBADEHDXXX,LIVE,DE,,true,No,Yes,Yes,Yes,No,Yes,No,No,Yes,Yes,No,Yes,No,Yes,No,Yes,No,Yes,No,No,No,No,No,No,No
commerzbank,Commerzbank AG,COBADEFFXXX,LIVE,DE,,true,Yes,Yes,Yes,Yes,No,Yes,No,No,Yes,Yes,No,Yes,No,Yes,No,No,Yes,Yes,No,No,No,No,No,No,No
commerzbank-sandbox,Commerzbank AG Sandbox,COBADEFFXXX,SANDBOX,DE,,true,Yes,Yes,Yes,Yes,No,Yes,No,No,Yes,Yes,No,Yes,No,Yes,No,No,Yes,Yes,No,No,No,No,No,No,No
consorsbank,Consorsbank by BNP PARIBAS,CSDBDE7NXXX,LIVE,DE,,true,Yes,Yes,Yes,Yes,No,Yes,No,No,Yes,No,No,Yes,No,No,No,No,No,Yes,No,No,No,No,No,No,No
coop-sandbox_dk,Coop Bank Sandbox,FDDDDK21,SANDBOX,DK,coop-sandbox_dk,true,Yes,Yes,Yes,Yes,No,Yes,No,No,Yes,Yes,Yes,Yes,No,Yes,Yes,No,Yes,Yes,No,No,No,No,No,No,No
coop_dk,Coop Bank,FDDDDK21,LIVE,DK,coop_dk,true,Yes,Yes,Yes,Yes,No,Yes,No,No,Yes,Yes,Yes,Yes,No,Yes,Yes,No,Yes,Yes,No,No,No,No,No,No,No
cooperative-personal,Cooperative Personal,CPBKGB22XXX,LIVE,GB,,true,No,Yes,Yes,Yes,No,Yes,Yes,No,No,No,No,No,No,No,No,No,No,Yes,No,No,No,No,No,No,No
cooperative-smile,Cooperative Smile,CPBKGB22XXX,LIVE,GB,,true,No,Yes,Yes,Yes,No,Yes,Yes,No,No,No,No,No,No,No,No,No,No,Yes,No,No,No,No,No,No,No
cooperativebank,Cooperative Bank (Business),CPBKGB22XXX,LIVE,GB,,true,Yes,Yes,Yes,Yes,No,Yes,No,No,No,No,No,No,No,No,No,No,No,Yes,No,No,No,No,No,No,No
cooperativebank-sandbox,Cooperative Bank Sandbox,CPBKGB22XXX,SANDBOX,GB,,true,Yes,Yes,Yes,Yes,No,Yes,No,No,No,No,No,No,No,No,No,No,No,Yes,No,No,No,No,No,No,No
courtois-sandbox,Courtois Bank Sandbox,COURFR2TXXX,SANDBOX,FR,credit-du-nord,true,Yes,Yes,Yes,Yes,No,Yes,Yes,No,Yes,Yes,Yes,No,No,No,No,No,No,Yes,No,No,No,No,No,No,No
coutts,Coutts & Company,COUTGB22XXX,LIVE,GB,,true,Yes,Yes,Yes,Yes,No,Yes,No,No,Yes,No,Yes,No,No,Yes,Yes,Yes,Yes,Yes,No,No,No,No,No,No,No
coutts-clearspend,Coutts ClearSpend,,LIVE,GB,,true,No,Yes,Yes,Yes,No,Yes,No,Yes,No,No,No,No,No,No,No,No,No,Yes,No,No,No,No,No,No,No
cr_albal,Caja Rural de Albal,BCOEESMM150,LIVE,ES,,true,Yes,Yes,Yes,Yes,No,Yes,No,No,Yes,Yes,Yes,Yes,No,Yes,No,No,No,No,Yes,No,No,No,No,No,No
cr_algemesi,Caja Rural de Algemesi,BCOEESMM117,LIVE,ES,,true,Yes,Yes,Yes,Yes,No,Yes,No,No,Yes,Yes,Yes,Yes,No,Yes,No,No,No,No,Yes,No,No,No,No,No,No
cr_asturias,Caja Rural de Asturias,BCOEESMM059,LIVE,ES,,true,Yes,Yes,Yes,Yes,No,Yes,No,No,Yes,Yes,Yes,Yes,No,Yes,No,No,No,No,Yes,No,No,No,No,No,No
cr_bcc_alta_vallagarinabesenello,"Cassa Rurale Alta Vallagarina di Besenello, Calliano, Nomi, Volano Banca di Credito Cooperativo-Società cooperatva",,LIVE,IT,,true,Yes,No,Yes,Yes,No,Yes,No,No,Yes,No,Yes,No,No,No,No,No,No,Yes,No,No,No,No,No,No,No
cr_bcc_alta_valsugana,Cassa Rurale di Ledro - Banca di Credito Cooperativo - Società coop.,,LIVE,IT,,true,Yes,No,Yes,Yes,No,Yes,No,No,Yes,No,Yes,No,No,No,No,No,No,Yes,No,No,No,No,No,No,No
cr_bcc_alto_garda,Cassa Rurale Alto Garda Banca di Credito Cooperativo,,LIVE,IT,,true,Yes,No,Yes,Yes,No,Yes,No,No,Yes,No,Yes,No,No,No,No,No,No,Yes,No,No,No,No,No,No,No
cr_bcc_artigiana_locorotondo,Banca di Credito Cooperativo di Locorotondo - Cassa Rurale ed Artigiana - Società cooperativa,,LIVE,IT,,true,Yes,No,Yes,Yes,No,Yes,No,No,Yes,No,Yes,No,No,No,No,No,No,Yes,No,No,No,No,No,No,No
cr_bcc_artigianafriuli_venezia_giulia,Credito Cooperativo - Cassa Rurale ed Artigiana del Friuli Venezia Giulia - Società cooperativa,,LIVE,IT,,true,Yes,No,Yes,Yes,No,Yes,No,No,Yes,No,Yes,No,No,No,No,No,No,Yes,No,No,No,No,No,No,No
cr_bcc_battipaglia_montecorvino_rovella,Cassa Rurale ed Artigiana - Banca di Credito Cooperativo di Battipaglia e Montecorvino Rovella - Società cooperativa,,LIVE,IT,,true,No,No,Yes,Yes,No,Yes,No,No,Yes,No,Yes,No,No,No,No,No,No,No,No,Yes,No,No,No,No,No
cr_bcc_binasco,Cassa Rurale ed Artigiana di Binasco - Credito Cooperativo - Società cooperativa,,LIVE,IT,,true,No,No,Yes,Yes,No,Yes,No,No,Yes,No,Yes,No,No,No,No,No,No,No,No,Yes,No,No,No,No,No
cr_bcc_cantu,Cassa Rurale ed Artigiana di Cantu' Banca di Credito Cooperativo - Società cooperativa a responsabilità limitata,,LIVE,IT,,true,No,No,Yes,Yes,No,Yes,No,No,Yes,No,Yes,No,No,No,No,No,No,No,No,Yes,No,No,No,No,No
cr_bcc_della_bassa_valsugana,Cassa Rurale Valsugana e Tesino - Banca di Credito Cooperativo -  Società cooperativa,,LIVE,IT,,true,Yes,No,Yes,Yes,No,Yes,No,No,Yes,No,Yes,No,No,No,No,No,No,Yes,No,No,No,No,No,No,No
cr_bcc_dolomitifassa_primiero_belluno,Cassa Rurale Dolomiti di Fassa Primiero e Belluno B.C.C.,,LIVE,IT,,true,Yes,No,Yes,Yes,No,Yes,No,No,Yes,No,Yes,No,No,No,No,No,No,Yes,No,No,No,No,No,No,No
cr_bcc_ed_artigianaboves,Cassa Rurale ed Artigiana di Boves - Banca di Credito Cooperativo - Società cooperativa,,LIVE,IT,,true,Yes,No,Yes,Yes,No,Yes,No,No,Yes,No,Yes,No,No,No,No,No,No,Yes,No,No,No,No,No,No,No
cr_bcc_ed_artigianacortina_ampezzo,Cassa Rurale ed Artigiana di Cortina d'Ampezzo e delle Dolomiti - Credito Cooperativo - Società cooperativa,,LIVE,IT,,true,Yes,No,Yes,Yes,No,Yes,No,No,Yes,No,Yes,No,No,No,No,No,No,Yes,No,No,No,No,No,No,No
cr_bcc_erchie_br,Credito Cooperativo Cassa Rurale ed Artigiana di Erchie BR  - Società cooperativa,,LIVE,IT,,true,No,No,Yes,Yes,No,Yes,No,No,Yes,No,Yes,No,No,No,No,No,No,No,No,Yes,No,No,No,No,No
cr_bcc_ledro,Cassa Rurale Vallagarina - Banca di Credito Cooperativo di Treviglio - Societa' Cooperativa,,LIVE,IT,,true,Yes,No,Yes,Yes,No,Yes,No,No,Yes,No,Yes,No,No,No,No,No,No,Yes,No,No,No,No,No,No,No
cr_bcc_novella_e_alta_anaunia,Cassa Rurale Novella e Alta Anaunia Banca di Credito Cooperativo - Società cooperativa,,LIVE,IT,,true,Yes,No,Yes,Yes,No,Yes,No,No,Yes,No,Yes,No,No,No,No,No,No,Yes,No,No,No,No,No,No,No
cr_bcc_paliano,Credito Cooperativo - Cassa Rurale ed Artigiana di Paliano (Frosinone) - Società cooperativa,,LIVE,IT,,true,No,No,Yes,Yes,No,Yes,No,No,Yes,No,Yes,No,No,No,No,No,No,No,No,Yes,No,No,No,No,No
cr_bcc_renon,Cassa Rurale Renon Societa' Cooperativa - Società cooperativa,,LIVE,IT,,true,Yes,No,Yes,Yes,No,Yes,No,No,Yes,No,Yes,No,No,No,No,No,No,Yes,No,No,No,No,No,No,No
cr_bcc_rivarolo_mantovano,Cassa Rurale ed Artigiana di Rivarolo Mantovano (Mantova)- Credito Cooperativo - Società cooperativa,,LIVE,IT,,true,No,No,Yes,Yes,No,Yes,No,No,Yes,No,Yes,No,No,No,No,No,No,No,No,Yes,No,No,No,No,No
cr_bcc_rotaliana_giovo,Cassa Rurale Rotaliana e Giovo BCC Società Cooperativa,,LIVE,IT,,true,Yes,No,Yes,Yes,No,Yes,No,No,Yes,No,Yes,No,No,No,No,No,No,Yes,No,No,No,No,No,No,No
cr_bcc_trento,Cassa Rurale di Trento Banca di Credito Cooperativo - Società cooperativa,,LIVE,IT,,true,Yes,No,Yes,Yes,No,Yes,No,No,Yes,No,Yes,No,No,No,No,No,No,Yes,No,No,No,No,No,No,No
cr_bcc_valfiemme,Banca di Credito Cooperativo Cassa Rurale di Val di Fiemme,,LIVE,IT,,true,Yes,No,Yes,Yes,No,Yes,No,No,Yes,No,Yes,No,No,No,No,No,No,Yes,No,No,No,No,No,No,No
cr_bcc_vallagarina,CR Adamello Giudicarie Valsabbia Paganella,,LIVE,IT,,true,Yes,No,Yes,Yes,No,Yes,No,No,Yes,No,Yes,No,No,No,No,No,No,Yes,No,No,No,No,No,No,No
cr_bcc_valnon,Cassa Rurale Val di Non BCC Soc. Coop.,,LIVE,IT,,true,Yes,No,Yes,Yes,No,Yes,No,No,Yes,No,Yes,No,No,No,No,No,No,Yes,No,No,No,No,No,No,No
cr_bcc_valsole,Cassa Rurale Val di Sole - Banca di Credito Cooperativo - Società cooperativa,,LIVE,IT,,true,Yes,No,Yes,Yes,No,Yes,No,No,Yes,No,Yes,No,No,No,No,No,No,Yes,No,No,No,No,No,No,No
cr_bcccastellana_grotte,Cassa Rurale ed Artigiana di Castellana Grotte - Credito Cooperativo - Società cooperativa,,LIVE,IT,,true,No,No,Yes,Yes,No,Yes,No,No,Yes,No,Yes,No,No,No,No,No,No,No,No,Yes,No,No,No,No,No
cr_caixapopular,Caixa Popular,BCOEESMM159,LIVE,ES,,true,Yes,Yes,Yes,Yes,No,Yes,No,No,Yes,Yes,Yes,Yes,No,Yes,No,No,No,No,Yes,No,No,No,No,No,No
cr_cajaviva,CajaViva,BCOEESMM060,LIVE,ES,,true,Yes,Yes,Yes,Yes,No,Yes,No,No,Yes,Yes,Yes,Yes,No,Yes,No,No,No,No,Yes,No,No,No,No,No,No
cr_casasibanez,Caja Rural de Casas Ibanez,BCOEESMM127,LIVE,ES,,true,Yes,Yes,Yes,Yes,No,Yes,No,No,Yes,Yes,Yes,Yes,No,Yes,No,No,No,No,Yes,No,No,No,No,No,No
cr_caxiaruralgalega,Caja Rural Galega,BCOEESMM070,LIVE,ES,,true,Yes,Yes,Yes,Yes,No,Yes,No,No,Yes,Yes,Yes,Yes,No,Yes,No,No,No,No,Yes,No,No,No,No,No,No
cr_delsur,Caja Rural del Sur,BCOEESMM187,LIVE,ES,,true,Yes,Yes,Yes,Yes,No,Yes,No,No,Yes,Yes,Yes,Yes,No,Yes,No,No,No,No,Yes,No,No,No,No,No,No
cr_extremadura,Caja rural de Extremadura,BCOEESMM009,LIVE,ES,,true,Yes,Yes,Yes,Yes,No,Yes,No,No,Yes,Yes,Yes,Yes,No,Yes,No,No,No,No,Yes,No,No,No,No,No,No
cr_gijon,Caja Rural de Gijón,BCOEESMM007,LIVE,ES,,true,Yes,Yes,Yes,Yes,No,Yes,No,No,Yes,No,Yes,Yes,No,Yes,No,No,No,No,Yes,No,No,No,No,No,No
cr_globalcaja,Globalcaja,BCOEESMM190,LIVE,ES,,true,Yes,Yes,Yes,Yes,No,Yes,No,No,Yes,No,Yes,Yes,No,Yes,No,No,No,No,Yes,No,No,No,No,No,No
cr_granada,Caja Rural Granada,BCOEESMM023,LIVE,ES,,true,Yes,Yes,Yes,Yes,No,Yes,No,No,Yes,No,Yes,Yes,No,Yes,No,No,No,No,Yes,No,No,No,No,No,No
cr_jaen,Caja Rural Jaen,BCOEESMM067,LIVE,ES,,true,Yes,Yes,Yes,Yes,No,Yes,No,No,Yes,No,Yes,Yes,No,Yes,No,No,No,No,Yes,No,No,No,No,No,No
cr_lalcudia,Caja Rural de Lalcudia,BCOEESMM096,LIVE,ES,,true,Yes,Yes,Yes,Yes,No,Yes,No,No,Yes,No,Yes,Yes,No,Yes,No,No,No,No,Yes,No,No,No,No,No,No
cr_navarra,Caja Rural De Navarra,BCOEESMM008,LIVE,ES,,true,Yes,Yes,Yes,Yes,No,Yes,No,No,Yes,No,Yes,Yes,No,Yes,No,No,No,No,Yes,No,No,No,No,No,No
cr_ruralnosta,Rural Nostra,BCOEESMM138,LIVE,ES,,true,Yes,Yes,Yes,Yes,No,Yes,No,No,Yes,No,Yes,Yes,No,Yes,No,No,No,No,Yes,No,No,No,No,No,No
cr_salamanca,Caja Rural de Salamanca,BCOEESMM016,LIVE,ES,,true,Yes,Yes,Yes,Yes,No,Yes,No,No,Yes,No,Yes,Yes,No,Yes,No,No,No,No,Yes,No,No,No,No,No,No
cr_sanisidrolescovesvinnorma,Caixa Rural les Coves,BCOEESMM166,LIVE,ES,,true,No,Yes,Yes,Yes,No,Yes,No,No,Yes,No,Yes,Yes,No,Yes,No,No,No,No,Yes,No,No,No,No,No,No
cr_sanjosealcora,Caja Rural Lalcora,BCOEESMM113,LIVE,ES,,true,Yes,Yes,Yes,Yes,No,Yes,No,No,Yes,No,Yes,Yes,No,Yes,No,No,No,No,Yes,No,No,No,No,No,No
cr_sanjosedealmassoracr_casasibanez,Caja Rural San José de Almassora,BCOEESMM130,LIVE,ES,,true,Yes,Yes,Yes,Yes,No,Yes,No,No,Yes,No,Yes,Yes,No,Yes,No,No,No,No,Yes,No,No,No,No,No,No
cr_soria,Caja Rural de Soria,BCOEESMM017,LIVE,ES,,true,Yes,Yes,Yes,Yes,No,Yes,No,No,Yes,No,Yes,Yes,No,Yes,No,No,No,No,Yes,No,No,No,No,No,No
cr_teruel,Caja Rural de Teruel,BCOEESMM080,LIVE,ES,,true,Yes,Yes,Yes,Yes,No,Yes,No,No,Yes,No,Yes,Yes,No,Yes,No,No,No,No,Yes,No,No,No,No,No,No
cr_villamalea,Caja Rural de Villamalea,BCOEESMM144,LIVE,ES,,true,Yes,Yes,Yes,Yes,No,Yes,No,No,Yes,No,Yes,Yes,No,Yes,No,No,No,No,Yes,No,No,No,No,No,No
cr_zamora,Caja Rural de Zamora,BCOEESMM085,LIVE,ES,,true,Yes,Yes,Yes,Yes,No,Yes,No,No,Yes,No,Yes,Yes,No,Yes,No,No,No,No,Yes,No,No,No,No,No,No
credem,Credito Emiliano - S.p.A. - Retail,BACRIT22XXX,LIVE,IT,,true,Yes,No,Yes,Yes,No,Yes,No,No,Yes,Yes,Yes,Yes,No,No,No,No,No,Yes,No,No,No,No,No,No,No
credem-sandbox,Credito Emiliano S.p.A. Sandbox,BACRIT22XXX,SANDBOX,IT,,true,No,No,Yes,Yes,No,Yes,No,No,Yes,Yes,Yes,No,No,No,No,No,No,Yes,No,No,No,No,No,No,No
credem_card,Credito Emiliano,BACRIT22XXX,LIVE,IT,,true,No,No,Yes,Yes,No,Yes,No,No,Yes,Yes,Yes,Yes,No,No,No,No,No,Yes,No,No,No,No,No,No,No
credem_corporate,Credito Emiliano - S.p.A. - Corporate,BACRIT22XXX,LIVE,IT,,true,Yes,No,Yes,Yes,No,Yes,No,No,Yes,Yes,Yes,Yes,No,No,No,No,No,Yes,No,No,No,No,No,No,No
credit-cooperatif,Credit Cooperatif,CCOPFRPPXXX,LIVE,FR,,true,No,Yes,Yes,Yes,No,Yes,Yes,No,Yes,Yes,Yes,Yes,No,No,No,No,No,Yes,No,No,No,No,No,No,No
credit_agricole_paris,Crédit Agricole de Paris et d'Ile-de-France,AGRIFRPP882,LIVE,FR,,true,Yes,Yes,Yes,No,No,Yes,Yes,No,Yes,Yes,No,No,No,No,No,No,Yes,Yes,No,No,No,No,No,No,No
creditlyonnais,Le Credit Lyonnais,CRLYFRPPXXX,LIVE,FR,creditlyonnais,true,Yes,Yes,Yes,Yes,No,Yes,Yes,No,No,No,No,No,No,No,No,No,No,Yes,No,No,No,No,No,No,No
creditlyonnais-business,Le Credit Lyonnais Business,CRLYFRPPXXX,LIVE,FR,creditlyonnais-business,true,Yes,Yes,Yes,Yes,No,Yes,Yes,No,No,No,No,No,No,No,No,No,No,Yes,No,No,No,No,No,No,No
creditlyonnais-business-sandbox,Le Credit Lyonnais Business sandbox,CRLYFRPPXXX,SANDBOX,FR,creditlyonnais-business-sandbox,true,Yes,Yes,Yes,Yes,No,Yes,Yes,No,No,No,No,No,No,No,No,No,No,Yes,No,No,No,No,No,No,No
creditlyonnais-sandbox,Le Credit Lyonnais sandbox,CRLYFRPPXXX,SANDBOX,FR,creditlyonnais-sandbox,true,Yes,Yes,Yes,Yes,No,Yes,Yes,No,No,No,No,No,No,No,No,No,No,Yes,No,No,No,No,No,No,No
creditmutuel,Credit Mutuel,CMCIFRPAXXX,LIVE,FR,,true,Yes,Yes,Yes,Yes,No,Yes,Yes,No,Yes,Yes,Yes,Yes,No,No,No,No,No,Yes,No,No,No,No,No,No,No
creditmutuel-bertagne,Crédit Mutuel de Bretagne,CMBRFR2BXXX,LIVE,FR,,true,Yes,Yes,Yes,Yes,No,Yes,Yes,No,Yes,Yes,Yes,Yes,No,No,No,No,Yes,Yes,No,No,No,No,No,No,No
creditmutuel-sandbox,Creditmutuel Sandbox,CMCIFRPAXXX,SANDBOX,FR,,true,Yes,Yes,Yes,Yes,No,Yes,Yes,No,Yes,Yes,Yes,Yes,No,No,No,No,No,Yes,No,No,No,No,No,No,No
creditmutuel-sud-ouest,Crédit Mutuel du Sud-Ouest,CMCIFRP1SBC,LIVE,FR,,true,Yes,Yes,Yes,Yes,No,Yes,Yes,No,Yes,Yes,Yes,Yes,No,No,No,No,Yes,Yes,No,No,No,No,No,No,No
creditosportivo_it,Istituto per il Credito Sportivo,CRBZIT2B003,LIVE,IT,,true,Yes,Yes,Yes,Yes,No,Yes,No,No,Yes,No,No,Yes,No,Yes,No,No,No,No,Yes,No,No,No,No,No,No
cronbank,Cronbank AG,GENODE51CRO,LIVE,DE,,true,No,Yes,Yes,Yes,No,Yes,No,No,Yes,Yes,No,No,No,No,No,No,Yes,No,No,Yes,No,No,No,No,No
cumberlandbuildingsociety,Cumberland Building Society,CMBSGB2AXXX,LIVE,GB,,true,Yes,Yes,Yes,No,No,Yes,Yes,No,Yes,No,Yes,Yes,No,No,No,No,No,Yes,No,No,No,No,No,No,No
cumberlandbuildingsociety-sandbox,Cumberland Building Society Sandbox,,SANDBOX,GB,,true,No,Yes,Yes,No,No,Yes,No,No,Yes,No,Yes,Yes,No,No,No,No,No,Yes,No,No,No,No,No,No,No
cvw-privatbank,CVW-Privatbank AG,GENODEF1WHD,LIVE,DE,,true,Yes,Yes,Yes,Yes,No,Yes,No,No,Yes,Yes,No,No,No,No,No,No,Yes,No,No,Yes,No,No,No,No,No
danskeandelskassers-sandbox_dk,Danske Andelskassers Bank A/S Sandbox,DANBDK22,SANDBOX,DK,danskeandelskassers-sandbox_dk,true,Yes,Yes,Yes,Yes,No,Yes,No,No,Yes,Yes,Yes,Yes,No,Yes,Yes,No,Yes,Yes,No,No,No,No,No,No,No
danskeandelskassers_dk,Danske Andelskassers Bank A/S,DANBDK22,LIVE,DK,danskeandelskassers_dk,true,Yes,Yes,Yes,Yes,No,Yes,No,No,Yes,Yes,Yes,Yes,No,Yes,Yes,No,Yes,Yes,No,No,No,No,No,No,No
danskebank_dk,Danske Bank - Denmark,,LIVE,DK,danskebank-eu-personal,true,No,Yes,Yes,No,No,Yes,No,No,Yes,No,Yes,Yes,No,Yes,Yes,No,Yes,Yes,No,No,No,No,No,No,No
danskebank_fi,Danske Bank - Finland,,LIVE,FI,danskebank-eu-personal,true,No,Yes,Yes,No,No,Yes,No,No,Yes,No,Yes,Yes,No,Yes,Yes,No,Yes,Yes,No,No,No,No,No,No,No
danskebank_no,Danske Bank - Norway,,LIVE,NO,danskebank-eu-personal,true,No,Yes,Yes,No,No,Yes,No,No,Yes,No,Yes,Yes,No,Yes,Yes,No,Yes,Yes,No,No,No,No,No,No,No
danskebank_se,Danske Bank - Sweden,,LIVE,SE,danskebank-eu-personal,true,No,Yes,Yes,No,No,Yes,No,No,Yes,No,Yes,Yes,No,Yes,Yes,No,Yes,Yes,No,No,No,No,No,No,No
danskebank_uk,Danske Bank,,LIVE,GB,,true,No,Yes,Yes,Yes,No,Yes,Yes,No,Yes,No,Yes,Yes,No,Yes,Yes,No,No,Yes,No,No,Yes,Yes,Yes,No,No
danskebankbusiness_dk,Danske Bank Business Denmark,,LIVE,DK,danskebank-eu-business,true,Yes,Yes,Yes,Yes,No,Yes,No,No,Yes,No,Yes,Yes,No,Yes,Yes,No,Yes,Yes,No,No,No,No,No,No,No
danskebankbusiness_fi,Danske Bank Business Finland,,LIVE,FI,danskebank-eu-business,true,Yes,Yes,Yes,Yes,No,Yes,No,No,Yes,No,Yes,Yes,No,Yes,Yes,No,Yes,Yes,No,No,No,No,No,No,No
danskebankbusiness_ie,Danske Bank Business Ireland,,LIVE,IE,danskebank-eu-business,true,Yes,Yes,Yes,Yes,No,Yes,No,No,Yes,No,Yes,Yes,No,Yes,Yes,No,Yes,Yes,No,No,No,No,No,No,No
danskebankbusiness_no,Danske Bank Business Norway,,LIVE,NO,danskebank-eu-business,true,Yes,Yes,Yes,Yes,No,Yes,No,No,Yes,No,Yes,Yes,No,Yes,Yes,No,Yes,Yes,No,No,No,No,No,No,No
danskebankbusiness_se,Danske Bank Business Sweden,,LIVE,SE,danskebank-eu-business,true,Yes,Yes,Yes,Yes,No,Yes,No,No,Yes,No,Yes,Yes,No,Yes,Yes,No,Yes,Yes,No,No,No,No,No,No,No
danskebankbusiness_uk,Danske Bank Business UK,,LIVE,GB,danskebank-ob-business,true,Yes,Yes,Yes,Yes,No,Yes,Yes,No,Yes,No,Yes,Yes,No,Yes,Yes,No,No,Yes,No,No,Yes,Yes,Yes,No,No
deine-volksbank,Volksbank Düsseldorf Neuss eG,GENODED1DNE,LIVE,DE,,true,Yes,Yes,Yes,Yes,No,Yes,No,No,Yes,Yes,No,No,No,No,No,No,Yes,No,No,Yes,No,No,No,No,No
dell-alto-adige,RAIFFEISEN LANDESBANK SUEDTIROL CASSA CENTRALE RAIFFEISEN DELL ALTO,RZSBIT21XXX,LIVE,IT,,true,Yes,Yes,Yes,Yes,No,Yes,No,No,Yes,Yes,Yes,Yes,No,Yes,No,Yes,Yes,Yes,No,No,No,No,No,No,No
della-val-passiria,RAIFFEISENKASSE PASSEIER CASSA RAIFFEISEN DELLA VAL PASSIRIA,RZSBIT21XXX,LIVE,IT,,true,Yes,Yes,Yes,Yes,No,Yes,No,No,Yes,Yes,Yes,Yes,No,Yes,No,Yes,Yes,Yes,No,No,No,No,No,No,No
della-valle-isarco,RAIFFEISENKASSE EISACKTAL CASSA RAIFFEISEN DELLA VALLE ISARCO,RZSBIT21XXX,LIVE,IT,,true,Yes,Yes,Yes,Yes,No,Yes,No,No,Yes,Yes,Yes,Yes,No,Yes,No,Yes,Yes,Yes,No,No,No,No,No,No,No
dervolksbanker,Volksbank Emmerich-Rees eG,GENODED1EMR,LIVE,DE,,true,Yes,Yes,Yes,Yes,No,Yes,No,No,Yes,Yes,No,No,No,No,No,No,Yes,No,No,Yes,No,No,No,No,No
dettinger-bank,Dettinger Bank eG,GENODES1DBE,LIVE,DE,,true,Yes,Yes,Yes,Yes,No,Yes,No,No,Yes,Yes,No,No,No,No,No,No,Yes,No,No,Yes,No,No,No,No,No
deutschebank-noris_de,norisbank,,LIVE,DE,,true,No,Yes,Yes,Yes,No,Yes,No,No,Yes,Yes,No,Yes,No,Yes,No,No,No,Yes,No,No,No,No,No,No,No
deutschebank-pfb_de,Deutsche Bank AG,,LIVE,DE,,true,Yes,Yes,Yes,Yes,No,Yes,No,No,Yes,Yes,No,Yes,No,Yes,No,No,No,Yes,No,No,No,No,No,No,No
deutschebank-sandbox,Deutsche Bank Sandbox,,SANDBOX,DE,,true,No,Yes,Yes,Yes,No,Yes,No,No,Yes,Yes,No,Yes,No,Yes,No,No,No,Yes,No,No,No,No,No,No,No
di-bolzano,RAIFFEISENKASSE BOZEN CASSA RURALE DI BOLZANO,RZSBIT21XXX,LIVE,IT,,true,Yes,Yes,Yes,Yes,No,Yes,No,No,Yes,Yes,Yes,Yes,No,Yes,No,Yes,Yes,Yes,No,No,No,No,No,No,No
di-brunico,RAIFFEISENKASSE BRUNECK CASSA RAIFFEISEN DI BRUNICO,RZSBIT21XXX,LIVE,IT,,true,Yes,Yes,Yes,Yes,No,Yes,No,No,Yes,Yes,Yes,Yes,No,Yes,No,Yes,Yes,Yes,No,No,No,No,No,No,No
di-dobbiaco,RAIFFEISENKASSE TOBLACH CASSA RAIFFEISEN DI DOBBIACO,RZSBIT21XXX,LIVE,IT,,true,Yes,Yes,Yes,Yes,No,Yes,No,No,Yes,Yes,Yes,Yes,No,Yes,No,Yes,Yes,Yes,No,No,No,No,No,No,No
di-funes,RAIFFEISENKASSE VILLNOSS CASSA RAIFFEISEN DI FUNES,RZSBIT21XXX,LIVE,IT,,true,Yes,Yes,Yes,Yes,No,Yes,No,No,Yes,Yes,Yes,Yes,No,Yes,No,Yes,Yes,Yes,No,No,No,No,No,No,No
di-lagundo,RAIFFEISENKASSE ALGUND CASSA RAIFFEISEN DI LAGUNDO,RZSBIT21XXX,LIVE,IT,,true,Yes,Yes,Yes,Yes,No,Yes,No,No,Yes,Yes,Yes,Yes,No,Yes,No,Yes,Yes,Yes,No,No,No,No,No,No,No
di-marlengo,RAIFFEISENKASSE MARLING CASSA RAIFFEISEN DI MARLENGO,RZSBIT21XXX,LIVE,IT,,true,Yes,Yes,Yes,Yes,No,Yes,No,No,Yes,Yes,Yes,Yes,No,Yes,No,Yes,Yes,Yes,No,No,No,No,No,No,No
di-merano,RAIFFEISENKASSE MERAN CASSA RAIFFEISEN DI MERANO,RZSBIT21XXX,LIVE,IT,,true,Yes,Yes,Yes,Yes,No,Yes,No,No,Yes,Yes,Yes,Yes,No,Yes,No,Yes,Yes,Yes,No,No,No,No,No,No,No
di-nova-ponente-aldino,RAIFFEISENKASSE DEUTSCHNOFEN-ALDEIN CASSA RAIFFEISEN DI NOVA PONENTE ALDINO,RZSBIT21XXX,LIVE,IT,,true,Yes,Yes,Yes,Yes,No,Yes,No,No,Yes,Yes,Yes,Yes,No,Yes,No,Yes,Yes,Yes,No,No,No,No,No,No,No
di-parcines,RAIFFEISENKASSE PARTSCHINS CASSA RAIFFEISEN DI PARCINES,RZSBIT21XXX,LIVE,IT,,true,Yes,Yes,Yes,Yes,No,Yes,No,No,Yes,Yes,Yes,Yes,No,Yes,No,Yes,Yes,Yes,No,No,No,No,No,No,No
di-salorno,RAIFFEISENKASSE SALURN CASSA RURALE DI SALORNO,RZSBIT21XXX,LIVE,IT,,true,Yes,Yes,Yes,Yes,No,Yes,No,No,Yes,Yes,Yes,Yes,No,Yes,No,Yes,Yes,Yes,No,No,No,No,No,No,No
di-scena,RAIFFEISENKASSE SCHENNA CASSA RAIFFEISEN DI SCENA,RZSBIT21XXX,LIVE,IT,,true,Yes,Yes,Yes,Yes,No,Yes,No,No,Yes,Yes,Yes,Yes,No,Yes,No,Yes,Yes,Yes,No,No,No,No,No,No,No
di-tesimo,RAIFFEISENKASSE TISENS CASSA RAIFFEISEN DI TESIMO,RZSBIT21XXX,LIVE,IT,,true,Yes,Yes,Yes,Yes,No,Yes,No,No,Yes,Yes,Yes,Yes,No,Yes,No,Yes,Yes,Yes,No,No,No,No,No,No,No
di-villabassa,RAIFFEISENKASSE NIEDERDORF CASSA RAIFFEISEN DI VILLABASSA,RZSBIT21XXX,LIVE,IT,,true,Yes,Yes,Yes,Yes,No,Yes,No,No,Yes,Yes,Yes,Yes,No,Yes,No,Yes,Yes,Yes,No,No,No,No,No,No,No
die-vrbank,Volksbank Raiffeisenbank Bad Kissingen eG,GENODEF1BRK,LIVE,DE,,true,Yes,Yes,Yes,Yes,No,Yes,No,No,Yes,Yes,No,No,No,No,No,No,Yes,No,No,Yes,No,No,No,No,No
diebank,"Vereinigte Volksbanken eG, Sindelfingen",GENODES1BBV,LIVE,DE,,true,Yes,Yes,Yes,Yes,No,Yes,No,No,Yes,Yes,No,No,No,No,No,No,Yes,No,No,Yes,No,No,No,No,No
djurslands,Djurslands Bank,,LIVE,DK,,true,Yes,Yes,Yes,Yes,No,Yes,No,No,Yes,No,No,No,No,Yes,No,No,No,Yes,No,No,No,No,No,No,No
djurslands-sandbox,Djurslands Bank Sandbox,,SANDBOX,DK,,true,Yes,Yes,Yes,Yes,No,Yes,No,No,Yes,No,No,No,No,Yes,No,No,No,Yes,No,No,No,No,No,No,No
dkb,Deutsche Kreditbank AG,BYLADEM1001,LIVE,DE,,true,Yes,Yes,Yes,Yes,No,Yes,No,No,Yes,No,No,No,No,No,No,No,No,No,No,Yes,No,No,No,No,No
dkm,DKM Darlehnskasse Münster eG,GENODEM1DKM,LIVE,DE,,true,Yes,Yes,Yes,Yes,No,Yes,No,No,Yes,Yes,No,No,No,No,No,No,Yes,No,No,Yes,No,No,No,No,No
dnb,DNB,DNBANOKK,LIVE,NO,dnb,true,Yes,Yes,Yes,Yes,No,Yes,No,No,Yes,Yes,No,Yes,No,Yes,No,No,No,Yes,No,No,No,No,No,No,No
donau-iller-bank,Donau-Iller Bank eG,GENODES1EHI,LIVE,DE,,true,Yes,Yes,Yes,Yes,No,Yes,No,No,Yes,Yes,No,No,No,No,No,No,Yes,No,No,Yes,No,No,No,No,No
donner-reuschel,Donner & Reuschel AG,CHDBDEHHXXX,LIVE,DE,,true,Yes,Yes,Yes,Yes,No,Yes,No,No,Yes,Yes,No,No,No,No,No,No,Yes,No,No,Yes,No,No,No,No,No
dovoba,Dortmunder Volksbank eG,GENODEM1DOR,LIVE,DE,,true,Yes,Yes,Yes,Yes,No,Yes,No,No,Yes,Yes,No,No,No,No,No,No,Yes,No,No,Yes,No,No,No,No,No
dvrb,Dithmarscher Volks- und Raiffeisenbank eG,GENODEF1DVR,LIVE,DE,,true,Yes,Yes,Yes,Yes,No,Yes,No,No,Yes,Yes,No,No,No,No,No,No,Yes,No,No,Yes,No,No,No,No,No
dzbank,DZ BANK AG Deutsche Zentral-Genossenschaftsbank,GENODEFFXXX,LIVE,DE,,true,Yes,Yes,Yes,Yes,No,Yes,No,No,No,No,No,No,No,No,No,No,No,No,No,No,No,No,No,No,No
ebanking-hoernerbank,Hoerner Bank AG,HOEBDE61XXX,LIVE,DE,,true,Yes,Yes,Yes,Yes,No,Yes,No,No,Yes,Yes,No,No,No,No,No,No,Yes,No,No,Yes,No,No,No,No,No
echterdinger-bank,Echterdinger Bank eG,GENODES1ECH,LIVE,DE,,true,Yes,Yes,Yes,Yes,No,Yes,No,No,Yes,Yes,No,No,No,No,No,No,Yes,No,No,Yes,No,No,No,No,No
eckernfoer-bank,Eckernförder Bank eG Volksbank-Raiffeisenbank,GENODEF1EFO,LIVE,DE,,true,Yes,Yes,Yes,Yes,No,Yes,No,No,Yes,Yes,No,No,No,No,No,No,Yes,No,No,Yes,No,No,No,No,No
edekabank-hamburg,EDEKABANK AG Hamburg,EDEKDEHHXXX,LIVE,DE,,true,Yes,Yes,Yes,Yes,No,Yes,No,No,Yes,Yes,No,No,No,No,No,No,Yes,No,No,Yes,No,No,No,No,No
ellwanger-geiger-bank,Bankhaus Ellwanger & Geiger AG,ELGEDES1XXX,LIVE,DE,,true,Yes,Yes,Yes,Yes,No,Yes,No,No,Yes,Yes,No,No,No,No,No,No,Yes,No,No,Yes,No,No,No,No,No
emsland-mitte,Raiffeisenbank Ems-Vechte eG,GENODEF1KBL,LIVE,DE,,true,Yes,Yes,Yes,Yes,No,Yes,No,No,Yes,Yes,No,No,No,No,No,No,Yes,No,No,Yes,No,No,No,No,No
emslandische-volksbank,Emsländische Volksbank eG,GENODEF1LIG,LIVE,DE,,true,Yes,Yes,Yes,Yes,No,Yes,No,No,Yes,Yes,No,No,No,No,No,No,Yes,No,No,Yes,No,No,No,No,No
erstebank_at,Erste Bank and Sparkasse,GIBAATWWXXX,LIVE,AT,,true,Yes,Yes,Yes,Yes,No,Yes,No,No,Yes,Yes,No,No,No,No,No,No,No,Yes,No,No,No,No,No,No,No
erzgebirgssparkasse,Erzgebirgssparkasse,WELADED1STB,LIVE,DE,,true,Yes,No,Yes,No,No,Yes,Yes,No,Yes,Yes,Yes,Yes,No,Yes,No,No,Yes,Yes,No,No,No,No,No,No,No
ethikbank,EthikBank eG,GENODEF1ETK,LIVE,DE,,true,Yes,Yes,Yes,Yes,No,Yes,No,No,Yes,Yes,No,No,No,No,No,No,Yes,No,No,Yes,No,No,No,No,No
etschtal,RAIFFEISENKASSE ETSCHTAL CASSA RAIFFEISEN ETSCHTAL,RZSBIT21XXX,LIVE,IT,,true,Yes,Yes,Yes,Yes,No,Yes,No,No,Yes,Yes,Yes,Yes,No,Yes,No,Yes,Yes,Yes,No,No,No,No,No,No,No
eu-banking,Volksbank Euskirchen eG,GENODED1EVB,LIVE,DE,,true,Yes,Yes,Yes,Yes,No,Yes,No,No,Yes,Yes,No,No,No,No,No,No,Yes,No,No,Yes,No,No,No,No,No
eurocajarural,Eurocaja Rural,BCOEESMM081,LIVE,ES,,true,Yes,Yes,Yes,Yes,No,Yes,No,No,Yes,Yes,Yes,Yes,No,Yes,No,No,No,No,Yes,No,No,No,No,No,No
eurocity-bank,Eurocity Bank AG,DLGHDEB1XXX,LIVE,DE,,true,Yes,Yes,Yes,Yes,No,Yes,No,No,Yes,Yes,No,No,No,No,No,No,Yes,No,No,Yes,No,No,No,No,No
euromobiliare,Banca Euromobiliare,BACRIT22XXX,LIVE,IT,,true,No,No,Yes,Yes,No,Yes,No,No,Yes,Yes,Yes,Yes,No,No,No,No,No,Yes,No,No,No,No,No,No,No
evangelische-bank,Evangelische Bank eG,GENODEF1EK1,LIVE,DE,,true,Yes,Yes,Yes,Yes,No,Yes,No,No,Yes,Yes,No,No,No,No,No,No,Yes,No,No,Yes,No,No,No,No,No
evenordbank,Evenord-Bank eG-KG,GENODEF1N03,LIVE,DE,,true,Yes,Yes,Yes,Yes,No,Yes,No,No,Yes,Yes,No,No,No,No,No,No,Yes,No,No,Yes,No,No,No,No,No
faelleskassen-sandbox_dk,Andelskassen Fælleskasse - Sandbox,FAELDKK1,SANDBOX,DK,faelleskassen-sandbox_dk,true,Yes,Yes,Yes,Yes,No,Yes,No,No,Yes,Yes,Yes,Yes,No,Yes,Yes,No,Yes,Yes,No,No,No,No,No,No,No
faelleskassen_dk,Andelskassen Fælleskasse,FAELDKK1,LIVE,DK,faelleskassen_dk,true,Yes,Yes,Yes,Yes,No,Yes,No,No,Yes,Yes,Yes,Yes,No,Yes,Yes,No,Yes,Yes,No,No,No,No,No,No,No
faster-sandbox_dk,Faster Andelskasse Sandbox,FAANDK21,SANDBOX,DK,faster-sandbox_dk,true,Yes,Yes,Yes,Yes,No,Yes,No,No,Yes,Yes,Yes,Yes,No,Yes,Yes,No,Yes,Yes,No,No,No,No,No,No,No
faster_dk,Faster Andelskasse,FAANDK21,LIVE,DK,faster_dk,true,Yes,Yes,Yes,Yes,No,Yes,No,No,Yes,Yes,Yes,Yes,No,Yes,Yes,No,Yes,Yes,No,No,No,No,No,No,No
ff-aktiengesellschaft-bank,Fürst Fugger Privatbank Aktiengesellschaft,FUBKDE71XXX,LIVE,DE,,true,Yes,Yes,Yes,Yes,No,Yes,No,No,Yes,Yes,No,No,No,No,No,No,Yes,No,No,Yes,No,No,No,No,No
fiare,Fiare Banca Etica,ETICES21XXX,LIVE,ES,,true,Yes,Yes,Yes,Yes,No,Yes,No,No,Yes,Yes,Yes,Yes,No,Yes,No,No,No,No,Yes,No,No,No,No,No,No
fideuram,Banca Fideuram S.P.A.,BCITITMMXXX,LIVE,IT,,true,Yes,No,Yes,Yes,No,Yes,No,No,Yes,Yes,Yes,Yes,No,No,No,No,No,Yes,No,No,No,No,No,No,No
fiducia-sandbox,Fiducia & GAD IT AG,,SANDBOX,DE,,true,No,Yes,Yes,Yes,No,Yes,No,No,Yes,Yes,No,No,No,No,No,No,Yes,No,No,Yes,No,No,No,No,No
fineco,FinecoBank S.p.A,FEBIITM2XXX,LIVE,IT,,true,Yes,Yes,Yes,Yes,No,Yes,No,No,Yes,Yes,No,Yes,No,No,No,No,No,Yes,No,No,No,No,No,No,No
fineco-sandbox,Fineco Sanbox,,SANDBOX,IT,,true,Yes,Yes,Yes,Yes,No,Yes,No,No,Yes,Yes,No,Yes,No,No,No,No,No,Yes,No,No,No,No,No,No,No
finom_de,Finom Germany,PSSTFRPPPAR,LIVE,DE,,true,Yes,Yes,Yes,Yes,No,Yes,No,No,Yes,No,No,Yes,No,No,No,No,Yes,Yes,No,No,No,No,No,No,No
fintro-corporate_be,BNP Paribas - Fintro Corporate,GEBABEBB,LIVE,BE,,true,Yes,Yes,Yes,Yes,No,Yes,No,No,Yes,Yes,No,Yes,No,Yes,No,No,No,Yes,No,No,No,No,No,No,No
fintro_be,BNP Paribas - Fintro,GEBABEBB,LIVE,BE,,true,No,Yes,Yes,Yes,No,Yes,No,No,Yes,Yes,No,Yes,No,Yes,No,No,No,Yes,No,No,No,No,No,No,No
firstdirect,First Direct,,LIVE,GB,,true,No,Yes,Yes,Yes,No,Yes,Yes,No,Yes,No,Yes,Yes,No,Yes,Yes,Yes,No,Yes,No,No,No,No,No,No,No
firsttrustbank,Allied Irish Bank UK Personal - First Trust Bank,FTBKGB2BXXX,LIVE,GB,,true,No,Yes,Yes,Yes,No,Yes,No,Yes,Yes,No,Yes,Yes,No,Yes,No,No,No,Yes,No,No,No,No,No,No,No
firsttrustbank-sandbox,First Trust Bank Sandbox,FTBKGB2BXXX,SANDBOX,GB,,true,No,Yes,Yes,Yes,No,Yes,No,Yes,Yes,No,Yes,Yes,No,Yes,No,No,No,Yes,No,No,No,No,No,No,No
firsttrustbankbusiness,Allied Irish Bank UK Business - First Trust Bank,FTBKGB2BXXX,LIVE,GB,,true,Yes,Yes,Yes,Yes,No,Yes,No,Yes,Yes,No,Yes,Yes,No,Yes,No,No,No,Yes,No,No,No,No,No,No,No
foerde-spk,Förde Sparkasse,NOLADE21KIE,LIVE,DE,,true,Yes,No,Yes,No,No,Yes,Yes,No,Yes,Yes,Yes,Yes,No,Yes,No,No,Yes,Yes,No,No,No,No,No,No,No
forgerock-sandbox,Forgerock Sandbox,,SANDBOX,GB,,true,No,No,Yes,No,No,Yes,No,No,Yes,No,Yes,Yes,No,No,No,No,No,Yes,No,No,No,No,No,No,No
fortis-corporate_be,BNP Paribas - Fortis Corporate,GEBABEBB,LIVE,BE,,true,Yes,Yes,Yes,Yes,No,Yes,No,No,Yes,Yes,No,Yes,No,Yes,No,No,No,Yes,No,No,No,No,No,No,No
fortis_be,BNP Paribas - Fortis,GEBABEBB,LIVE,BE,,true,No,Yes,Yes,Yes,No,Yes,No,No,Yes,Yes,No,Yes,No,Yes,No,No,No,Yes,No,No,No,No,No,No,No
fortuneo,Arkéa Direct Bank - Fortuneo,FTNOFRP1XXX,LIVE,FR,,true,Yes,Yes,Yes,Yes,No,Yes,Yes,No,Yes,Yes,Yes,Yes,No,No,No,No,No,Yes,No,No,No,No,No,No,No
frankfurter-bankgesellschaft,Frankfurter Bankgesellschaft (Deutschland) AG,FBGADEF1XXX,LIVE,DE,,true,Yes,Yes,Yes,Yes,No,Yes,No,No,Yes,Yes,No,No,No,No,No,No,Yes,No,No,Yes,No,No,No,No,No
frankfurter-sparkasse,Frankfurter Sparkasse,HELADEF1822,LIVE,DE,,true,Yes,No,Yes,No,No,Yes,Yes,No,Yes,Yes,Yes,Yes,No,Yes,No,No,Yes,Yes,No,No,No,No,No,No,No
frankfurter-volksbank,Frankfurter Volksbank Rhein/Main eG,FFVBDEFFXXX,LIVE,DE,,true,Yes,Yes,Yes,Yes,No,Yes,No,No,Yes,Yes,No,No,No,No,No,No,Yes,No,No,Yes,No,No,No,No,No
frorup-sandbox_dk,Frorup Andelskasse Sandbox,FROPDK21,SANDBOX,DK,frorup-sandbox_dk,true,Yes,Yes,Yes,Yes,No,Yes,No,No,Yes,Yes,Yes,Yes,No,Yes,Yes,No,Yes,Yes,No,No,No,No,No,No,No
frorup_dk,Frorup Andelskasse,FROPDK21,LIVE,DK,frorup_dk,true,Yes,Yes,Yes,Yes,No,Yes,No,No,Yes,Yes,Yes,Yes,No,Yes,Yes,No,Yes,Yes,No,No,No,No,No,No,No
froslev-sandbox_dk,Frøslev-Mollerup Sparekasse - Sandbox,FRMODK21,SANDBOX,DK,froslev-sandbox_dk,true,Yes,Yes,Yes,Yes,No,Yes,No,No,Yes,Yes,Yes,Yes,No,Yes,Yes,No,Yes,Yes,No,No,No,No,No,No,No
froslev_dk,Frøslev-Mollerup Sparekasse,FRMODK21,LIVE,DK,froslev_dk,true,Yes,Yes,Yes,Yes,No,Yes,No,No,Yes,Yes,Yes,Yes,No,Yes,Yes,No,Yes,Yes,No,No,No,No,No,No,No
fs-bank,Freisinger Bank eG Volksbank-Raiffeisenbank,GENODEF1FSR,LIVE,DE,,true,Yes,Yes,Yes,Yes,No,Yes,No,No,Yes,Yes,No,No,No,No,No,No,Yes,No,No,Yes,No,No,No,No,No
furstlich-castellsche-bank,Fürstlich Castell'sche Bank Credit-Casse AG,FUCEDE77XXX,LIVE,DE,,true,Yes,Yes,Yes,Yes,No,Yes,No,No,Yes,Yes,No,No,No,No,No,No,Yes,No,No,Yes,No,No,No,No,No
fynske-sandbox_dk,Fynske Bank Sandbox,VESBDK22,SANDBOX,DK,fynske-sandbox_dk,true,Yes,Yes,Yes,Yes,No,Yes,No,No,Yes,Yes,Yes,Yes,No,Yes,Yes,No,Yes,Yes,No,No,No,No,No,No,No
fynske_dk,Fynske Bank,VESBDK22,LIVE,DK,fynske_dk,true,Yes,Yes,Yes,Yes,No,Yes,No,No,Yes,Yes,Yes,Yes,No,Yes,Yes,No,Yes,Yes,No,No,No,No,No,No,No
gabler-saliter-bank,Gabler-Saliter Bankgeschäft AG,GABLDE71XXX,LIVE,DE,,true,Yes,Yes,Yes,Yes,No,Yes,No,No,Yes,Yes,No,No,No,No,No,No,Yes,No,No,Yes,No,No,No,No,No
gebr-martin-bank,Bankhaus Gebr. Martin AG,MARBDE6GXXX,LIVE,DE,,true,Yes,Yes,Yes,Yes,No,Yes,No,No,Yes,Yes,No,No,No,No,No,No,Yes,No,No,Yes,No,No,No,No,No
genoba-weil,Genossenschaftsbank Weil im Schönbuch eG,GENODES1GWS,LIVE,DE,,true,Yes,Yes,Yes,Yes,No,Yes,No,No,Yes,Yes,No,No,No,No,No,No,Yes,No,No,Yes,No,No,No,No,No
genobamuc,Genossenschaftsbank eG München,GENODEF1M07,LIVE,DE,,true,Yes,Yes,Yes,Yes,No,Yes,No,No,Yes,Yes,No,No,No,No,No,No,Yes,No,No,Yes,No,No,No,No,No
genobank,GENO BANK ESSEN eG,GENODEM1GBE,LIVE,DE,,true,Yes,Yes,Yes,Yes,No,Yes,No,No,Yes,Yes,No,No,No,No,No,No,Yes,No,No,Yes,No,No,No,No,No
genobank-mainz,Raiffeisenbank in Rheinhessen eG,GENODE51MZ6,LIVE,DE,,true,Yes,Yes,Yes,Yes,No,Yes,No,No,Yes,Yes,No,No,No,No,No,No,Yes,No,No,Yes,No,No,No,No,No
genobank-unterallgaeu,Genossenschaftsbank Unterallgäu eG,GENODEF1MIR,LIVE,DE,,true,Yes,Yes,Yes,Yes,No,Yes,No,No,Yes,Yes,No,No,No,No,No,No,Yes,No,No,Yes,No,No,No,No,No
gestalterbank,Volksbank eG - Die Gestalterbank,GENODE61OG1,LIVE,DE,,true,Yes,Yes,Yes,Yes,No,Yes,No,No,Yes,Yes,No,No,No,No,No,No,Yes,No,No,Yes,No,No,No,No,No
gherdeina,RAIFFEISENKASSE GRODEN CASSA RAIFFEISEN GHERDEINA,RZSBIT21XXX,LIVE,IT,,true,Yes,Yes,Yes,Yes,No,Yes,No,No,Yes,Yes,Yes,Yes,No,Yes,No,Yes,Yes,Yes,No,No,No,No,No,No,No
gladbacher-bank,Gladbacher Bank AG von 1922,GENODED1GBM,LIVE,DE,,true,Yes,Yes,Yes,Yes,No,Yes,No,No,Yes,Yes,No,No,No,No,No,No,Yes,No,No,Yes,No,No,No,No,No
gls-gemeinschaftsbank,GLS Gemeinschaftsbank eG,GENODEM1GLS,LIVE,DE,,true,Yes,Yes,Yes,Yes,No,Yes,No,No,Yes,Yes,No,No,No,No,No,No,Yes,No,No,Yes,No,No,No,No,No
grafschafter-volksbank,Grafschafter Volksbank eG,GENODEF1NEV,LIVE,DE,,true,Yes,Yes,Yes,Yes,No,Yes,No,No,Yes,Yes,No,No,No,No,No,No,Yes,No,No,Yes,No,No,No,No,No
grenke-bank,GRENKE BANK AG,GREBDEH1XXX,LIVE,DE,,true,Yes,Yes,Yes,Yes,No,Yes,No,No,Yes,Yes,No,No,No,No,No,No,Yes,No,No,Yes,No,No,No,No,No
gronlandsbanken-sandbox_dk,GronlandsBANKEN Sandbox,GRENGLGX,SANDBOX,DK,gronlandsbanken-sandbox_dk,true,Yes,Yes,Yes,Yes,No,Yes,No,No,Yes,Yes,Yes,Yes,No,Yes,Yes,No,Yes,Yes,No,No,No,No,No,No,No
gronlandsbanken_dk,GronlandsBANKEN,GRENGLGX,LIVE,DK,gronlandsbanken_dk,true,Yes,Yes,Yes,Yes,No,Yes,No,No,Yes,Yes,Yes,Yes,No,Yes,Yes,No,Yes,Yes,No,No,No,No,No,No,No
hagnauer-volksbank,Hagnauer Volksbank eG,GENODE61HAG,LIVE,DE,,true,Yes,Yes,Yes,Yes,No,Yes,No,No,Yes,Yes,No,No,No,No,No,No,Yes,No,No,Yes,No,No,No,No,No
halifax,Halifax Personal,HLFXGB22XXX,LIVE,GB,,true,No,Yes,Yes,Yes,No,Yes,Yes,Yes,Yes,No,Yes,Yes,No,No,No,No,No,Yes,No,No,Yes,Yes,Yes,No,No
halifax-sandbox,Halifax Sandbox,,SANDBOX,GB,,true,No,Yes,Yes,No,No,Yes,No,Yes,Yes,No,Yes,Yes,No,No,No,No,No,Yes,No,No,Yes,No,No,No,No
hamburger-sparkasse,Hamburger Sparkasse,HASPDEHHXXX,LIVE,DE,,true,Yes,No,Yes,No,No,Yes,Yes,No,Yes,Yes,Yes,Yes,No,Yes,No,No,Yes,Yes,No,No,No,No,No,No,No
hamburger-volksbank,Hamburger Volksbank eG,GENODEF1HH2,LIVE,DE,,true,Yes,Yes,Yes,Yes,No,Yes,No,No,Yes,Yes,No,No,No,No,No,No,Yes,No,No,Yes,No,No,No,No,No
handelsbanken-sandbox_se,Handelsbanken Sweden Sandbox,,SANDBOX,SE,,true,No,Yes,Yes,Yes,No,Yes,No,No,Yes,No,No,No,No,Yes,No,No,No,Yes,No,No,No,No,No,No,No
handelsbanken-sandbox_uk,Handelsbanken UK Sandbox,,SANDBOX,GB,,true,No,Yes,Yes,Yes,No,Yes,No,No,Yes,No,Yes,No,No,Yes,Yes,No,No,Yes,No,No,No,No,No,No,No
handelsbanken_nl,Handelsbanken - Netherlands,,LIVE,NL,,true,No,Yes,Yes,Yes,No,Yes,No,No,Yes,No,No,No,No,Yes,No,No,No,Yes,No,No,No,No,No,No,No
handelsbanken_se,Handelsbanken - Sweden,,LIVE,SE,,true,No,Yes,Yes,Yes,No,Yes,No,No,Yes,No,No,No,No,Yes,No,No,No,Yes,No,No,No,No,No,No,No
handelsbanken_uk,Handelsbanken UK,,LIVE,GB,,true,No,Yes,Yes,Yes,No,Yes,No,No,No,No,No,No,No,No,No,No,No,Yes,No,No,No,No,No,No,No
handelsbankenbusiness_nl,Handelsbanken Business - Netherlands,,LIVE,NL,,true,Yes,Yes,Yes,Yes,No,Yes,No,No,Yes,No,No,No,No,Yes,No,No,No,Yes,No,No,No,No,No,No,No
handelsbankenbusiness_se,Handelsbanken Business - Sweden,,LIVE,SE,,true,Yes,Yes,Yes,Yes,No,Yes,No,No,Yes,No,No,No,No,Yes,No,No,No,Yes,No,No,No,No,No,No,No
handelsbankenbusiness_uk,Handelsbanken Business UK,HANDGB22XXX,LIVE,GB,,true,Yes,Yes,Yes,Yes,No,Yes,No,No,No,No,No,No,No,No,No,No,No,Yes,No,No,No,No,No,No,No
hannoversche-volksbank,Hannoversche Volksbank eG,VOHADE2HXXX,LIVE,DE,,true,Yes,Yes,Yes,Yes,No,Yes,No,No,Yes,Yes,No,No,No,No,No,No,Yes,No,No,Yes,No,No,No,No,No
harzer-volksbank,Harzer Volksbank eG,GENODEF1QLB,LIVE,DE,,true,Yes,Yes,Yes,Yes,No,Yes,No,No,Yes,Yes,No,No,No,No,No,No,Yes,No,No,Yes,No,No,No,No,No
harzsparkasse,Harzsparkasse,NOLADE21HRZ,LIVE,DE,,true,Yes,No,Yes,No,No,Yes,Yes,No,Yes,Yes,Yes,Yes,No,Yes,No,No,Yes,Yes,No,No,No,No,No,No,No
hausbank-munchen-haus-grundbesitz-bank,HAUSBANK MÜNCHEN eG Bank für Haus- und Grundbesitz,GENODEF1M04,LIVE,DE,,true,Yes,Yes,Yes,Yes,No,Yes,No,No,Yes,Yes,No,No,No,No,No,No,Yes,No,No,Yes,No,No,No,No,No
hdh-voba,Heidenheimer Volksbank eG,GENODES1HDH,LIVE,DE,,true,Yes,Yes,Yes,Yes,No,Yes,No,No,Yes,Yes,No,No,No,No,No,No,Yes,No,No,Yes,No,No,No,No,No
helios_de,Helios,PSSTFRPPPAR,LIVE,DE,,true,Yes,Yes,Yes,Yes,No,Yes,No,No,Yes,No,No,Yes,No,No,No,No,Yes,Yes,No,No,No,No,No,No,No
hellobank,Hello Bank,BNLIITRRXXX,LIVE,IT,,true,No,No,Yes,Yes,No,Yes,No,No,Yes,Yes,Yes,Yes,No,No,No,No,No,Yes,No,No,No,No,No,No,No
hellobank_be,BNP Paribas - Hellobank BE,GEBABEBB,LIVE,BE,,true,No,Yes,Yes,Yes,No,Yes,No,No,Yes,Yes,No,Yes,No,Yes,No,No,No,Yes,No,No,No,No,No,No,No
hellobank_fr,HelloBank,,LIVE,FR,,true,No,Yes,Yes,Yes,No,Yes,Yes,No,Yes,Yes,No,No,No,No,No,No,No,Yes,No,No,No,No,No,No,No
hermsdorfer-kreuz,Raiffeisen-Volksbank Hermsdorfer Kreuz eG,GENODEF1HMF,LIVE,DE,,true,Yes,Yes,Yes,Yes,No,Yes,No,No,Yes,Yes,No,No,No,No,No,No,Yes,No,No,Yes,No,No,No,No,No
hoaresbank,C. Hoare & Co.,HOABGB2LXXX,LIVE,GB,,true,Yes,Yes,Yes,Yes,No,Yes,No,No,No,No,No,No,No,No,No,No,No,Yes,No,No,No,No,No,No,No
hoaresbank-sandbox,C. Hoare & Co.,HOABGB2LXXX,SANDBOX,GB,,true,Yes,Yes,Yes,Yes,No,Yes,No,No,Yes,No,Yes,Yes,No,Yes,Yes,No,No,Yes,No,No,No,No,No,No,No
hsbc_uk,HSBC Personal,HBUKGB4BXXX,LIVE,GB,,true,No,Yes,Yes,Yes,No,Yes,Yes,No,Yes,No,Yes,Yes,No,Yes,Yes,Yes,No,Yes,No,No,Yes,Yes,Yes,No,No
hsbcbusiness_uk,HSBC UK Business,,LIVE,GB,,true,Yes,Yes,Yes,Yes,No,Yes,Yes,No,Yes,No,Yes,Yes,No,Yes,No,No,Yes,Yes,No,No,Yes,No,No,No,No
hsbccorporate,HSBC Corporate,HBUKGB4BXXX,LIVE,GB,,true,Yes,Yes,Yes,Yes,No,Yes,Yes,No,Yes,No,Yes,Yes,No,Yes,Yes,Yes,Yes,Yes,No,No,Yes,No,No,No,No
hsbccorporate_eu,HSBC Corporate EU,HBUKGB4BXXX,LIVE,"FR,DE,BE,NL,IE,IT,ES",,true,Yes,Yes,Yes,Yes,No,Yes,Yes,No,No,No,No,No,No,No,No,No,No,Yes,No,No,No,No,No,No,No
huemmlinger-volksbank,Hümmlinger Volksbank eG,GENODEF1WLT,LIVE,DE,,true,Yes,Yes,Yes,Yes,No,Yes,No,No,Yes,Yes,No,No,No,No,No,No,Yes,No,No,Yes,No,No,No,No,No
huettenberger-bank,Hüttenberger Bank eG,GENODE51HUT,LIVE,DE,,true,Yes,Yes,Yes,Yes,No,Yes,No,No,Yes,Yes,No,No,No,No,No,No,Yes,No,No,Yes,No,No,No,No,No
hvidbjerg-sandbox_dk,Hvidbjerg Bank A/S Sandbox,HVBADK21,SANDBOX,DK,hvidbjerg-sandbox_dk,true,Yes,Yes,Yes,Yes,No,Yes,No,No,Yes,Yes,Yes,Yes,No,Yes,Yes,No,Yes,Yes,No,No,No,No,No,No,No
hvidbjerg_dk,Hvidbjerg Bank A/S,HVBADK21,LIVE,DK,hvidbjerg_dk,true,Yes,Yes,Yes,Yes,No,Yes,No,No,Yes,Yes,Yes,Yes,No,Yes,Yes,No,Yes,Yes,No,No,No,No,No,No,No
ibercaja,Ibercaja,CAZRES2ZXXX,LIVE,ES,,true,Yes,Yes,Yes,Yes,No,Yes,No,No,Yes,Yes,No,Yes,No,Yes,No,No,No,No,Yes,No,No,No,No,No,No
iblbanca_it,IBL Banca,CRBZIT2B003,LIVE,IT,,true,Yes,Yes,Yes,Yes,No,Yes,No,No,Yes,Yes,No,Yes,No,Yes,No,No,No,No,Yes,No,No,No,No,No,No
ibm-deutsche-kreditbank,IBM Deutschland Kreditbank GmbH,IBKBDES1XXX,LIVE,DE,,true,Yes,Yes,Yes,Yes,No,Yes,No,No,Yes,Yes,No,No,No,No,No,No,Yes,No,No,Yes,No,No,No,No,No
ihrziel,Raiffeisenbank Aidlingen eG,GENODES1AID,LIVE,DE,,true,Yes,Yes,Yes,Yes,No,Yes,No,No,Yes,Yes,No,No,No,No,No,No,Yes,No,No,Yes,No,No,No,No,No
ikano-zweigniederlassung-bank,Ikano Bank AB (publ) Zweigniederlassung Deutschland,PLFGDE5AIKB,LIVE,DE,,true,Yes,Yes,Yes,Yes,No,Yes,No,No,Yes,Yes,No,No,No,No,No,No,Yes,No,No,Yes,No,No,No,No,No
imagin,ImaginersGen,CAIXESBBXXX,LIVE,ES,,true,Yes,Yes,Yes,No,No,Yes,No,No,Yes,Yes,Yes,Yes,No,Yes,No,No,No,No,Yes,No,No,No,No,No,No
ing,ING,INGBNL2AXXX,LIVE,"AT,IT,ES,FR,DE,BE,GB,PT,IE,NL",,true,Yes,Yes,Yes,Yes,No,Yes,No,No,Yes,Yes,No,No,No,Yes,No,Yes,No,Yes,No,No,No,No,No,No,No
ing_be,ING Belgium,INGBNL2AXXX,LIVE,BE,,true,Yes,Yes,Yes,Yes,No,Yes,No,No,Yes,Yes,No,No,No,Yes,No,Yes,No,Yes,No,No,No,No,No,No,No
ing_de,ING Germany,INGDDEFFXXX,LIVE,DE,,true,Yes,Yes,Yes,Yes,No,Yes,No,No,Yes,Yes,No,No,No,Yes,No,Yes,No,Yes,No,No,No,No,No,No,No
ing_es,ING Spain,INGDESMMXXX,LIVE,ES,,true,Yes,Yes,Yes,Yes,No,Yes,No,No,Yes,Yes,No,No,No,Yes,No,Yes,No,Yes,No,No,No,No,No,No,No
ing_it,ING Italy,INGBNL2AXXX,LIVE,IT,,true,Yes,Yes,Yes,Yes,No,Yes,No,No,Yes,Yes,No,No,No,Yes,No,Yes,No,Yes,No,No,No,No,No,No,No
ing_nl,ING Netherlands,INGBNL2AXXX,LIVE,NL,,true,Yes,Yes,Yes,Yes,No,Yes,No,No,Yes,Yes,No,No,No,Yes,No,Yes,No,Yes,No,No,No,No,No,No,No
intesa_sanpaolo,Intesa Sanpaolo S.p.A,BCITITMMXXX,LIVE,IT,,true,Yes,No,Yes,Yes,No,Yes,No,No,Yes,Yes,Yes,Yes,No,No,No,No,No,Yes,No,No,No,No,No,No,No
intesa_sanpaolo-sandbox,Intesa Sanpaolo S.p.A - Sandbox,BCITITMMXXX,SANDBOX,IT,,true,Yes,Yes,Yes,Yes,No,Yes,No,No,Yes,Yes,Yes,Yes,No,No,No,No,No,Yes,No,No,No,No,No,No,No
intesa_sanpaolo_corporate,Intesa Sanpaolo S.p.A - Corporate,BCITITMMXXX,LIVE,IT,,true,Yes,No,Yes,Yes,No,Yes,No,No,Yes,Yes,Yes,Yes,No,No,No,No,Yes,Yes,No,No,No,No,No,No,No
intesa_sanpaolo_corporate-sandbox,Intesa Sanpaolo S.p.A - Corporate Sandbox,BCITITMMXXX,SANDBOX,IT,,true,Yes,No,Yes,Yes,No,Yes,No,No,Yes,Yes,Yes,Yes,No,No,No,No,Yes,Yes,No,No,No,No,No,No,No
inversis,Banco Inversis SA,INVLESMMXXX,LIVE,ES,,true,Yes,Yes,Yes,Yes,No,Yes,No,No,Yes,No,No,No,No,Yes,No,No,No,No,Yes,No,No,No,No,No,No
jtbank,J&T BANKA,JTBPDEFFXXX,LIVE,DE,,true,Yes,Yes,Yes,Yes,No,Yes,No,No,Yes,Yes,No,No,No,No,No,No,Yes,No,No,Yes,No,No,No,No,No
jyske,Jyske Bank,,LIVE,DK,,true,Yes,Yes,Yes,Yes,No,Yes,No,No,Yes,No,No,No,No,Yes,No,No,No,Yes,No,No,No,No,No,No,No
jyske-sandbox,Jyske Bank Sandbox,,SANDBOX,DK,,true,Yes,Yes,Yes,Yes,No,Yes,No,No,Yes,No,No,No,No,Yes,No,No,No,Yes,No,No,No,No,No,No,No
kasseler-sparkasse,Kasseler Sparkasse,HELADEF1KAS,LIVE,DE,,true,Yes,No,Yes,No,No,Yes,Yes,No,Yes,Yes,Yes,Yes,No,Yes,No,No,Yes,Yes,No,No,No,No,No,No,No
kbc_belgium,KBC Belgium,KREDBEBBXXX,LIVE,BE,,true,Yes,Yes,Yes,Yes,No,Yes,No,No,Yes,Yes,Yes,Yes,No,No,No,No,No,Yes,No,No,No,No,No,No,No
kbc_belgium-sandbox,KBC Belgium Sandbox,KREDBEBBXXX,SANDBOX,BE,,true,Yes,Yes,Yes,Yes,No,Yes,No,No,Yes,No,Yes,Yes,No,No,No,No,No,Yes,No,No,No,No,No,No,No
kbcbrussels_belgium,KBC Brussels Belgium,KREDBEBBXXX,LIVE,BE,,true,Yes,Yes,Yes,Yes,No,Yes,No,No,Yes,No,Yes,Yes,No,No,No,No,No,Yes,No,No,No,No,No,No,No
kieler-volksbank,Kieler Volksbank eG,GENODEF1KIL,LIVE,DE,,true,Yes,Yes,Yes,Yes,No,Yes,No,No,Yes,Yes,No,No,No,No,No,No,Yes,No,No,Yes,No,No,No,No,No
kirche-diakonie-bank,Bank für Kirche und Diakonie eG - KD-Bank,GENODED1DKD,LIVE,DE,,true,Yes,Yes,Yes,Yes,No,Yes,No,No,Yes,Yes,No,No,No,No,No,No,Yes,No,No,Yes,No,No,No,No,No
knab,Knab,KNABNL2HXXX,LIVE,NL,,true,Yes,Yes,Yes,Yes,No,Yes,No,No,No,Yes,No,Yes,No,Yes,No,Yes,No,Yes,No,No,No,No,No,No,No
knab-sandbox,Knab Sandbox,KNABNL2HXXX,SANDBOX,NL,,true,Yes,Yes,Yes,Yes,No,Yes,No,No,No,Yes,No,Yes,No,Yes,No,Yes,No,Yes,No,No,No,No,No,No,No
kontist_de,Kontist,PSSTFRPPPAR,LIVE,DE,,true,Yes,Yes,Yes,Yes,No,Yes,No,No,Yes,No,No,Yes,No,No,No,No,Yes,Yes,No,No,No,No,No,No,No
kreditbanken,Kreditbanken,,LIVE,DK,,true,Yes,Yes,Yes,Yes,No,Yes,No,No,Yes,No,No,No,No,Yes,No,No,No,Yes,No,No,No,No,No,No,No
kreditbanken-sandbox,Kreditbanken Sandbox,,SANDBOX,DK,,true,Yes,Yes,Yes,Yes,No,Yes,No,No,Yes,No,No,No,No,Yes,No,No,No,Yes,No,No,No,No,No,No,No
ksk-ahrweiler,Kreissparkasse Ahrweiler,MALADE51AHR,LIVE,DE,,true,Yes,No,Yes,No,No,Yes,Yes,No,Yes,Yes,Yes,Yes,No,Yes,No,No,Yes,Yes,No,No,No,No,No,No,No
ksk-anhalt-bitterfeld,Kreissparkasse Anhalt-Bitterfeld,NOLADE21BTF,LIVE,DE,,true,Yes,No,Yes,No,No,Yes,Yes,No,Yes,Yes,Yes,Yes,No,Yes,No,No,Yes,Yes,No,No,No,No,No,No,No
ksk-bautzen,Kreissparkasse Bautzen,SOLADES1BAT,LIVE,DE,,true,Yes,No,Yes,No,No,Yes,Yes,No,Yes,Yes,Yes,Yes,No,Yes,No,No,Yes,Yes,No,No,No,No,No,No,No
ksk-bersenbrueck,Kreissparkasse Bersenbrück,NOLADE21BEB,LIVE,DE,,true,Yes,No,Yes,No,No,Yes,Yes,No,Yes,Yes,Yes,Yes,No,Yes,No,No,Yes,Yes,No,No,No,No,No,No,No
ksk-biberach,Kreissparkasse Biberach,SBCRDE66XXX,LIVE,DE,,true,Yes,No,Yes,No,No,Yes,Yes,No,Yes,Yes,Yes,Yes,No,Yes,No,No,Yes,Yes,No,No,No,No,No,No,No
ksk-birkenfeld,Kreissparkasse Birkenfeld,BILADE55XXX,LIVE,DE,,true,Yes,No,Yes,No,No,Yes,Yes,No,Yes,Yes,Yes,Yes,No,Yes,No,No,Yes,Yes,No,No,No,No,No,No,No
ksk-bitburg-pruem,Kreissparkasse Bitburg-Prüm,MALADE51BIT,LIVE,DE,,true,Yes,No,Yes,No,No,Yes,Yes,No,Yes,Yes,Yes,Yes,No,Yes,No,No,Yes,Yes,No,No,No,No,No,No,No
ksk-boeblingen,Kreissparkasse Böblingen,BBKRDE6BXXX,LIVE,DE,,true,Yes,No,Yes,No,No,Yes,Yes,No,Yes,Yes,Yes,Yes,No,Yes,No,No,Yes,Yes,No,No,No,No,No,No,No
ksk-boerde,Kreissparkasse Börde,NOLADE21HDL,LIVE,DE,,true,Yes,No,Yes,No,No,Yes,Yes,No,Yes,Yes,Yes,Yes,No,Yes,No,No,Yes,Yes,No,No,No,No,No,No,No
ksk-doebeln,Kreissparkasse Döbeln,SOLADES1DLN,LIVE,DE,,true,Yes,No,Yes,No,No,Yes,Yes,No,Yes,Yes,Yes,Yes,No,Yes,No,No,Yes,Yes,No,No,No,No,No,No,No
ksk-duesseldorf,Kreissparkasse Düsseldorf,WELADED1KSD,LIVE,DE,,true,Yes,No,Yes,No,No,Yes,Yes,No,Yes,Yes,Yes,Yes,No,Yes,No,No,Yes,Yes,No,No,No,No,No,No,No
ksk-eichsfeld,Kreissparkasse Eichsfeld,HELADEF1EIC,LIVE,DE,,true,Yes,No,Yes,No,No,Yes,Yes,No,Yes,Yes,Yes,Yes,No,Yes,No,No,Yes,Yes,No,No,No,No,No,No,No
ksk-esslingen-nuertingen,Kreissparkasse Esslingen-Nürtingen,ESSLDE66XXX,LIVE,DE,,true,Yes,No,Yes,No,No,Yes,Yes,No,Yes,Yes,Yes,Yes,No,Yes,No,No,Yes,Yes,No,No,No,No,No,No,No
ksk-euskirchen,Kreissparkasse Euskirchen,WELADED1EUS,LIVE,DE,,true,Yes,No,Yes,No,No,Yes,Yes,No,Yes,Yes,Yes,Yes,No,Yes,No,No,Yes,Yes,No,No,No,No,No,No,No
ksk-freudenstadt,Kreissparkasse Freudenstadt,SOLADES1FDS,LIVE,DE,,true,Yes,No,Yes,No,No,Yes,Yes,No,Yes,Yes,Yes,Yes,No,Yes,No,No,Yes,Yes,No,No,No,No,No,No,No
ksk-gelnhausen,Kreissparkasse Gelnhausen,HELADEF1GEL,LIVE,DE,,true,Yes,No,Yes,No,No,Yes,Yes,No,Yes,Yes,Yes,Yes,No,Yes,No,No,Yes,Yes,No,No,No,No,No,No,No
ksk-goeppingen,Kreissparkasse Göppingen,GOPSDE6GXXX,LIVE,DE,,true,Yes,No,Yes,No,No,Yes,Yes,No,Yes,Yes,Yes,Yes,No,Yes,No,No,Yes,Yes,No,No,No,No,No,No,No
ksk-gotha,Kreissparkasse Gotha,HELADEF1GTH,LIVE,DE,,true,Yes,No,Yes,No,No,Yes,Yes,No,Yes,Yes,Yes,Yes,No,Yes,No,No,Yes,Yes,No,No,No,No,No,No,No
ksk-gross-gerau,Kreissparkasse Groß-Gerau,HELADEF1GRG,LIVE,DE,,true,Yes,No,Yes,No,No,Yes,Yes,No,Yes,Yes,Yes,Yes,No,Yes,No,No,Yes,Yes,No,No,No,No,No,No,No
ksk-heidenheim,Kreissparkasse Heidenheim,SOLADES1HDH,LIVE,DE,,true,Yes,No,Yes,No,No,Yes,Yes,No,Yes,Yes,Yes,Yes,No,Yes,No,No,Yes,Yes,No,No,No,No,No,No,No
ksk-heilbronn,Kreissparkasse Heilbronn,HEISDE66XXX,LIVE,DE,,true,Yes,No,Yes,No,No,Yes,Yes,No,Yes,Yes,Yes,Yes,No,Yes,No,No,Yes,Yes,No,No,No,No,No,No,No
ksk-heinsberg,Kreissparkasse Heinsberg,WELADED1ERK,LIVE,DE,,true,Yes,No,Yes,No,No,Yes,Yes,No,Yes,Yes,Yes,Yes,No,Yes,No,No,Yes,Yes,No,No,No,No,No,No,No
ksk-herzogtum-lauenburg,Kreissparkasse Herzogtum Lauenburg,NOLADE21RZB,LIVE,DE,,true,Yes,No,Yes,No,No,Yes,Yes,No,Yes,Yes,Yes,Yes,No,Yes,No,No,Yes,Yes,No,No,No,No,No,No,No
ksk-hildburghausen,Kreissparkasse Hildburghausen,HELADEF1HIL,LIVE,DE,,true,Yes,No,Yes,No,No,Yes,Yes,No,Yes,Yes,Yes,Yes,No,Yes,No,No,Yes,Yes,No,No,No,No,No,No,No
ksk-kaiserslautern,Kreissparkasse Kaiserslautern,MALADE51KLK,LIVE,DE,,true,Yes,No,Yes,No,No,Yes,Yes,No,Yes,Yes,Yes,Yes,No,Yes,No,No,Yes,Yes,No,No,No,No,No,No,No
ksk-kelheim,Kreissparkasse Kelheim,BYLADEM1KEH,LIVE,DE,,true,Yes,No,Yes,No,No,Yes,Yes,No,Yes,Yes,Yes,Yes,No,Yes,No,No,Yes,Yes,No,No,No,No,No,No,No
ksk-koeln,Kreissparkasse Köln,COKSDE33XXX,LIVE,DE,,true,Yes,No,Yes,No,No,Yes,Yes,No,Yes,Yes,Yes,Yes,No,Yes,No,No,Yes,Yes,No,No,No,No,No,No,No
ksk-kusel,Kreissparkasse Kusel,MALADE51KUS,LIVE,DE,,true,Yes,No,Yes,No,No,Yes,Yes,No,Yes,Yes,Yes,Yes,No,Yes,No,No,Yes,Yes,No,No,No,No,No,No,No
ksk-limburg,Kreissparkasse Limburg,HELADEF1LIM,LIVE,DE,,true,Yes,No,Yes,No,No,Yes,Yes,No,Yes,Yes,Yes,Yes,No,Yes,No,No,Yes,Yes,No,No,No,No,No,No,No
ksk-ludwigsburg,Kreissparkasse Ludwigsburg,SOLADES1LBG,LIVE,DE,,true,Yes,No,Yes,No,No,Yes,Yes,No,Yes,Yes,Yes,Yes,No,Yes,No,No,Yes,Yes,No,No,No,No,No,No,No
ksk-maerkisch-oderland,Kreissparkasse Märkisch-Oderland,WELADED1MOL,LIVE,DE,,true,Yes,No,Yes,No,No,Yes,Yes,No,Yes,Yes,Yes,Yes,No,Yes,No,No,Yes,Yes,No,No,No,No,No,No,No
ksk-mayen,Kreissparkasse Mayen,MALADE51MYN,LIVE,DE,,true,Yes,No,Yes,No,No,Yes,Yes,No,Yes,Yes,Yes,Yes,No,Yes,No,No,Yes,Yes,No,No,No,No,No,No,No
ksk-melle,Kreissparkasse Melle,NOLADE21MEL,LIVE,DE,,true,Yes,No,Yes,No,No,Yes,Yes,No,Yes,Yes,Yes,Yes,No,Yes,No,No,Yes,Yes,No,No,No,No,No,No,No
ksk-miesbach-tegernsee,Kreissparkasse Miesbach-Tegernsee,BYLADEM1MIB,LIVE,DE,,true,Yes,No,Yes,No,No,Yes,Yes,No,Yes,Yes,Yes,Yes,No,Yes,No,No,Yes,Yes,No,No,No,No,No,No,No
ksk-muenchen-starnberg-ebersberg,Kreissparkasse München Starnberg Ebersberg,BYLADEM1KMS,LIVE,DE,,true,Yes,No,Yes,No,No,Yes,Yes,No,Yes,Yes,Yes,Yes,No,Yes,No,No,Yes,Yes,No,No,No,No,No,No,No
ksk-nordhausen,Kreissparkasse Nordhausen,HELADEF1NOR,LIVE,DE,,true,Yes,No,Yes,No,No,Yes,Yes,No,Yes,Yes,Yes,Yes,No,Yes,No,No,Yes,Yes,No,No,No,No,No,No,No
ksk-nordhorn,Kreissparkasse Grafschaft Bentheim zu Nordhorn,NOLADE21NOH,LIVE,DE,,true,Yes,No,Yes,No,No,Yes,Yes,No,Yes,Yes,Yes,Yes,No,Yes,No,No,Yes,Yes,No,No,No,No,No,No,No
ksk-northeim,Kreissparkasse Northeim,NOLADE21NOM,LIVE,DE,,true,Yes,No,Yes,No,No,Yes,Yes,No,Yes,Yes,Yes,Yes,No,Yes,No,No,Yes,Yes,No,No,No,No,No,No,No
ksk-ostalb,Kreissparkasse Ostalb,OASPDE6AXXX,LIVE,DE,,true,Yes,No,Yes,No,No,Yes,Yes,No,Yes,Yes,Yes,Yes,No,Yes,No,No,Yes,Yes,No,No,No,No,No,No,No
ksk-ravensburg,Kreissparkasse Ravensburg,SOLADES1RVB,LIVE,DE,,true,Yes,No,Yes,No,No,Yes,Yes,No,Yes,Yes,Yes,Yes,No,Yes,No,No,Yes,Yes,No,No,No,No,No,No,No
ksk-reutlingen,Kreissparkasse Reutlingen,SOLADES1REU,LIVE,DE,,true,Yes,No,Yes,No,No,Yes,Yes,No,Yes,Yes,Yes,Yes,No,Yes,No,No,Yes,Yes,No,No,No,No,No,No,No
ksk-rhein-hunsrueck,Kreissparkasse Rhein-Hunsrück,MALADE51SIM,LIVE,DE,,true,Yes,No,Yes,No,No,Yes,Yes,No,Yes,Yes,Yes,Yes,No,Yes,No,No,Yes,Yes,No,No,No,No,No,No,No
ksk-rottweil,Kreissparkasse Rottweil,SOLADES1RWL,LIVE,DE,,true,Yes,No,Yes,No,No,Yes,Yes,No,Yes,Yes,Yes,Yes,No,Yes,No,No,Yes,Yes,No,No,No,No,No,No,No
ksk-saale-orla,Kreissparkasse Saale-Orla,HELADEF1SOK,LIVE,DE,,true,Yes,No,Yes,No,No,Yes,Yes,No,Yes,Yes,Yes,Yes,No,Yes,No,No,Yes,Yes,No,No,No,No,No,No,No
ksk-saalfeld-rudolstadt,Kreissparkasse Saalfeld-Rudolstadt,HELADEF1SAR,LIVE,DE,,true,Yes,No,Yes,No,No,Yes,Yes,No,Yes,Yes,Yes,Yes,No,Yes,No,No,Yes,Yes,No,No,No,No,No,No,No
ksk-saarlouis,Kreissparkasse Saarlouis,KRSADE55XXX,LIVE,DE,,true,Yes,No,Yes,No,No,Yes,Yes,No,Yes,Yes,Yes,Yes,No,Yes,No,No,Yes,Yes,No,No,No,No,No,No,No
ksk-saarpfalz,Kreissparkasse Saarpfalz,SALADE51HOM,LIVE,DE,,true,Yes,No,Yes,No,No,Yes,Yes,No,Yes,Yes,Yes,Yes,No,Yes,No,No,Yes,Yes,No,No,No,No,No,No,No
ksk-schluechtern,Kreissparkasse Schlüchtern,HELADEF1SLU,LIVE,DE,,true,Yes,No,Yes,No,No,Yes,Yes,No,Yes,Yes,Yes,Yes,No,Yes,No,No,Yes,Yes,No,No,No,No,No,No,No
ksk-schwalm-eder,Kreissparkasse Schwalm-Eder,HELADEF1MEG,LIVE,DE,,true,Yes,No,Yes,No,No,Yes,Yes,No,Yes,Yes,Yes,Yes,No,Yes,No,No,Yes,Yes,No,No,No,No,No,No,No
ksk-sigmaringen,Kreissparkasse Sigmaringen,SOLADES1SIG,LIVE,DE,,true,Yes,No,Yes,No,No,Yes,Yes,No,Yes,Yes,Yes,Yes,No,Yes,No,No,Yes,Yes,No,No,No,No,No,No,No
ksk-soltau,Kreissparkasse Soltau,NOLADE21SOL,LIVE,DE,,true,Yes,No,Yes,No,No,Yes,Yes,No,Yes,Yes,Yes,Yes,No,Yes,No,No,Yes,Yes,No,No,No,No,No,No,No
ksk-st-wendel,Kreissparkasse St. Wendel,SALADE51WND,LIVE,DE,,true,Yes,No,Yes,No,No,Yes,Yes,No,Yes,Yes,Yes,Yes,No,Yes,No,No,Yes,Yes,No,No,No,No,No,No,No
ksk-stade,Kreissparkasse Stade,NOLADE21STK,LIVE,DE,,true,Yes,No,Yes,No,No,Yes,Yes,No,Yes,Yes,Yes,Yes,No,Yes,No,No,Yes,Yes,No,No,No,No,No,No,No
ksk-steinfurt,Kreissparkasse Steinfurt,WELADED1STF,LIVE,DE,,true,Yes,No,Yes,No,No,Yes,Yes,No,Yes,Yes,Yes,Yes,No,Yes,No,No,Yes,Yes,No,No,No,No,No,No,No
ksk-stendal,KSK Stendal,NOLADE21SDL,LIVE,DE,,true,Yes,No,Yes,No,No,Yes,Yes,No,Yes,Yes,Yes,Yes,No,Yes,No,No,Yes,Yes,No,No,No,No,No,No,No
ksk-syke,KSK Diepholz,BRLADE21SYK,LIVE,DE,,true,Yes,No,Yes,No,No,Yes,Yes,No,Yes,Yes,Yes,Yes,No,Yes,No,No,Yes,Yes,No,No,No,No,No,No,No
ksk-traunstein-trostberg,Kreissparkasse Traunstein-Trostberg,BYLADEM1TST,LIVE,DE,,true,Yes,No,Yes,No,No,Yes,Yes,No,Yes,Yes,Yes,Yes,No,Yes,No,No,Yes,Yes,No,No,No,No,No,No,No
ksk-tuebingen,Kreissparkasse Tübingen,SOLADES1TUB,LIVE,DE,,true,Yes,No,Yes,No,No,Yes,Yes,No,Yes,Yes,Yes,Yes,No,Yes,No,No,Yes,Yes,No,No,No,No,No,No,No
ksk-tuttlingen,Kreissparkasse Tuttlingen,SOLADES1TUT,LIVE,DE,,true,Yes,No,Yes,No,No,Yes,Yes,No,Yes,Yes,Yes,Yes,No,Yes,No,No,Yes,Yes,No,No,No,No,No,No,No
ksk-verden,Kreissparkasse Verden,BRLADE21VER,LIVE,DE,,true,Yes,No,Yes,No,No,Yes,Yes,No,Yes,Yes,Yes,Yes,No,Yes,No,No,Yes,Yes,No,No,No,No,No,No,No
ksk-vulkaneifel,Kreissparkasse Vulkaneifel,MALADE51DAU,LIVE,DE,,true,Yes,No,Yes,No,No,Yes,Yes,No,Yes,Yes,Yes,Yes,No,Yes,No,No,Yes,Yes,No,No,No,No,No,No,No
ksk-waiblingen,Kreissparkasse Waiblingen,SOLADES1WBN,LIVE,DE,,true,Yes,No,Yes,No,No,Yes,Yes,No,Yes,Yes,Yes,Yes,No,Yes,No,No,Yes,Yes,No,No,No,No,No,No,No
ksk-walsrode,Kreissparkasse Walsrode,NOLADE21WAL,LIVE,DE,,true,Yes,No,Yes,No,No,Yes,Yes,No,Yes,Yes,Yes,Yes,No,Yes,No,No,Yes,Yes,No,No,No,No,No,No,No
ksk-weilburg,Kreissparkasse Weilburg,HELADEF1WEI,LIVE,DE,,true,Yes,No,Yes,No,No,Yes,Yes,No,Yes,Yes,Yes,Yes,No,Yes,No,No,Yes,Yes,No,No,No,No,No,No,No
ksk-wiedenbrueck,Kreissparkasse Halle-Wiedenbrück,WELADED1WDB,LIVE,DE,,true,Yes,No,Yes,No,No,Yes,Yes,No,Yes,Yes,Yes,Yes,No,Yes,No,No,Yes,Yes,No,No,No,No,No,No,No
kssk-wasserburg,Kreis- und Stadtsparkasse Wasserburg am Inn,BYLADEM1WSB,LIVE,DE,,true,Yes,No,Yes,No,No,Yes,Yes,No,Yes,Yes,Yes,Yes,No,Yes,No,No,Yes,Yes,No,No,No,No,No,No,No
kutxabank,Kutxabank,,LIVE,ES,,true,No,Yes,Yes,Yes,No,Yes,No,No,Yes,Yes,No,Yes,No,Yes,No,No,No,No,Yes,No,No,No,No,No,No
kyffhaeusersparkasse-artern-sondershausen,Kyffhäusersparkasse Artern-Sondershausen,HELADEF1KYF,LIVE,DE,,true,Yes,No,Yes,No,No,Yes,Yes,No,Yes,Yes,Yes,Yes,No,Yes,No,No,Yes,Yes,No,No,No,No,No,No,No
labanquepostale,La Banque Postale,PSSTFRPPPAR,LIVE,FR,,true,Yes,Yes,Yes,Yes,No,Yes,Yes,No,Yes,Yes,Yes,Yes,No,No,No,No,No,Yes,No,No,No,No,No,No,No
labanquepostale-sandbox,La Banque postale Sandbox,PSSTFRPPPAR,SANDBOX,FR,,true,Yes,Yes,Yes,Yes,No,Yes,Yes,No,Yes,Yes,Yes,Yes,No,No,No,No,No,Yes,No,No,No,No,No,No,No
laboral_kutxa,Laboral Kutxa,CLPEES2MXXX,LIVE,ES,,true,No,Yes,Yes,Yes,No,Yes,No,No,Yes,No,Yes,Yes,No,Yes,No,No,No,No,Yes,No,No,No,No,No,No
laegernes-sandbox_dk,Lægernes Pension & Bank - Sandbox,LAPNDKK1,SANDBOX,DK,laegernes-sandbox_dk,true,Yes,Yes,Yes,Yes,No,Yes,No,No,Yes,Yes,Yes,Yes,No,Yes,Yes,No,Yes,Yes,No,No,No,No,No,No,No
laegernes_dk,Lægernes Pension & Bank,LAPNDKK1,LIVE,DK,laegernes_dk,true,Yes,Yes,Yes,Yes,No,Yes,No,No,Yes,Yes,Yes,Yes,No,Yes,Yes,No,Yes,Yes,No,No,No,No,No,No,No
lana,RAIFFEISENKASSE LANA CASSA RAIFFEISEN LANA,RZSBIT21XXX,LIVE,IT,,true,Yes,Yes,Yes,Yes,No,Yes,No,No,Yes,Yes,Yes,Yes,No,Yes,No,Yes,Yes,Yes,No,No,No,No,No,No,No
lances,RAIFFEISENKASSE LATSCH CASSA RAIFFEISEN LACES,RZSBIT21XXX,LIVE,IT,,true,Yes,Yes,Yes,Yes,No,Yes,No,No,Yes,Yes,Yes,Yes,No,Yes,No,Yes,Yes,Yes,No,No,No,No,No,No,No
landbank-horlofftal,Landbank Horlofftal eG,GENODE51REW,LIVE,DE,,true,Yes,Yes,Yes,Yes,No,Yes,No,No,Yes,Yes,No,No,No,No,No,No,Yes,No,No,Yes,No,No,No,No,No
lasa,RAIFFEISENKASSE LAAS CASSA RAIFFEISEN DI LASA,RZSBIT21XXX,LIVE,IT,,true,Yes,Yes,Yes,Yes,No,Yes,No,No,Yes,Yes,Yes,Yes,No,Yes,No,Yes,Yes,Yes,No,No,No,No,No,No,No
leipziger-volksbank,Leipziger Volksbank eG,GENODEF1LVB,LIVE,DE,,true,Yes,Yes,Yes,Yes,No,Yes,No,No,Yes,Yes,No,No,No,No,No,No,Yes,No,No,Yes,No,No,No,No,No
levo-bank,levoBank eG,GENODE51LEB,LIVE,DE,,true,Yes,Yes,Yes,Yes,No,Yes,No,No,Yes,Yes,No,No,No,No,No,No,Yes,No,No,Yes,No,No,No,No,No
liga-bank,LIGA Bank eG,GENODEF1M05,LIVE,DE,,true,Yes,Yes,Yes,Yes,No,Yes,No,No,Yes,Yes,No,No,No,No,No,No,Yes,No,No,Yes,No,No,No,No,No
lloyds,Lloyds (Personal),LOYDGB2LXXX,LIVE,GB,,true,No,Yes,Yes,Yes,No,Yes,Yes,Yes,Yes,No,Yes,Yes,No,No,No,No,No,Yes,No,No,Yes,Yes,Yes,No,No
lloyds-sandbox,Lloyds Bank Sandbox,,SANDBOX,GB,,true,No,Yes,Yes,No,No,Yes,No,Yes,Yes,No,Yes,Yes,No,Yes,No,No,No,Yes,No,No,Yes,Yes,Yes,No,No
lloydsbusiness,Lloyds (Business),,LIVE,GB,,true,Yes,Yes,Yes,Yes,No,Yes,Yes,Yes,Yes,No,Yes,Yes,No,No,No,No,Yes,Yes,No,No,Yes,Yes,Yes,No,No
lloydscommercial_eu,Lloyds EU (Commercial),,LIVE,GB,,true,No,Yes,Yes,Yes,No,Yes,Yes,No,Yes,No,Yes,No,No,No,No,No,No,Yes,No,No,No,No,No,No,No
lloydscommercial_uk,Lloyds UK (Commercial),,LIVE,GB,,true,No,Yes,Yes,Yes,No,Yes,Yes,No,Yes,No,Yes,No,No,No,No,No,No,Yes,No,No,No,No,No,No,No
lollands-sandbox_dk,Lollands Bank Sandbox,LOBADK21,SANDBOX,DK,lollands-sandbox_dk,true,Yes,Yes,Yes,Yes,No,Yes,No,No,Yes,Yes,Yes,Yes,No,Yes,Yes,No,Yes,Yes,No,No,No,No,No,No,No
lollands_dk,Lollands Bank,LOBADK21,LIVE,DK,lollands_dk,true,Yes,Yes,Yes,Yes,No,Yes,No,No,Yes,Yes,Yes,Yes,No,Yes,Yes,No,Yes,Yes,No,No,No,No,No,No,No
lsk-oldenburg,Landessparkasse zu Oldenburg,SLZODE22XXX,LIVE,DE,,true,Yes,No,Yes,No,No,Yes,Yes,No,Yes,Yes,Yes,Yes,No,Yes,No,No,Yes,Yes,No,No,No,No,No,No,No
luminor-sandbox,Luminor Sandbox,,SANDBOX,"EE,LT,LV",luminor-sandbox,true,No,Yes,Yes,Yes,No,Yes,No,No,Yes,No,No,No,No,No,No,No,No,No,Yes,No,No,No,No,No,No
luminor_ee,Luminor Estonia,RIKOEE22XXX,LIVE,EE,luminor_ee,true,No,Yes,Yes,Yes,No,Yes,No,No,Yes,No,No,No,No,No,No,No,No,No,Yes,No,No,No,No,No,No
luminor_lt,Luminor Lithuania,AGBLLT2XXXX,LIVE,LT,luminor_lt,true,No,Yes,Yes,Yes,No,Yes,No,No,Yes,Yes,No,No,No,No,No,No,No,No,Yes,No,No,No,No,No,No
luminor_lv,Luminor Latvia,RIKOLV2XXXX,LIVE,LV,luminor_lv,true,No,Yes,Yes,Yes,No,Yes,No,No,Yes,No,No,No,No,No,No,No,No,No,Yes,No,No,No,No,No,No
mabanque,BNP Paribas,,LIVE,FR,,true,No,Yes,Yes,Yes,No,Yes,Yes,No,Yes,Yes,No,No,No,No,No,No,No,Yes,No,No,No,No,No,No,No
mabanque-corporate,BNP Paribas - Corporate,,LIVE,FR,,true,Yes,Yes,Yes,Yes,No,Yes,Yes,No,Yes,Yes,No,No,No,No,No,No,No,Yes,No,No,No,No,No,No,No
maerkische-bank,Märkische Bank eG,GENODEM1HGN,LIVE,DE,,true,Yes,Yes,Yes,Yes,No,Yes,No,No,Yes,Yes,No,No,No,No,No,No,Yes,No,No,Yes,No,No,No,No,No
maj-sandbox_dk,Maj Bank A/S Sandbox,MAAJDKL1,SANDBOX,DK,maj-sandbox_dk,true,Yes,Yes,Yes,Yes,No,Yes,No,No,Yes,Yes,Yes,Yes,No,Yes,Yes,No,Yes,Yes,No,No,No,No,No,No,No
maj_dk,Maj Bank A/S,MAAJDKL1,LIVE,DK,maj_dk,true,Yes,Yes,Yes,Yes,No,Yes,No,No,Yes,Yes,Yes,Yes,No,Yes,Yes,No,Yes,Yes,No,No,No,No,No,No,No
marcard-stein,"Marcard, Stein & Co Bankiers",MCRDDEHHXXX,LIVE,DE,,true,Yes,Yes,Yes,Yes,No,Yes,No,No,Yes,No,No,No,No,No,No,No,Yes,No,No,Yes,No,No,No,No,No
max-flessa-bank,Bankhaus Max Flessa KG,FLESDEMMXXX,LIVE,DE,,true,Yes,Yes,Yes,Yes,No,Yes,No,No,Yes,Yes,No,No,No,No,No,No,Yes,No,No,Yes,No,No,No,No,No
mayer-bank,Bankhaus E. Mayer AG,BKMADE61XXX,LIVE,DE,,true,Yes,Yes,Yes,Yes,No,Yes,No,No,Yes,Yes,No,No,No,No,No,No,Yes,No,No,Yes,No,No,No,No,No
mbna,MBNA Personal,MBNAGB22XXX,LIVE,GB,,true,No,Yes,Yes,Yes,No,Yes,Yes,Yes,No,No,No,No,No,No,No,No,No,Yes,No,No,No,No,No,No,No
mbna-sandbox,MBNA Bank Sandbox,,SANDBOX,GB,,true,No,Yes,Yes,No,No,Yes,No,Yes,Yes,No,Yes,Yes,No,Yes,No,No,No,Yes,No,No,Yes,No,No,No,No
mediobancafinanziario_it,Mediobanca Banca di Credito Finanziario S.p.A. Banca Ifis S.p.A.,CRBZIT2B003,LIVE,IT,,true,Yes,Yes,Yes,Yes,No,Yes,No,No,Yes,Yes,No,Yes,No,Yes,No,No,No,No,Yes,No,No,No,No,No,No
mediocreditocentrale_it,Banca del Mezzogiorno – MedioCredito Centrale S.p.A.,CRBZIT2B003,LIVE,IT,,true,Yes,Yes,Yes,Yes,No,Yes,No,No,Yes,Yes,No,Yes,No,Yes,No,No,No,No,Yes,No,No,No,No,No,No
meine-bank-no,VR Bank Niederbayern-Oberpfalz eG,GENODEF1P18,LIVE,DE,,true,Yes,Yes,Yes,Yes,No,Yes,No,No,Yes,Yes,No,No,No,No,No,No,Yes,No,No,Yes,No,No,No,No,No
meine-rvb,Raiffeisen-Volksbank eG,GENODEF1UPL,LIVE,DE,,true,Yes,Yes,Yes,Yes,No,Yes,No,No,Yes,Yes,No,No,No,No,No,No,Yes,No,No,Yes,No,No,No,No,No
meine-vrbank,VR Bank zwischen den Meeren eG,GENODEF1NSH,LIVE,DE,,true,Yes,Yes,Yes,Yes,No,Yes,No,No,Yes,Yes,No,No,No,No,No,No,Yes,No,No,Yes,No,No,No,No,No
meine-vvb,Vereinigte Volksbank eG Saarlouis - Losheim am See - Sulzbach/Saar,GENODE51SB2,LIVE,DE,,true,Yes,Yes,Yes,Yes,No,Yes,No,No,Yes,Yes,No,No,No,No,No,No,Yes,No,No,Yes,No,No,No,No,No
mener-bank,Mendener Bank eG,GENODEM1MEN,LIVE,DE,,true,Yes,Yes,Yes,Yes,No,Yes,No,No,Yes,Yes,No,No,No,No,No,No,Yes,No,No,Yes,No,No,No,No,No
merkur-privatbank,MERKUR PRIVATBANK KGaA,GENODEF1M06,LIVE,DE,,true,Yes,Yes,Yes,Yes,No,Yes,No,No,Yes,Yes,No,No,No,No,No,No,Yes,No,No,Yes,No,No,No,No,No
merkur-sandbox_dk,Merkur Andelskasse Sandbox,MEKUDK21,SANDBOX,DK,merkur-sandbox_dk,true,Yes,Yes,Yes,Yes,No,Yes,No,No,Yes,Yes,Yes,Yes,No,Yes,Yes,No,Yes,Yes,No,No,No,No,No,No,No
merkur_dk,Merkur Andelskasse,MEKUDK21,LIVE,DK,merkur_dk,true,Yes,Yes,Yes,Yes,No,Yes,No,No,Yes,Yes,Yes,Yes,No,Yes,Yes,No,Yes,Yes,No,No,No,No,No,No,No
metro,Metro Bank PLC,MYMBGB2LXXX,LIVE,GB,,true,Yes,Yes,Yes,Yes,No,Yes,No,Yes,No,No,No,No,No,No,No,No,No,Yes,No,No,No,No,No,No,No
mettle,Mettle,,LIVE,GB,,true,No,Yes,Yes,Yes,No,Yes,No,Yes,Yes,No,No,No,No,No,No,No,No,Yes,No,No,No,No,No,No,No
mittelbrandenburgische-spk-in-potsdam,Mittelbrandenburgische Sparkasse in Potsdam,WELADED1PMB,LIVE,DE,,true,Yes,No,Yes,No,No,Yes,Yes,No,Yes,Yes,Yes,Yes,No,Yes,No,No,Yes,Yes,No,No,No,No,No,No,No
mkb-mittelstandskreditbank,MKB Mittelstandskreditbank AG,GENODEF1MKB,LIVE,DE,,true,Yes,Yes,Yes,Yes,No,Yes,No,No,Yes,Yes,No,No,No,No,No,No,Yes,No,No,Yes,No,No,No,No,No
mlp-finanzdienstleistungen,MLP Finanzdienstleistungen,MLPBDE61XXX,LIVE,DE,,true,Yes,Yes,Yes,Yes,No,Yes,No,No,Yes,Yes,No,No,No,No,No,No,Yes,No,No,Yes,No,No,No,No,No
mock-berlingroup,Mock ASPSP Berlin Group (Redirect),,SANDBOX,DE,,true,No,Yes,Yes,Yes,No,Yes,No,No,Yes,Yes,No,No,No,No,No,No,Yes,Yes,No,No,No,No,No,No,No
mock-berlingroup-embedded,Mock ASPSP Berlin Group (Embedded),,SANDBOX,DE,,true,No,Yes,Yes,Yes,No,Yes,No,No,Yes,Yes,No,No,No,No,No,No,No,No,No,Yes,No,No,No,No,No
mock-sandbox,mock-sandbox,,SANDBOX,GB,,true,No,Yes,Yes,No,No,Yes,Yes,Yes,Yes,No,Yes,Yes,No,Yes,No,No,Yes,Yes,No,No,No,No,No,No,No
mock-sandbox-v1,mock-sandbox-v1,,SANDBOX,GB,,true,No,No,Yes,No,No,Yes,Yes,No,Yes,No,Yes,Yes,No,Yes,No,No,Yes,Yes,No,No,No,No,No,No,No
mock-sandbox_stet,Mock ASPSP STET,,SANDBOX,FR,,true,No,Yes,Yes,Yes,No,Yes,Yes,No,Yes,No,Yes,Yes,No,No,No,No,Yes,Yes,No,No,No,No,No,No,No
modelo-sandbox,Modelo Sandbox,,SANDBOX,GB,,true,No,Yes,Yes,Yes,No,Yes,Yes,Yes,Yes,No,Yes,Yes,No,Yes,No,No,Yes,Yes,No,No,No,No,No,No,No
monguelfo-casiestesido,RAIFFEISENKASSE WELSBERG-GSIES TAISTEN CASSA RAIFFEISEN MONGUELFO-CASIESTESIDO,RZSBIT21XXX,LIVE,IT,,true,Yes,Yes,Yes,Yes,No,Yes,No,No,Yes,Yes,Yes,Yes,No,Yes,No,Yes,Yes,Yes,No,No,No,No,No,No,No
mons-sandbox_dk,Møns Bank - Sandbox,MONSDK21,SANDBOX,DK,mons-sandbox_dk,true,Yes,Yes,Yes,Yes,No,Yes,No,No,Yes,Yes,Yes,Yes,No,Yes,Yes,No,Yes,Yes,No,No,No,No,No,No,No
mons_dk,Møns Bank,MONSDK21,LIVE,DK,mons_dk,true,Yes,Yes,Yes,Yes,No,Yes,No,No,Yes,Yes,Yes,Yes,No,Yes,Yes,No,Yes,Yes,No,No,No,No,No,No,No
monzo_ob,Monzo,MONZGB2LXXX,LIVE,GB,,true,Yes,Yes,Yes,No,No,Yes,Yes,No,Yes,No,Yes,Yes,No,No,No,No,No,Yes,No,No,No,No,No,No,No
msbank,M&S Bank,MSFEGB21XXX,LIVE,GB,,true,No,Yes,Yes,Yes,No,Yes,Yes,No,No,No,No,No,No,No,No,No,No,Yes,No,No,No,No,No,No,No
muenchner-bank,Münchner Bank eG,GENODEF1M01,LIVE,DE,,true,Yes,Yes,Yes,Yes,No,Yes,No,No,Yes,Yes,No,No,No,No,No,No,Yes,No,No,Yes,No,No,No,No,No
mueritz-sparkasse,Müritz-Sparkasse,NOLADE21WRN,LIVE,DE,,true,Yes,No,Yes,No,No,Yes,Yes,No,Yes,Yes,Yes,Yes,No,Yes,No,No,Yes,Yes,No,No,No,No,No,No,No
mvb,Volksbank Darmstadt Mainz eG,MVBMDE55XXX,LIVE,DE,,true,Yes,Yes,Yes,Yes,No,Yes,No,No,Yes,Yes,No,No,No,No,No,No,Yes,No,No,Yes,No,No,No,No,No
myvoba,"Volksbank eG, Seesen",GENODEF1SES,LIVE,DE,,true,Yes,Yes,Yes,Yes,No,Yes,No,No,Yes,Yes,No,No,No,No,No,No,Yes,No,No,Yes,No,No,No,No,No
n26,N26,NTSBDEB1XXX,LIVE,"AT,SE,IE,IT,FR,FI,DE,EE,IS,DK,ES,NL,BE,NO",,true,Yes,No,Yes,Yes,No,Yes,No,No,Yes,Yes,No,Yes,No,No,No,No,No,No,Yes,No,No,No,No,No,No
nassauische-sparkasse,Nassauische Sparkasse,NASSDE55XXX,LIVE,DE,,true,Yes,No,Yes,No,No,Yes,Yes,No,Yes,Yes,Yes,Yes,No,Yes,No,No,Yes,Yes,No,No,No,No,No,No,No
national-bank,NATIONAL-BANK Aktiengesellschaft,NBAGDE3EXXX,LIVE,DE,,true,Yes,Yes,Yes,Yes,No,Yes,No,No,Yes,Yes,No,No,No,No,No,No,Yes,No,No,Yes,No,No,No,No,No
nationwide,Nationwide Building Society,NBSMGB22XXX,LIVE,GB,,true,Yes,Yes,Yes,Yes,No,Yes,Yes,Yes,Yes,No,Yes,Yes,No,No,No,No,No,Yes,No,No,Yes,Yes,Yes,No,No
natixis-global-trade-ex-trade-treasure-solution,Natixis Corporate and Investment Banking,NATXFRPPXXX,LIVE,FR,,true,No,Yes,Yes,Yes,No,Yes,Yes,No,Yes,Yes,Yes,Yes,No,No,No,No,No,Yes,No,No,No,No,No,No,No
natixis-wealth-management-france,Natixis Wealth Management,NATXFRPPBPS,LIVE,FR,,true,No,Yes,Yes,Yes,No,Yes,Yes,No,Yes,Yes,Yes,Yes,No,No,No,No,No,Yes,No,No,No,No,No,No,No
natwest,National Westminster Bank,NWBKGB2LXXX,LIVE,GB,,true,Yes,Yes,Yes,Yes,No,Yes,No,No,Yes,No,Yes,Yes,No,No,No,No,Yes,Yes,No,No,Yes,Yes,Yes,No,No
natwest-clearspend,NatWest ClearSpend,,LIVE,GB,,true,No,Yes,Yes,Yes,No,Yes,No,Yes,No,No,No,No,No,No,No,No,No,Yes,No,No,No,No,No,No,No
natwest-sandbox,Natwest Bank Sandbox,,SANDBOX,GB,,true,No,Yes,Yes,No,No,Yes,No,No,Yes,No,Yes,Yes,No,No,No,No,Yes,Yes,No,No,Yes,Yes,Yes,No,No
natwest-sandbox-vrp,Natwest VRP Sandbox,,SANDBOX,GB,,true,No,Yes,Yes,No,No,Yes,No,No,Yes,No,Yes,Yes,No,No,No,No,Yes,Yes,No,No,Yes,Yes,Yes,No,No
natwestbusiness,Natwest Bankline,NWBKGB2LXXX,LIVE,GB,,true,Yes,Yes,Yes,Yes,No,Yes,No,No,Yes,No,Yes,Yes,No,No,No,No,Yes,Yes,No,No,No,No,No,No,No
niederrheinische-sparkasse-rheinlippe,Niederrheinische Sparkasse RheinLippe,WELADED1WES,LIVE,DE,,true,Yes,No,Yes,No,No,Yes,Yes,No,Yes,Yes,Yes,Yes,No,Yes,No,No,Yes,Yes,No,No,No,No,No,No,No
nord-lb,NORD/LB,NOLADE2HXXX,LIVE,DE,,true,No,No,Yes,No,No,Yes,Yes,No,Yes,Yes,Yes,Yes,No,Yes,No,No,Yes,Yes,No,No,No,No,No,No,No
nord-ostsee-spk,Nord-Ostsee Sparkasse,NOLADE21NOS,LIVE,DE,,true,Yes,No,Yes,No,No,Yes,Yes,No,Yes,Yes,Yes,Yes,No,Yes,No,No,Yes,Yes,No,No,No,No,No,No,No
nordea-business_dk,Nordea - Business - Denmark,NDEADKKKXXX,LIVE,DK,nordea-personal_se,true,Yes,Yes,Yes,Yes,No,Yes,No,No,Yes,No,Yes,Yes,No,Yes,No,No,No,Yes,No,No,No,No,No,No,No
nordea-business_fi,Nordea - Business - Finland,NDEAFIHHXXX,LIVE,FI,nordea-personal_se,true,Yes,Yes,Yes,Yes,No,Yes,No,No,Yes,No,Yes,Yes,No,Yes,No,No,No,Yes,No,No,No,No,No,No,No
nordea-business_no,Nordea - Business - Norway,NDEANOKKXXX,LIVE,NO,nordea-personal_se,true,Yes,Yes,Yes,Yes,No,Yes,No,No,Yes,No,Yes,Yes,No,Yes,No,No,No,Yes,No,No,No,No,No,No,No
nordea-business_se,Nordea - Business - Sweden,NDEASESSXXX,LIVE,SE,nordea-personal_se,true,Yes,Yes,Yes,Yes,No,Yes,No,No,Yes,No,Yes,Yes,No,Yes,No,No,No,Yes,No,No,No,No,No,No,No
nordea-personal_dk,Nordea - Personal - Denmark,NDEADKKKXXX,LIVE,DK,nordea-personal_se,true,No,Yes,Yes,Yes,No,Yes,No,No,Yes,No,Yes,Yes,No,Yes,No,No,No,Yes,No,No,No,No,No,No,No
nordea-personal_fi,Nordea - Personal - Finland,NDEAFIHHXXX,LIVE,FI,nordea-personal_se,true,No,Yes,Yes,Yes,No,Yes,No,No,Yes,No,Yes,Yes,No,Yes,No,No,No,Yes,No,No,No,No,No,No,No
nordea-personal_no,Nordea - Personal - Norway,NDEANOKKXXX,LIVE,NO,nordea-personal_se,true,No,Yes,Yes,Yes,No,Yes,No,No,Yes,No,Yes,Yes,No,Yes,No,No,No,Yes,No,No,No,No,No,No,No
nordea-personal_se,Nordea - Personal - Sweden,NDEASESSXXX,LIVE,SE,nordea-personal_se,true,No,Yes,Yes,Yes,No,Yes,No,No,Yes,No,Yes,Yes,No,Yes,No,No,No,Yes,No,No,No,No,No,No,No
nordfyns,Nordfyns Bank,,LIVE,DK,,true,Yes,Yes,Yes,Yes,No,Yes,No,No,Yes,No,No,No,No,Yes,No,No,No,Yes,No,No,No,No,No,No,No
nordfyns-sandbox,Nordfyns Bank Sandbox,,SANDBOX,DK,,true,Yes,Yes,Yes,Yes,No,Yes,No,No,Yes,No,No,No,No,Yes,No,No,No,Yes,No,No,No,No,No,No,No
novo-banco-dos-acores-sa,Novobanco Dos Acores SA,BESAPTPAXXX,LIVE,PT,,true,Yes,Yes,Yes,Yes,No,Yes,No,No,Yes,Yes,Yes,Yes,No,No,No,No,Yes,Yes,No,No,No,No,No,No,No
novo-banco-dos-acores-sa-sandbox,Novobanco Dos Acores SA -Sandbox,BESAPTPAXXX,SANDBOX,PT,,true,Yes,Yes,Yes,Yes,No,Yes,No,No,Yes,Yes,Yes,Yes,No,No,No,No,Yes,Yes,No,No,No,No,No,No,No
novo-banco-sa,Novobanco SA,BESCPTPL,LIVE,PT,,true,Yes,Yes,Yes,Yes,No,Yes,No,No,Yes,Yes,Yes,Yes,No,Yes,No,No,Yes,Yes,No,No,No,No,No,No,No
novo-banco-sa-sandbox,Novobanco SA -Sandbox,BESCPTPL,SANDBOX,PT,,true,Yes,Yes,Yes,Yes,No,Yes,No,No,Yes,Yes,Yes,Yes,No,Yes,No,No,Yes,Yes,No,No,No,No,No,No,No
nykredit-sandbox_dk,Nykredit Bank A/S Sandbox,NYKBDKKK,SANDBOX,DK,nykredit-sandbox_dk,true,Yes,Yes,Yes,Yes,No,Yes,No,No,Yes,Yes,Yes,Yes,No,Yes,Yes,No,Yes,Yes,No,No,No,No,No,No,No
nykredit_dk,Nykredit Bank A/S,NYKBDKKK,LIVE,DK,nykredit_dk,true,Yes,Yes,Yes,Yes,No,Yes,No,No,Yes,Yes,Yes,Yes,No,Yes,Yes,No,Yes,Yes,No,No,No,No,No,No,No
oberbank,Oberbank,OBKLAT2LXXX,LIVE,AT,oberbank,true,Yes,Yes,Yes,Yes,No,Yes,No,No,Yes,No,Yes,Yes,No,Yes,Yes,Yes,No,No,No,Yes,No,No,No,No,No
oberbank-sandbox,Oberbank - Sandbox,OBKLAT2LXXX,SANDBOX,AT,oberbank,true,Yes,Yes,Yes,Yes,No,Yes,No,No,Yes,No,Yes,Yes,No,Yes,Yes,Yes,No,No,No,Yes,No,No,No,No,No
oberlandbank,Raiffeisenbank im Oberland eG,GENODEF1MIB,LIVE,DE,,true,Yes,Yes,Yes,Yes,No,Yes,No,No,Yes,Yes,No,No,No,No,No,No,Yes,No,No,Yes,No,No,No,No,No
oltradige,RAIFFEISENKASSE UBERETSCH CASSA RAIFFEISEN OLTRADIGE,RZSBIT21XXX,LIVE,IT,,true,Yes,Yes,Yes,Yes,No,Yes,No,No,Yes,Yes,Yes,Yes,No,Yes,No,Yes,Yes,Yes,No,No,No,No,No,No,No
onlinebanking-alxinger-bank,Alxing-Brucker Genossenschaftsbank eG,GENODEF1ALX,LIVE,DE,,true,Yes,Yes,Yes,Yes,No,Yes,No,No,Yes,Yes,No,No,No,No,No,No,Yes,No,No,Yes,No,No,No,No,No
onlinebanking-ibb-ag,Internationales Bankhaus Bodensee AG,IBBFDE81XXX,LIVE,DE,,true,Yes,Yes,Yes,Yes,No,Yes,No,No,Yes,Yes,No,No,No,No,No,No,Yes,No,No,Yes,No,No,No,No,No
onlinebanking-psd-braunschweig,PSD Bank Braunschweig eG,GENODEF1P02,LIVE,DE,,true,No,Yes,Yes,Yes,No,Yes,No,No,Yes,Yes,No,No,No,No,No,No,Yes,No,No,Yes,No,No,No,No,No
onlinebanking-psd-hannover,PSD Bank Hannover eG,GENODEF1P09,LIVE,DE,,true,No,Yes,Yes,Yes,No,Yes,No,No,Yes,Yes,No,No,No,No,No,No,Yes,No,No,Yes,No,No,No,No,No
onlinebanking-psd-karlsruhe-neustadt,PSD Bank Karlsruhe-Neustadt eG,GENODEF1P10,LIVE,DE,,true,No,Yes,Yes,Yes,No,Yes,No,No,Yes,Yes,No,No,No,No,No,No,Yes,No,No,Yes,No,No,No,No,No
onlinebanking-psd-koblenz,PSD Bank Koblenz eG,GENODEF1P12,LIVE,DE,,true,No,Yes,Yes,Yes,No,Yes,No,No,Yes,Yes,No,No,No,No,No,No,Yes,No,No,Yes,No,No,No,No,No
onlinebanking-psd-muenchen,PSD Bank München eG,GENODEF1P14,LIVE,DE,,true,No,Yes,Yes,Yes,No,Yes,No,No,Yes,Yes,No,No,No,No,No,No,Yes,No,No,Yes,No,No,No,No,No
onlinebanking-psd-nord,PSD Bank Nord eG,GENODEF1P08,LIVE,DE,,true,No,Yes,Yes,Yes,No,Yes,No,No,Yes,Yes,No,No,No,No,No,No,Yes,No,No,Yes,No,No,No,No,No
onlinebanking-psd-rhein-ruhr,PSD Bank Rhein-Ruhr eG,GENODEF1P05,LIVE,DE,,true,No,Yes,Yes,Yes,No,Yes,No,No,Yes,Yes,No,No,No,No,No,No,Yes,No,No,Yes,No,No,No,No,No
onlinebanking-psd-rheinneckarsaar,PSD Bank RheinNeckarSaar eG,GENODEF1P20,LIVE,DE,,true,No,Yes,Yes,Yes,No,Yes,No,No,Yes,Yes,No,No,No,No,No,No,Yes,No,No,Yes,No,No,No,No,No
onlinebanking-psd-west,PSD Bank West eG,GENODEF1P13,LIVE,DE,,true,No,Yes,Yes,Yes,No,Yes,No,No,Yes,Yes,No,No,No,No,No,No,Yes,No,No,Yes,No,No,No,No,No
onlinebanking-psdbank-ht,PSD Bank Hessen-Thüringen eG,GENODEF1P06,LIVE,DE,,true,No,Yes,Yes,Yes,No,Yes,No,No,Yes,Yes,No,No,No,No,No,No,Yes,No,No,Yes,No,No,No,No,No
onlinebanking-raiba-pfaffenhofen,Raiffeisenbank Pfaffenhofen a.d.Glonn eG,GENODEF1ODZ,LIVE,DE,,true,Yes,Yes,Yes,Yes,No,Yes,No,No,Yes,Yes,No,No,No,No,No,No,Yes,No,No,Yes,No,No,No,No,No
onlinebanking-raiba-tuengental,Raiffeisenbank Tüngental eG,GENODES1TUN,LIVE,DE,,true,Yes,Yes,Yes,Yes,No,Yes,No,No,Yes,Yes,No,No,No,No,No,No,Yes,No,No,Yes,No,No,No,No,No
onlinebanking-raiffeisenbank-hiltenfingen,Raiffeisenbank Hiltenfingen eG,GENODEF1HTF,LIVE,DE,,true,Yes,Yes,Yes,Yes,No,Yes,No,No,Yes,Yes,No,No,No,No,No,No,Yes,No,No,Yes,No,No,No,No,No
onlinebanking-raiffeisenbank-regenstauf,Raiffeisenbank Regenstauf eG,GENODEF1REF,LIVE,DE,,true,Yes,Yes,Yes,Yes,No,Yes,No,No,Yes,Yes,No,No,No,No,No,No,Yes,No,No,Yes,No,No,No,No,No
onlinebanking-rb-hersbruck,Raiffeisenbank im Nürnberger Land eG,GENODEF1HSB,LIVE,DE,,true,Yes,Yes,Yes,Yes,No,Yes,No,No,Yes,Yes,No,No,No,No,No,No,Yes,No,No,Yes,No,No,No,No,No
onlinebanking-rb-plankstetten,Raiffeisenbank Plankstetten AG,GENODEF1BPL,LIVE,DE,,true,Yes,Yes,Yes,Yes,No,Yes,No,No,Yes,Yes,No,No,No,No,No,No,Yes,No,No,Yes,No,No,No,No,No
onlinebanking-sgkb,St. Galler Kantonalbank Deutschland AG,GAKDDEM1XXX,LIVE,DE,,true,Yes,Yes,Yes,Yes,No,Yes,No,No,Yes,Yes,No,No,No,No,No,No,Yes,No,No,Yes,No,No,No,No,No
onlinebanking-suedspa,Südtiroler Sparkasse AG Niederlassung München,SUSKDEM1XXX,LIVE,DE,,true,Yes,Yes,Yes,Yes,No,Yes,No,No,Yes,Yes,No,No,No,No,No,No,Yes,No,No,Yes,No,No,No,No,No
onstmettinger-bank,Onstmettinger Bank eG,GENODES1ONS,LIVE,DE,,true,Yes,Yes,Yes,Yes,No,Yes,No,No,Yes,Yes,No,No,No,No,No,No,Yes,No,No,Yes,No,No,No,No,No
opbank-sandbox_fi,OP Bank Sandbox,OKOYFIHH,SANDBOX,FI,,true,No,Yes,Yes,Yes,No,Yes,No,No,Yes,No,Yes,Yes,No,No,No,No,No,Yes,No,No,No,No,No,No,No
opbank_fi,OP Bank,OKOYFIHH,LIVE,FI,,true,No,Yes,Yes,Yes,No,Yes,No,No,Yes,No,Yes,Yes,No,No,No,No,No,Yes,No,No,No,No,No,No,No
openbank,Openbank,OPENESMMXXX,LIVE,ES,,true,No,Yes,Yes,Yes,No,Yes,No,No,Yes,No,Yes,Yes,No,Yes,No,No,No,No,Yes,No,No,No,No,No,No
ostfriesische-volksbank,Ostfriesische Volksbank eG,GENODEF1LER,LIVE,DE,,true,Yes,Yes,Yes,Yes,No,Yes,No,No,Yes,Yes,No,No,No,No,No,No,Yes,No,No,Yes,No,No,No,No,No
ostsaechsische-sparkasse-dresden,Ostsächsische Sparkasse Dresden,OSDDDE81XXX,LIVE,DE,,true,Yes,No,Yes,No,No,Yes,Yes,No,Yes,Yes,Yes,Yes,No,Yes,No,No,Yes,Yes,No,No,No,No,No,No,No
ostseesparkasse-rostock,OstseeSparkasse Rostock,NOLADE21ROS,LIVE,DE,,true,Yes,No,Yes,No,No,Yes,Yes,No,Yes,Yes,Yes,Yes,No,Yes,No,No,Yes,Yes,No,No,No,No,No,No,No
otto-m-schroder-bank,Otto M. Schröder Bank AG,OSCBDEH1XXX,LIVE,DE,,true,Yes,Yes,Yes,Yes,No,Yes,No,No,Yes,Yes,No,No,No,No,No,No,Yes,No,No,Yes,No,No,No,No,No
pax-kirche-caritas-bank,Pax-Bank für Kirche und Caritas eG,GENODED1PAX,LIVE,DE,,true,Yes,Yes,Yes,Yes,No,Yes,No,No,Yes,Yes,No,No,No,No,No,No,Yes,No,No,Yes,No,No,No,No,No
payoneer,Payoneer - EU,PAYNUS33XXX,LIVE,"LV,AT,PT,DE,ES,NO,SE,IE,IT,FR,FI,EE,IS,LT,DK,NL,BE",,true,Yes,Yes,Yes,Yes,No,Yes,No,No,No,No,No,No,No,No,No,No,No,Yes,No,No,No,No,No,No,No
payoneer_uk,Payoneer - UK,PAYNUS33XXX,LIVE,GB,,true,Yes,Yes,Yes,Yes,No,Yes,No,No,No,No,No,No,No,No,No,No,No,Yes,No,No,No,No,No,No,No
paypal,PayPal,,LIVE,GB,,true,Yes,Yes,Yes,No,No,Yes,Yes,No,No,No,No,No,No,No,No,No,No,Yes,No,No,No,No,No,No,No
paypal-sandbox,PayPal Sandbox,,SANDBOX,GB,,true,No,Yes,Yes,No,No,Yes,Yes,No,No,No,No,No,No,No,No,No,No,Yes,No,No,No,No,No,No,No
paypal_eu,PayPal EU,,LIVE,"LV,AT,PT,DE,ES,NO,SE,IE,IT,FR,FI,EE,IS,LT,DK,NL,BE",,true,Yes,Yes,Yes,No,No,Yes,Yes,No,No,No,No,No,No,No,No,No,No,Yes,No,No,No,No,No,No,No
pensam-sandbox_dk,PenSam Sandbox,PENFDK22,SANDBOX,DK,pensam-sandbox_dk,true,Yes,Yes,Yes,Yes,No,Yes,No,No,Yes,Yes,Yes,Yes,No,Yes,Yes,No,Yes,Yes,No,No,No,No,No,No,No
pensam_dk,PenSam,PENFDK22,LIVE,DK,pensam_dk,true,Yes,Yes,Yes,Yes,No,Yes,No,No,Yes,Yes,Yes,Yes,No,Yes,Yes,No,Yes,Yes,No,No,No,No,No,No,No
permanent-tsb,Permanent TSB Group Holdings PLC,IPBSIE2DXXX,LIVE,IE,,true,Yes,Yes,Yes,Yes,No,Yes,No,No,Yes,No,No,No,No,No,No,No,No,Yes,No,No,No,No,No,No,No
pommerschevb,Volksbank Vorpommern eG,GENODEF1HST,LIVE,DE,,true,Yes,Yes,Yes,Yes,No,Yes,No,No,Yes,Yes,No,No,No,No,No,No,Yes,No,No,Yes,No,No,No,No,No
postbank,Deutsche Postbank,PBNKDEFFXXX,LIVE,DE,,true,Yes,Yes,Yes,Yes,No,Yes,No,No,Yes,Yes,No,Yes,No,Yes,No,No,No,Yes,No,No,No,No,No,No,No
postbank-sandbox,Deutsche Postbank Sandbox,,SANDBOX,DE,,true,No,Yes,Yes,Yes,No,Yes,No,No,Yes,Yes,No,Yes,No,Yes,No,No,No,Yes,No,No,No,No,No,No,No
poste-sandbox,Poste Italiane S.p.A. Patrimonio BancoPostaa - Sandbox,,SANDBOX,IT,,true,No,No,Yes,Yes,No,Yes,No,No,Yes,Yes,Yes,No,No,No,No,No,No,Yes,No,No,No,No,No,No,No
prato-tubre,RAIFFEISENKASSE PRAD-TAUFERS CASSA RAIFFEISEN PRATO-TUBRE,RZSBIT21XXX,LIVE,IT,,true,Yes,Yes,Yes,Yes,No,Yes,No,No,Yes,Yes,Yes,Yes,No,Yes,No,Yes,Yes,Yes,No,No,No,No,No,No,No
privatkuden-handel-abnk,Bank11 für Privatkunden und Handel GmbH,WEFZDED1XXX,LIVE,DE,,true,Yes,Yes,Yes,Yes,No,Yes,No,No,Yes,Yes,No,No,No,No,No,No,Yes,No,No,Yes,No,No,No,No,No
psd-nuernberg,PSD Bank Nürnberg eG,GENODEF1P17,LIVE,DE,,true,No,Yes,Yes,Yes,No,Yes,No,No,Yes,Yes,No,No,No,No,No,No,Yes,No,No,Yes,No,No,No,No,No
qonto,Qonto,QNTOFRPAXXX,LIVE,"DE,ES,IT,FR,NL,BE,PT,AT",,true,Yes,Yes,Yes,Yes,No,Yes,No,No,No,No,No,No,No,No,No,No,No,Yes,No,No,No,No,No,No,No
rabobank,Rabobank,RABONL2UXXX,LIVE,NL,rabobank,true,Yes,Yes,Yes,Yes,No,Yes,No,No,Yes,No,Yes,Yes,No,Yes,Yes,Yes,No,Yes,No,No,No,No,No,No,No
raiba-aindling,Raiffeisenbank Lech-Donau eG,GENODEF1AIL,LIVE,DE,,true,Yes,Yes,Yes,Yes,No,Yes,No,No,Yes,Yes,No,No,No,No,No,No,Yes,No,No,Yes,No,No,No,No,No
raiba-aitrang-rud,Raiffeisenbank Aitrang-Ruderatshofen eG,GENODEF1AIT,LIVE,DE,,true,Yes,Yes,Yes,Yes,No,Yes,No,No,Yes,Yes,No,No,No,No,No,No,Yes,No,No,Yes,No,No,No,No,No
raiba-alsbach,Raiffeisenbank Nördliche Bergstraße eG,GENODE51ABH,LIVE,DE,,true,Yes,Yes,Yes,Yes,No,Yes,No,No,Yes,Yes,No,No,No,No,No,No,Yes,No,No,Yes,No,No,No,No,No
raiba-altschweier,Raiffeisenbank Altschweier eG,GENODE61ALR,LIVE,DE,,true,Yes,Yes,Yes,Yes,No,Yes,No,No,Yes,Yes,No,No,No,No,No,No,Yes,No,No,Yes,No,No,No,No,No
raiba-bibertgrund,Raiffeisenbank Knoblauchsland-Bibertgrund eG,GENODEF1ZIR,LIVE,DE,,true,Yes,Yes,Yes,Yes,No,Yes,No,No,Yes,Yes,No,No,No,No,No,No,Yes,No,No,Yes,No,No,No,No,No
raiba-bidingen,Raiffeisenbank Bidingen eG,GENODEF1BIN,LIVE,DE,,true,Yes,Yes,Yes,Yes,No,Yes,No,No,Yes,Yes,No,No,No,No,No,No,Yes,No,No,Yes,No,No,No,No,No
raiba-bobingen,Raiffeisenbank Bobingen eG,GENODEF1BOI,LIVE,DE,,true,Yes,Yes,Yes,Yes,No,Yes,No,No,Yes,Yes,No,No,No,No,No,No,Yes,No,No,Yes,No,No,No,No,No
raiba-boellingertal,Raiffeisenbank Böllingertal eG,GENODES1BOE,LIVE,DE,,true,Yes,Yes,Yes,Yes,No,Yes,No,No,Yes,Yes,No,No,No,No,No,No,Yes,No,No,Yes,No,No,No,No,No
raiba-buehlertal,Raiffeisenbank Bühlertal eG,GENODES1RVG,LIVE,DE,,true,Yes,Yes,Yes,Yes,No,Yes,No,No,Yes,Yes,No,No,No,No,No,No,Yes,No,No,Yes,No,No,No,No,No
raiba-buett-gauk,Raiffeisenbank Bütthard-Gaukönigshofen eG,GENODEF1BHD,LIVE,DE,,true,Yes,Yes,Yes,Yes,No,Yes,No,No,Yes,Yes,No,No,No,No,No,No,Yes,No,No,Yes,No,No,No,No,No
raiba-burgthann,Raiffeisenbank Oberferrieden-Burgthann eG,GENODEF1BTO,LIVE,DE,,true,Yes,Yes,Yes,Yes,No,Yes,No,No,Yes,Yes,No,No,No,No,No,No,Yes,No,No,Yes,No,No,No,No,No
raiba-bw,Raiffeisenbank Bad Windsheim eG,GENODEF1WDS,LIVE,DE,,true,Yes,Yes,Yes,Yes,No,Yes,No,No,Yes,Yes,No,No,No,No,No,No,Yes,No,No,Yes,No,No,No,No,No
raiba-donau-heuberg,Raiffeisenbank Donau-Heuberg eG,GENODES1RDH,LIVE,DE,,true,Yes,Yes,Yes,Yes,No,Yes,No,No,Yes,Yes,No,No,No,No,No,No,Yes,No,No,Yes,No,No,No,No,No
raiba-elsavatal,Raiffeisenbank Elsavatal eG,GENODEF1EAU,LIVE,DE,,true,Yes,Yes,Yes,Yes,No,Yes,No,No,Yes,Yes,No,No,No,No,No,No,Yes,No,No,Yes,No,No,No,No,No
raiba-flachsmeer,Raiffeisenbank Flachsmeer eG,GENODEF1WEF,LIVE,DE,,true,Yes,Yes,Yes,Yes,No,Yes,No,No,Yes,Yes,No,No,No,No,No,No,Yes,No,No,Yes,No,No,No,No,No
raiba-floss,Raiffeisenbank Floß eG,GENODEF1FLS,LIVE,DE,,true,Yes,Yes,Yes,Yes,No,Yes,No,No,Yes,Yes,No,No,No,No,No,No,Yes,No,No,Yes,No,No,No,No,No
raiba-gh,Raiffeisenbank Griesstätt-Halfing eG,GENODEF1HFG,LIVE,DE,,true,Yes,Yes,Yes,Yes,No,Yes,No,No,Yes,Yes,No,No,No,No,No,No,Yes,No,No,Yes,No,No,No,No,No
raiba-gilching,Raiffeisenbank Gilching eG,GENODEF1GIL,LIVE,DE,,true,Yes,Yes,Yes,Yes,No,Yes,No,No,Yes,Yes,No,No,No,No,No,No,Yes,No,No,Yes,No,No,No,No,No
raiba-gr,Raiffeisenbank Geislingen-Rosenfeld eG,GENODES1GEI,LIVE,DE,,true,Yes,Yes,Yes,Yes,No,Yes,No,No,Yes,Yes,No,No,No,No,No,No,Yes,No,No,Yes,No,No,No,No,No
raiba-gretha,Raiffeisenbank Altmühl-Jura eG,GENODEF1GDG,LIVE,DE,,true,Yes,Yes,Yes,Yes,No,Yes,No,No,Yes,Yes,No,No,No,No,No,No,Yes,No,No,Yes,No,No,No,No,No
raiba-grimma,Raiffeisenbank Grimma eG,GENODEF1GMR,LIVE,DE,,true,Yes,Yes,Yes,Yes,No,Yes,No,No,Yes,Yes,No,No,No,No,No,No,Yes,No,No,Yes,No,No,No,No,No
raiba-hoechberg,Raiffeisenbank Höchberg eG,GENODEF1HBG,LIVE,DE,,true,Yes,Yes,Yes,Yes,No,Yes,No,No,Yes,Yes,No,No,No,No,No,No,Yes,No,No,Yes,No,No,No,No,No
raiba-idafehn,Raiffeisenbank Strücklingen- Idafehn eG,GENODEF1ORF,LIVE,DE,,true,Yes,Yes,Yes,Yes,No,Yes,No,No,Yes,Yes,No,No,No,No,No,No,Yes,No,No,Yes,No,No,No,No,No
raiba-kaarst,Raiffeisenbank Kaarst eG,GENODED1KAA,LIVE,DE,,true,Yes,Yes,Yes,Yes,No,Yes,No,No,Yes,Yes,No,No,No,No,No,No,Yes,No,No,Yes,No,No,No,No,No
raiba-ke-oa,VR Bank Kempten-Oberallgäu eG,GENODEF1SFO,LIVE,DE,,true,Yes,Yes,Yes,Yes,No,Yes,No,No,Yes,Yes,No,No,No,No,No,No,Yes,No,No,Yes,No,No,No,No,No
raiba-kms,Raiffeisenbank Küps-Mitwitz-Stockheim eG,GENODEF1KC2,LIVE,DE,,true,Yes,Yes,Yes,Yes,No,Yes,No,No,Yes,Yes,No,No,No,No,No,No,Yes,No,No,Yes,No,No,No,No,No
raiba-mittenwald,Raiffeisenbank Mittenwald eG,GENODEF1MTW,LIVE,DE,,true,Yes,Yes,Yes,Yes,No,Yes,No,No,Yes,Yes,No,No,No,No,No,No,Yes,No,No,Yes,No,No,No,No,No
raiba-msp,Raiffeisenbank Main-Spessart eG,GENODEF1GEM,LIVE,DE,,true,Yes,Yes,Yes,Yes,No,Yes,No,No,Yes,Yes,No,No,No,No,No,No,Yes,No,No,Yes,No,No,No,No,No
raiba-ndwa,Raiffeisenbank Niederwallmenach eG,GENODE51NWA,LIVE,DE,,true,Yes,Yes,Yes,Yes,No,Yes,No,No,Yes,Yes,No,No,No,No,No,No,Yes,No,No,Yes,No,No,No,No,No
raiba-neumarkt-opf,Raiffeisenbank Neumarkt i.d.OPf. eG,GENODEF1NM1,LIVE,DE,,true,Yes,Yes,Yes,Yes,No,Yes,No,No,Yes,Yes,No,No,No,No,No,No,Yes,No,No,Yes,No,No,No,No,No
raiba-neustadt,Raiffeisenbank Neustadt eG,GENODED1ASN,LIVE,DE,,true,Yes,Yes,Yes,Yes,No,Yes,No,No,Yes,Yes,No,No,No,No,No,No,Yes,No,No,Yes,No,No,No,No,No
raiba-oberland,Raiffeisenbank Oberland eG,GENODEF1MGA,LIVE,DE,,true,Yes,Yes,Yes,Yes,No,Yes,No,No,Yes,Yes,No,No,No,No,No,No,Yes,No,No,Yes,No,No,No,No,No
raiba-pfaffenwinkel,Raiffeisenbank Pfaffenwinkel eG,GENODEF1PEI,LIVE,DE,,true,Yes,Yes,Yes,Yes,No,Yes,No,No,Yes,Yes,No,No,No,No,No,No,Yes,No,No,Yes,No,No,No,No,No
raiba-rast,Raiffeisenbank Rastede eG,GENODEF1RSE,LIVE,DE,,true,Yes,Yes,Yes,Yes,No,Yes,No,No,Yes,Yes,No,No,No,No,No,No,Yes,No,No,Yes,No,No,No,No,No
raiba-rehling,Raiffeisenbank Rehling eG,GENODEF1RLI,LIVE,DE,,true,Yes,Yes,Yes,Yes,No,Yes,No,No,Yes,Yes,No,No,No,No,No,No,Yes,No,No,Yes,No,No,No,No,No
raiba-ried,VR Bank Ried-Überwald eG,GENODE51RBU,LIVE,DE,,true,Yes,Yes,Yes,Yes,No,Yes,No,No,Yes,Yes,No,No,No,No,No,No,Yes,No,No,Yes,No,No,No,No,No
raiba-rupertiwinkel,Raiffeisenbank Rupertiwinkel eG,GENODEF1TEI,LIVE,DE,,true,Yes,Yes,Yes,Yes,No,Yes,No,No,Yes,Yes,No,No,No,No,No,No,Yes,No,No,Yes,No,No,No,No,No
raiba-schwabmuenchen,Raiffeisenbank Schwabmünchen-Stauden eG,GENODEF1SMU,LIVE,DE,,true,Yes,Yes,Yes,Yes,No,Yes,No,No,Yes,Yes,No,No,No,No,No,No,Yes,No,No,Yes,No,No,No,No,No
raiba-seenplatte,Raiffeisenbank Mecklenburger Seenplatte eG,GENODEF1WRN,LIVE,DE,,true,Yes,Yes,Yes,Yes,No,Yes,No,No,Yes,Yes,No,No,No,No,No,No,Yes,No,No,Yes,No,No,No,No,No
raiba-steingn,Raiffeisenbank Steingaden eG,GENODEF1SGA,LIVE,DE,,true,Yes,Yes,Yes,Yes,No,Yes,No,No,Yes,Yes,No,No,No,No,No,No,Yes,No,No,Yes,No,No,No,No,No
raiba-suedhardt,Raiffeisenbank Südhardt eG,GENODE61DUR,LIVE,DE,,true,Yes,Yes,Yes,Yes,No,Yes,No,No,Yes,Yes,No,No,No,No,No,No,Yes,No,No,Yes,No,No,No,No,No
raiba-ueda,Raiffeisenbank Ühlfeld-Dachsbach eG,GENODEF1DSB,LIVE,DE,,true,Yes,Yes,Yes,Yes,No,Yes,No,No,Yes,Yes,No,No,No,No,No,No,Yes,No,No,Yes,No,No,No,No,No
raiba-wallgau-kruen,Raiffeisenbank Wallgau-Krün eG,GENODEF1WAK,LIVE,DE,,true,Yes,Yes,Yes,Yes,No,Yes,No,No,Yes,Yes,No,No,No,No,No,No,Yes,No,No,Yes,No,No,No,No,No
raiba-welling,Raiffeisenbank Welling eG,GENODED1WLG,LIVE,DE,,true,Yes,Yes,Yes,Yes,No,Yes,No,No,Yes,Yes,No,No,No,No,No,No,Yes,No,No,Yes,No,No,No,No,No
raiba-westhausen,Raiffeisenbank Westhausen eG,GENODES1RWN,LIVE,DE,,true,Yes,Yes,Yes,Yes,No,Yes,No,No,Yes,Yes,No,No,No,No,No,No,Yes,No,No,Yes,No,No,No,No,No
raibacalw,Raiffeisenbank im Kreis Calw eG,GENODES1RCW,LIVE,DE,,true,Yes,Yes,Yes,Yes,No,Yes,No,No,Yes,Yes,No,No,No,No,No,No,Yes,No,No,Yes,No,No,No,No,No
raibadirekt,Raiffeisenbank Aichhalden-Hardt- Sulgen eG,GENODES1HAR,LIVE,DE,,true,Yes,Yes,Yes,Yes,No,Yes,No,No,Yes,Yes,No,No,No,No,No,No,Yes,No,No,Yes,No,No,No,No,No
raibahallertau,Raiffeisenbank Hallertau eG,GENODEF1RHT,LIVE,DE,,true,Yes,Yes,Yes,Yes,No,Yes,No,No,Yes,Yes,No,No,No,No,No,No,Yes,No,No,Yes,No,No,No,No,No
raibalauenburg,"Raiffeisenbank eG, Lauenburg",GENODEF1RLB,LIVE,DE,,true,Yes,Yes,Yes,Yes,No,Yes,No,No,Yes,Yes,No,No,No,No,No,No,Yes,No,No,Yes,No,No,No,No,No
raibamol,"Raiffeisenbank eG, Moormerland",GENODEF1MML,LIVE,DE,,true,Yes,Yes,Yes,Yes,No,Yes,No,No,Yes,Yes,No,No,No,No,No,No,Yes,No,No,Yes,No,No,No,No,No
raibawesermarschsued,Raiffeisenbank Wesermarsch-Süd eG,GENODEF1BRN,LIVE,DE,,true,Yes,Yes,Yes,Yes,No,Yes,No,No,Yes,Yes,No,No,No,No,No,No,Yes,No,No,Yes,No,No,No,No,No
raibawiesrmeer,Raiffeisenbank Wiesedermeer- Wiesede-Marcardsmoor eG,GENODEF1WWM,LIVE,DE,,true,Yes,Yes,Yes,Yes,No,Yes,No,No,Yes,Yes,No,No,No,No,No,No,Yes,No,No,Yes,No,No,No,No,No
raiffeisen-privatbank,Raiffeisenbank Baiertal eG,GENODE61WIB,LIVE,DE,,true,Yes,Yes,Yes,Yes,No,Yes,No,No,Yes,Yes,No,No,No,No,No,No,Yes,No,No,Yes,No,No,No,No,No
raiffeisen-volksbank-neustadt,Raiffeisen-Volksbank Neustadt eG,GENODEF1NST,LIVE,DE,,true,Yes,Yes,Yes,Yes,No,Yes,No,No,Yes,Yes,No,No,No,No,No,No,Yes,No,No,Yes,No,No,No,No,No
raiffeisen_at,Raiffeisen Bank Austria,RZBAATWWXXX,LIVE,AT,,true,Yes,Yes,Yes,Yes,No,Yes,No,No,Yes,Yes,Yes,Yes,No,Yes,No,Yes,Yes,Yes,No,No,No,No,No,No,No
raiffeisen_it_sandbox,Casa Centrale Raiffeisen dell Alto Adige Sandbox,,SANDBOX,IT,,true,No,Yes,Yes,Yes,No,Yes,No,No,Yes,Yes,Yes,Yes,No,Yes,No,Yes,Yes,Yes,No,No,No,No,No,No,No
raiffeisenbank-bs,Raiffeisenbank Burgebrach-Stegaurach eG,GENODEF1BGB,LIVE,DE,,true,Yes,Yes,Yes,Yes,No,Yes,No,No,Yes,Yes,No,No,No,No,No,No,Yes,No,No,Yes,No,No,No,No,No
raiffeisenbank-elztal,Raiffeisenbank eG Elztal,GENODE61ELZ,LIVE,DE,,true,Yes,Yes,Yes,Yes,No,Yes,No,No,Yes,Yes,No,No,No,No,No,No,Yes,No,No,Yes,No,No,No,No,No
raiffeisenbank-erlenbach,Raiffeisenbank Erlenbach eG,GENODES1ERL,LIVE,DE,,true,Yes,Yes,Yes,Yes,No,Yes,No,No,Yes,Yes,No,No,No,No,No,No,Yes,No,No,Yes,No,No,No,No,No
raiffeisenbank-gmund,Raiffeisenbank Gmund am Tegernsee eG,GENODEF1GMU,LIVE,DE,,true,Yes,Yes,Yes,Yes,No,Yes,No,No,Yes,Yes,No,No,No,No,No,No,Yes,No,No,Yes,No,No,No,No,No
raiffeisenbank-gruibingen,Raiffeisenbank Gruibingen eG,GENODES1RGR,LIVE,DE,,true,Yes,Yes,Yes,Yes,No,Yes,No,No,Yes,Yes,No,No,No,No,No,No,Yes,No,No,Yes,No,No,No,No,No
raiffeisenbank-im-breisgau,Raiffeisenbank im Breisgau eG,GENODE61GUN,LIVE,DE,,true,Yes,Yes,Yes,Yes,No,Yes,No,No,Yes,Yes,No,No,No,No,No,No,Yes,No,No,Yes,No,No,No,No,No
raiffeisenbank-kaiserstuhl,Raiffeisenbank Kaiserstuhl eG,GENODE61VOK,LIVE,DE,,true,Yes,Yes,Yes,Yes,No,Yes,No,No,Yes,Yes,No,No,No,No,No,No,Yes,No,No,Yes,No,No,No,No,No
raiffeisenbank-kastellaun,Raiffeisenbank Kastellaun eG,GENODED1KSL,LIVE,DE,,true,Yes,Yes,Yes,Yes,No,Yes,No,No,Yes,Yes,No,No,No,No,No,No,Yes,No,No,Yes,No,No,No,No,No
raiffeisenbank-maitis,Raiffeisenbank Maitis eG,GENODES1RMA,LIVE,DE,,true,Yes,Yes,Yes,Yes,No,Yes,No,No,Yes,Yes,No,No,No,No,No,No,Yes,No,No,Yes,No,No,No,No,No
raiffeisenbank-ottenbach,Raiffeisenbank Ottenbach eG,GENODES1OTT,LIVE,DE,,true,Yes,Yes,Yes,Yes,No,Yes,No,No,Yes,Yes,No,No,No,No,No,No,Yes,No,No,Yes,No,No,No,No,No
raiffeisenbank-regensburg,Raiffeisenbank Regensburg-Wenzenbach eG,GENODEF1R02,LIVE,DE,,true,Yes,Yes,Yes,Yes,No,Yes,No,No,Yes,Yes,No,No,No,No,No,No,Yes,No,No,Yes,No,No,No,No,No
raiffeisenbank-rosenstein,Raiffeisenbank Rosenstein eG,GENODES1HEU,LIVE,DE,,true,Yes,Yes,Yes,Yes,No,Yes,No,No,Yes,Yes,No,No,No,No,No,No,Yes,No,No,Yes,No,No,No,No,No
raiffeisenbank-simmerath,Raiffeisenbank Eifel eG,GENODED1SMR,LIVE,DE,,true,Yes,Yes,Yes,Yes,No,Yes,No,No,Yes,Yes,No,No,No,No,No,No,Yes,No,No,Yes,No,No,No,No,No
raiffeisenbank-sinzing,Raiffeisenbank Sinzing eG,GENODEF1SZV,LIVE,DE,,true,Yes,Yes,Yes,Yes,No,Yes,No,No,Yes,Yes,No,No,No,No,No,No,Yes,No,No,Yes,No,No,No,No,No
raiffeisenbank-straubing,Raiffeisenbank Straubing eG,GENODEF1SR2,LIVE,DE,,true,Yes,Yes,Yes,Yes,No,Yes,No,No,Yes,Yes,No,No,No,No,No,No,Yes,No,No,Yes,No,No,No,No,No
raiffeisenbank-wangen,Raiffeisenbank Wangen eG,GENODES1RWA,LIVE,DE,,true,Yes,Yes,Yes,Yes,No,Yes,No,No,Yes,Yes,No,No,No,No,No,No,Yes,No,No,Yes,No,No,No,No,No
raiffeisenbank-wyhl,Raiffeisenbank Wyhl eG,GENODE61WYH,LIVE,DE,,true,Yes,Yes,Yes,Yes,No,Yes,No,No,Yes,Yes,No,No,No,No,No,No,Yes,No,No,Yes,No,No,No,No,No
raiffeisenbankersingen,Raiffeisenbank Ersingen eG,GENODE61ERS,LIVE,DE,,true,Yes,Yes,Yes,Yes,No,Yes,No,No,Yes,Yes,No,No,No,No,No,No,Yes,No,No,Yes,No,No,No,No,No
rautenschleinbank,Bankhaus Rautenschlein AG,GENODEF1RTS,LIVE,DE,,true,Yes,Yes,Yes,Yes,No,Yes,No,No,Yes,Yes,No,No,No,No,No,No,Yes,No,No,Yes,No,No,No,No,No
rb-af,Raiffeisenbank Auerbach-Freihung eG,GENODEF1AUO,LIVE,DE,,true,Yes,Yes,Yes,Yes,No,Yes,No,No,Yes,Yes,No,No,No,No,No,No,Yes,No,No,Yes,No,No,No,No,No
rb-ags,Raiffeisenbank Goldener Steig - Dreisessel eG,GENODEF1RGS,LIVE,DE,,true,Yes,Yes,Yes,Yes,No,Yes,No,No,Yes,Yes,No,No,No,No,No,No,Yes,No,No,Yes,No,No,No,No,No
rb-ah,Raiffeisenbank Alteglofsheim-Hagelstadt eG,GENODEF1HGA,LIVE,DE,,true,Yes,Yes,Yes,Yes,No,Yes,No,No,Yes,Yes,No,No,No,No,No,No,Yes,No,No,Yes,No,No,No,No,No
rb-allgaeuerland,Raiffeisenbank im Allgäuer Land eG,GENODEF1DTA,LIVE,DE,,true,Yes,Yes,Yes,Yes,No,Yes,No,No,Yes,Yes,No,No,No,No,No,No,Yes,No,No,Yes,No,No,No,No,No
rb-altdorf-ergolding,Raiffeisenbank Landshuter Land eG,GENODEF1ERG,LIVE,DE,,true,Yes,Yes,Yes,Yes,No,Yes,No,No,Yes,Yes,No,No,No,No,No,No,Yes,No,No,Yes,No,No,No,No,No
rb-alw,Raiffeisenbank Augsburger Land West eG,GENODEF1ZUS,LIVE,DE,,true,Yes,Yes,Yes,Yes,No,Yes,No,No,Yes,Yes,No,No,No,No,No,No,Yes,No,No,Yes,No,No,No,No,No
rb-am-kulm,Raiffeisenbank am Kulm eG,GENODEF1SPK,LIVE,DE,,true,Yes,Yes,Yes,Yes,No,Yes,No,No,Yes,Yes,No,No,No,No,No,No,Yes,No,No,Yes,No,No,No,No,No
rb-anger,Raiffeisenbank Anger eG,GENODEF1AGE,LIVE,DE,,true,Yes,Yes,Yes,Yes,No,Yes,No,No,Yes,Yes,No,No,No,No,No,No,Yes,No,No,Yes,No,No,No,No,No
rb-arge,Raiffeisenbank Aresing-Gerolsbach eG,GENODEF1GSB,LIVE,DE,,true,Yes,Yes,Yes,Yes,No,Yes,No,No,Yes,Yes,No,No,No,No,No,No,Yes,No,No,Yes,No,No,No,No,No
rb-arnstorf,Raiffeisenbank Arnstorf eG,GENODEF1ARF,LIVE,DE,,true,Yes,Yes,Yes,Yes,No,Yes,No,No,Yes,Yes,No,No,No,No,No,No,Yes,No,No,Yes,No,No,No,No,No
rb-as,Raiffeisenbank Aschau-Samerberg eG,GENODEF1ASU,LIVE,DE,,true,Yes,Yes,Yes,Yes,No,Yes,No,No,Yes,Yes,No,No,No,No,No,No,Yes,No,No,Yes,No,No,No,No,No
rb-bad-saulgau,Raiffeisenbank Bad Saulgau eG,GENODES1SAG,LIVE,DE,,true,Yes,Yes,Yes,Yes,No,Yes,No,No,Yes,Yes,No,No,No,No,No,No,Yes,No,No,Yes,No,No,No,No,No
rb-baunatal,Raiffeisenbank eG Baunatal,GENODEF1BTA,LIVE,DE,,true,Yes,Yes,Yes,Yes,No,Yes,No,No,Yes,Yes,No,No,No,No,No,No,Yes,No,No,Yes,No,No,No,No,No
rb-bechhofen,Raiffeisenbank Bechhofen eG,GENODEF1BEH,LIVE,DE,,true,Yes,Yes,Yes,Yes,No,Yes,No,No,Yes,Yes,No,No,No,No,No,No,Yes,No,No,Yes,No,No,No,No,No
rb-berghuelen,Raiffeisenbank Berghülen eG,GENODES1BGH,LIVE,DE,,true,Yes,Yes,Yes,Yes,No,Yes,No,No,Yes,Yes,No,No,No,No,No,No,Yes,No,No,Yes,No,No,No,No,No
rb-beuerberg,Raiffeisenbank Beuerberg-Eurasburg eG,GENODEF1EUR,LIVE,DE,,true,Yes,Yes,Yes,Yes,No,Yes,No,No,Yes,Yes,No,No,No,No,No,No,Yes,No,No,Yes,No,No,No,No,No
rb-biebergrund-petersberg,Raiffeisenbank Biebergrund-Petersberg eG,GENODEF1PBG,LIVE,DE,,true,Yes,Yes,Yes,Yes,No,Yes,No,No,Yes,Yes,No,No,No,No,No,No,Yes,No,No,Yes,No,No,No,No,No
rb-burgstaedt,Vereinigte Raiffeisenbank Burgstädt eG,GENODEF1BST,LIVE,DE,,true,Yes,Yes,Yes,Yes,No,Yes,No,No,Yes,Yes,No,No,No,No,No,No,Yes,No,No,Yes,No,No,No,No,No
rb-chamer-land,Raiffeisenbank Chamer Land eG,GENODEF1CHA,LIVE,DE,,true,Yes,Yes,Yes,Yes,No,Yes,No,No,Yes,Yes,No,No,No,No,No,No,Yes,No,No,Yes,No,No,No,No,No
rb-chiemgau-nord,Raiffeisenbank Chiemgau-Nord-Obing eG,GENODEF1SBC,LIVE,DE,,true,Yes,Yes,Yes,Yes,No,Yes,No,No,Yes,Yes,No,No,No,No,No,No,Yes,No,No,Yes,No,No,No,No,No
rb-dietersheim,Raiffeisenbank Dietersheim und Umgebung eG,GENODEF1DIM,LIVE,DE,,true,Yes,Yes,Yes,Yes,No,Yes,No,No,Yes,Yes,No,No,No,No,No,No,Yes,No,No,Yes,No,No,No,No,No
rb-eching,Raiffeisenbank Buch-Eching eG,GENODEF1EBV,LIVE,DE,,true,Yes,Yes,Yes,Yes,No,Yes,No,No,Yes,Yes,No,No,No,No,No,No,Yes,No,No,Yes,No,No,No,No,No
rb-eggenthal,Raiffeisenbank Baisweil-Eggenthal-Friesenried eG,GENODEF1EGB,LIVE,DE,,true,Yes,Yes,Yes,Yes,No,Yes,No,No,Yes,Yes,No,No,No,No,No,No,Yes,No,No,Yes,No,No,No,No,No
rb-ehekirchen,Raiffeisenbank Ehekirchen-Oberhausen eG,GENODEF1WDF,LIVE,DE,,true,Yes,Yes,Yes,Yes,No,Yes,No,No,Yes,Yes,No,No,No,No,No,No,Yes,No,No,Yes,No,No,No,No,No
rb-ehingen-hochstraess,VR-Bank Alb-Blau-Donau eG,GENODES1REH,LIVE,DE,,true,Yes,Yes,Yes,Yes,No,Yes,No,No,Yes,Yes,No,No,No,No,No,No,Yes,No,No,Yes,No,No,No,No,No
rb-eifeltor,Raiffeisenbank MEHR eG,GENODED1KAI,LIVE,DE,,true,Yes,Yes,Yes,Yes,No,Yes,No,No,Yes,Yes,No,No,No,No,No,No,Yes,No,No,Yes,No,No,No,No,No
rb-elln,Raiffeisenbank Eschlkam-Lam- Lohberg-Neukirchen b. Hl. Blut eG,GENODEF1NKN,LIVE,DE,,true,Yes,Yes,Yes,Yes,No,Yes,No,No,Yes,Yes,No,No,No,No,No,No,Yes,No,No,Yes,No,No,No,No,No
rb-eschweiler,Raiffeisen-Bank Eschweiler eG,GENODED1RSC,LIVE,DE,,true,Yes,Yes,Yes,Yes,No,Yes,No,No,Yes,Yes,No,No,No,No,No,No,Yes,No,No,Yes,No,No,No,No,No
rb-frankenhardt-stimpfach,Raiffeisenbank Frankenhardt-Stimpfach eG,GENODES1RFS,LIVE,DE,,true,Yes,Yes,Yes,Yes,No,Yes,No,No,Yes,Yes,No,No,No,No,No,No,Yes,No,No,Yes,No,No,No,No,No
rb-frs,Raiffeisenbank Fränkische Schweiz eG,GENODEF1HWA,LIVE,DE,,true,Yes,Yes,Yes,Yes,No,Yes,No,No,Yes,Yes,No,No,No,No,No,No,Yes,No,No,Yes,No,No,No,No,No
rb-fuldaerland,"Raiffeisenbank im Fuldaer Land eG ",GENODEF1GLU,LIVE,DE,,true,Yes,Yes,Yes,Yes,No,Yes,No,No,Yes,Yes,No,No,No,No,No,No,Yes,No,No,Yes,No,No,No,No,No
rb-geiselhoering,Raiffeisenbank Geiselhöring-Pfaffenberg eG,GENODEF1GPF,LIVE,DE,,true,Yes,Yes,Yes,Yes,No,Yes,No,No,Yes,Yes,No,No,No,No,No,No,Yes,No,No,Yes,No,No,No,No,No
rb-grabfeld,Raiffeisenbank im Grabfeld eG,GENODEF1SLZ,LIVE,DE,,true,Yes,Yes,Yes,Yes,No,Yes,No,No,Yes,Yes,No,No,No,No,No,No,Yes,No,No,Yes,No,No,No,No,No
rb-graevenwiesbach,Raiffeisenbank Grävenwiesbach eG,GENODE51GWB,LIVE,DE,,true,Yes,Yes,Yes,Yes,No,Yes,No,No,Yes,Yes,No,No,No,No,No,No,Yes,No,No,Yes,No,No,No,No,No
rb-grainet,Raiffeisenbank Grainet eG,GENODEF1GRT,LIVE,DE,,true,Yes,Yes,Yes,Yes,No,Yes,No,No,Yes,Yes,No,No,No,No,No,No,Yes,No,No,Yes,No,No,No,No,No
rb-gymnich,Raiffeisenbank Gymnich eG,GENODED1EGY,LIVE,DE,,true,Yes,Yes,Yes,Yes,No,Yes,No,No,Yes,Yes,No,No,No,No,No,No,Yes,No,No,Yes,No,No,No,No,No
rb-hardt-bruhrain,Raiffeisenbank Hardt-Bruhrain eG,GENODE61DET,LIVE,DE,,true,Yes,Yes,Yes,Yes,No,Yes,No,No,Yes,Yes,No,No,No,No,No,No,Yes,No,No,Yes,No,No,No,No,No
rb-hessennord,Raiffeisenbank HessenNord eG,GENODEF1WOH,LIVE,DE,,true,Yes,Yes,Yes,Yes,No,Yes,No,No,Yes,Yes,No,No,No,No,No,No,Yes,No,No,Yes,No,No,No,No,No
rb-hfw,Raiffeisenbank Hochfranken West eG,GENODEF1SZF,LIVE,DE,,true,Yes,Yes,Yes,Yes,No,Yes,No,No,Yes,Yes,No,No,No,No,No,No,Yes,No,No,Yes,No,No,No,No,No
rb-hirschau,Raiffeisenbank Hirschau eG,GENODEF1HSC,LIVE,DE,,true,Yes,Yes,Yes,Yes,No,Yes,No,No,Yes,Yes,No,No,No,No,No,No,Yes,No,No,Yes,No,No,No,No,No
rb-hl,Raiffeisenbank Hohenloher Land eG,GENODES1IBR,LIVE,DE,,true,Yes,Yes,Yes,Yes,No,Yes,No,No,Yes,Yes,No,No,No,No,No,No,Yes,No,No,Yes,No,No,No,No,No
rb-holzkirchen-otterfing,Raiffeisenbank Holzkirchen-Otterfing eG,GENODEF1HZO,LIVE,DE,,true,Yes,Yes,Yes,Yes,No,Yes,No,No,Yes,Yes,No,No,No,No,No,No,Yes,No,No,Yes,No,No,No,No,No
rb-hs,Raiffeisenbank Hengersberg-Schöllnach eG,GENODEF1HBW,LIVE,DE,,true,Yes,Yes,Yes,Yes,No,Yes,No,No,Yes,Yes,No,No,No,No,No,No,Yes,No,No,Yes,No,No,No,No,No
rb-ichenhausen,Raiffeisenbank Ichenhausen eG,GENODEF1ICH,LIVE,DE,,true,Yes,Yes,Yes,Yes,No,Yes,No,No,Yes,Yes,No,No,No,No,No,No,Yes,No,No,Yes,No,No,No,No,No
rb-idt,Raiffeisenbank im Donautal eG,GENODEF1GAH,LIVE,DE,,true,Yes,Yes,Yes,Yes,No,Yes,No,No,Yes,Yes,No,No,No,No,No,No,Yes,No,No,Yes,No,No,No,No,No
rb-kieselbronn,Raiffeisenbank Kieselbronn eG,GENODE61KBR,LIVE,DE,,true,Yes,Yes,Yes,Yes,No,Yes,No,No,Yes,Yes,No,No,No,No,No,No,Yes,No,No,Yes,No,No,No,No,No
rb-kirchweihtal,Raiffeisenbank Kirchweihtal eG,GENODEF1OKI,LIVE,DE,,true,Yes,Yes,Yes,Yes,No,Yes,No,No,Yes,Yes,No,No,No,No,No,No,Yes,No,No,Yes,No,No,No,No,No
rb-kirtorf,Raiffeisenbank Kirtorf eG,GENODE51KIF,LIVE,DE,,true,Yes,Yes,Yes,Yes,No,Yes,No,No,Yes,Yes,No,No,No,No,No,No,Yes,No,No,Yes,No,No,No,No,No
rb-koetzting,Raiffeisenbank Bad Kötzting eG,GENODEF1KTZ,LIVE,DE,,true,Yes,Yes,Yes,Yes,No,Yes,No,No,Yes,Yes,No,No,No,No,No,No,Yes,No,No,Yes,No,No,No,No,No
rb-lauf,Raiffeisen Spar+Kreditbank eG,GENODEF1LAU,LIVE,DE,,true,Yes,Yes,Yes,Yes,No,Yes,No,No,Yes,Yes,No,No,No,No,No,No,Yes,No,No,Yes,No,No,No,No,No
rb-lorup,Raiffeisenbank Lorup eG,GENODEF1LRU,LIVE,DE,,true,Yes,Yes,Yes,Yes,No,Yes,No,No,Yes,Yes,No,No,No,No,No,No,Yes,No,No,Yes,No,No,No,No,No
rb-massbach,"Raiffeisenbank eG, Rannungen",GENODEF1RNM,LIVE,DE,,true,Yes,Yes,Yes,Yes,No,Yes,No,No,Yes,Yes,No,No,No,No,No,No,Yes,No,No,Yes,No,No,No,No,No
rb-mittelschwaben,Raiffeisenbank Mittelschwaben eG,GENODEF1BBT,LIVE,DE,,true,Yes,Yes,Yes,Yes,No,Yes,No,No,Yes,Yes,No,No,No,No,No,No,Yes,No,No,Yes,No,No,No,No,No
rb-munchen,Raiffeisenbank München-Süd eG,GENODEF1M03,LIVE,DE,,true,Yes,Yes,Yes,Yes,No,Yes,No,No,Yes,Yes,No,No,No,No,No,No,Yes,No,No,Yes,No,No,No,No,No
rb-nahe,Raiffeisenbank Nahe eG,GENODED1FIN,LIVE,DE,,true,Yes,Yes,Yes,Yes,No,Yes,No,No,Yes,Yes,No,No,No,No,No,No,Yes,No,No,Yes,No,No,No,No,No
rb-nire-alb,Raiffeisenbank Niedere Alb eG,GENODES1RBA,LIVE,DE,,true,Yes,Yes,Yes,Yes,No,Yes,No,No,Yes,Yes,No,No,No,No,No,No,Yes,No,No,Yes,No,No,No,No,No
rb-nordkreis,Raiffeisenbank Lechrain eG,GENODEF1ELB,LIVE,DE,,true,Yes,Yes,Yes,Yes,No,Yes,No,No,Yes,Yes,No,No,No,No,No,No,Yes,No,No,Yes,No,No,No,No,No
rb-nr,Raiffeisenbank Neumarkt- St. Veit - Reischach eG,GENODEF1RWZ,LIVE,DE,,true,Yes,Yes,Yes,Yes,No,Yes,No,No,Yes,Yes,No,No,No,No,No,No,Yes,No,No,Yes,No,No,No,No,No
rb-oberaudorf,Raiffeisenbank Oberaudorf eG,GENODEF1OBD,LIVE,DE,,true,Yes,Yes,Yes,Yes,No,Yes,No,No,Yes,Yes,No,No,No,No,No,No,Yes,No,No,Yes,No,No,No,No,No
rb-om,Raiffeisenbank Oberteuringen-Meckenbeuren eG,GENODES1OTE,LIVE,DE,,true,Yes,Yes,Yes,Yes,No,Yes,No,No,Yes,Yes,No,No,No,No,No,No,Yes,No,No,Yes,No,No,No,No,No
rb-onw,Raiffeisenbank Oberpfalz NordWest eG,GENODEF1KEM,LIVE,DE,,true,Yes,Yes,Yes,Yes,No,Yes,No,No,Yes,Yes,No,No,No,No,No,No,Yes,No,No,Yes,No,No,No,No,No
rb-opf-jura,Raiffeisenbank im Oberpfälzer Jura eG,GENODEF1HEM,LIVE,DE,,true,Yes,Yes,Yes,Yes,No,Yes,No,No,Yes,Yes,No,No,No,No,No,No,Yes,No,No,Yes,No,No,No,No,No
rb-os,Raiffeisenbank Oberpfalz Süd eG,GENODEF1DST,LIVE,DE,,true,Yes,Yes,Yes,Yes,No,Yes,No,No,Yes,Yes,No,No,No,No,No,No,Yes,No,No,Yes,No,No,No,No,No
rb-parkstetten,Raiffeisenbank Parkstetten eG,GENODEF1PST,LIVE,DE,,true,Yes,Yes,Yes,Yes,No,Yes,No,No,Yes,Yes,No,No,No,No,No,No,Yes,No,No,Yes,No,No,No,No,No
rb-pfaffenhausen,Raiffeisenbank Pfaffenhausen eG,GENODEF1PFA,LIVE,DE,,true,Yes,Yes,Yes,Yes,No,Yes,No,No,Yes,Yes,No,No,No,No,No,No,Yes,No,No,Yes,No,No,No,No,No
rb-rattiszell-konzell,Raiffeisenbank Rattiszell-Konzell eG,GENODEF1RZK,LIVE,DE,,true,Yes,Yes,Yes,Yes,No,Yes,No,No,Yes,Yes,No,No,No,No,No,No,Yes,No,No,Yes,No,No,No,No,No
rb-reute-gaisbeuren,Raiffeisenbank Reute-Gaisbeuren eG,GENODES1RRG,LIVE,DE,,true,Yes,Yes,Yes,Yes,No,Yes,No,No,Yes,Yes,No,No,No,No,No,No,Yes,No,No,Yes,No,No,No,No,No
rb-schwaben,Raiffeisenbank Schwaben Mitte eG,GENODEF1BLT,LIVE,DE,,true,Yes,Yes,Yes,Yes,No,Yes,No,No,Yes,Yes,No,No,No,No,No,No,Yes,No,No,Yes,No,No,No,No,No
rb-singoldtal,Raiffeisenbank Singoldtal eG,GENODEF1HUA,LIVE,DE,,true,Yes,Yes,Yes,Yes,No,Yes,No,No,Yes,Yes,No,No,No,No,No,No,Yes,No,No,Yes,No,No,No,No,No
rb-sobland,Raiffeisenbank Schrobenhausener Land eG,GENODEF1WFN,LIVE,DE,,true,Yes,Yes,Yes,Yes,No,Yes,No,No,Yes,Yes,No,No,No,No,No,No,Yes,No,No,Yes,No,No,No,No,No
rb-solfingen,Raiffeisenbank Sondelfingen eG,GENODES1RSF,LIVE,DE,,true,Yes,Yes,Yes,Yes,No,Yes,No,No,Yes,Yes,No,No,No,No,No,No,Yes,No,No,Yes,No,No,No,No,No
rb-sued-oal,Raiffeisenbank Südliches Ostallgäu eG,GENODEF1RHP,LIVE,DE,,true,Yes,Yes,Yes,Yes,No,Yes,No,No,Yes,Yes,No,No,No,No,No,No,Yes,No,No,Yes,No,No,No,No,No
rb-thannhausen,Raiffeisenbank Thannhausen eG,GENODEF1THS,LIVE,DE,,true,Yes,Yes,Yes,Yes,No,Yes,No,No,Yes,Yes,No,No,No,No,No,No,Yes,No,No,Yes,No,No,No,No,No
rb-thurnauerland,Raiffeisenbank Thurnauer Land eG,GENODEF1THA,LIVE,DE,,true,Yes,Yes,Yes,Yes,No,Yes,No,No,Yes,Yes,No,No,No,No,No,No,Yes,No,No,Yes,No,No,No,No,No
rb-tofk,Raiffeisenbank Taufkirchen-Oberneukirchen eG,GENODEF1TAE,LIVE,DE,,true,Yes,Yes,Yes,Yes,No,Yes,No,No,Yes,Yes,No,No,No,No,No,No,Yes,No,No,Yes,No,No,No,No,No
rb-tuerkheim,Raiffeisenbank Türkheim eG,GENODEF1TRH,LIVE,DE,,true,Yes,Yes,Yes,Yes,No,Yes,No,No,Yes,Yes,No,No,No,No,No,No,Yes,No,No,Yes,No,No,No,No,No
rb-uz,Raiffeisenbank Unteres Zusamtal eG,GENODEF1BWI,LIVE,DE,,true,Yes,Yes,Yes,Yes,No,Yes,No,No,Yes,Yes,No,No,No,No,No,No,Yes,No,No,Yes,No,No,No,No,No
rb-wald,Raiffeisenbank Wald-Görisried eG,GENODEF1WGO,LIVE,DE,,true,Yes,Yes,Yes,Yes,No,Yes,No,No,Yes,Yes,No,No,No,No,No,No,Yes,No,No,Yes,No,No,No,No,No
rb-wegscheid,Raiffeisenbank Wegscheid eG,GENODEF1WSD,LIVE,DE,,true,Yes,Yes,Yes,Yes,No,Yes,No,No,Yes,Yes,No,No,No,No,No,No,Yes,No,No,Yes,No,No,No,No,No
rb-wittelsbacher,Raiffeisenbank Wittelsbacher Land eG,GENODEF1MRI,LIVE,DE,,true,Yes,Yes,Yes,Yes,No,Yes,No,No,Yes,Yes,No,No,No,No,No,No,Yes,No,No,Yes,No,No,No,No,No
rb-wl,Raiffeisenbank Werratal-Landeck eG,GENODEF1RAW,LIVE,DE,,true,Yes,Yes,Yes,Yes,No,Yes,No,No,Yes,Yes,No,No,No,No,No,No,Yes,No,No,Yes,No,No,No,No,No
rb-wuestenselbitz,Raiffeisenbank Wüstenselbitz eG,GENODEF1WSZ,LIVE,DE,,true,Yes,Yes,Yes,Yes,No,Yes,No,No,Yes,Yes,No,No,No,No,No,No,Yes,No,No,Yes,No,No,No,No,No
rbelbmarsch,Raiffeisenbank Elbmarsch eG,GENODEF1HTE,LIVE,DE,,true,Yes,Yes,Yes,Yes,No,Yes,No,No,Yes,Yes,No,No,No,No,No,No,Yes,No,No,Yes,No,No,No,No,No
rbfalkenstein-woerth,Raiffeisenbank Falkenstein-Wörth eG,GENODEF1FKS,LIVE,DE,,true,Yes,Yes,Yes,Yes,No,Yes,No,No,Yes,Yes,No,No,No,No,No,No,Yes,No,No,Yes,No,No,No,No,No
rbggendorf,Raiffeisenbank eG Deggendorf-Plattling-Sonnenwald,GENODEF1DEG,LIVE,DE,,true,Yes,Yes,Yes,Yes,No,Yes,No,No,Yes,Yes,No,No,No,No,No,No,Yes,No,No,Yes,No,No,No,No,No
rbk-haag-gars,Raiffeisenbank Haag-Gars-Maitenbeth eG,GENODEF1HMA,LIVE,DE,,true,Yes,Yes,Yes,Yes,No,Yes,No,No,Yes,Yes,No,No,No,No,No,No,Yes,No,No,Yes,No,No,No,No,No
rbk-rsa,Bankhaus RSA eG,GENODEF1RME,LIVE,DE,,true,Yes,Yes,Yes,Yes,No,Yes,No,No,Yes,Yes,No,No,No,No,No,No,Yes,No,No,Yes,No,No,No,No,No
rbkalbe-bismark,Raiffeisenbank Kalbe-Bismark eG,GENODEF1KAB,LIVE,DE,,true,Yes,Yes,Yes,Yes,No,Yes,No,No,Yes,Yes,No,No,No,No,No,No,Yes,No,No,Yes,No,No,No,No,No
rbkk,Raiffeisenbank Kreis Kelheim eG,GENODEF1ABS,LIVE,DE,,true,Yes,Yes,Yes,Yes,No,Yes,No,No,Yes,Yes,No,No,No,No,No,No,Yes,No,No,Yes,No,No,No,No,No
rbleezen,"Raiffeisenbank eG, Leezen",GENODEF1LZN,LIVE,DE,,true,Yes,Yes,Yes,Yes,No,Yes,No,No,Yes,Yes,No,No,No,No,No,No,Yes,No,No,Yes,No,No,No,No,No
rbmehring-leiwen,Raiffeisenbank Mehring-Leiwen eG,GENODED1MLW,LIVE,DE,,true,Yes,Yes,Yes,Yes,No,Yes,No,No,Yes,Yes,No,No,No,No,No,No,Yes,No,No,Yes,No,No,No,No,No
rbnzlingen-sexau,Raiffeisenbank Denzlingen-Sexau eG,GENODE61DEN,LIVE,DE,,true,Yes,Yes,Yes,Yes,No,Yes,No,No,Yes,Yes,No,No,No,No,No,No,Yes,No,No,Yes,No,No,No,No,No
rbok,Raiffeisenbank Ortenburg-Kirchberg v.W. eG,GENODEF1ORT,LIVE,DE,,true,Yes,Yes,Yes,Yes,No,Yes,No,No,Yes,Yes,No,No,No,No,No,No,Yes,No,No,Yes,No,No,No,No,No
rbopr,Raiffeisenbank Ostprignitz - Ruppin eG,GENODEF1NPP,LIVE,DE,,true,Yes,Yes,Yes,Yes,No,Yes,No,No,Yes,Yes,No,No,No,No,No,No,Yes,No,No,Yes,No,No,No,No,No
rbowschlag,"Raiffeisenbank eG, Owschlag",GENODEF1OWS,LIVE,DE,,true,Yes,Yes,Yes,Yes,No,Yes,No,No,Yes,Yes,No,No,No,No,No,No,Yes,No,No,Yes,No,No,No,No,No
rbpn,Raiffeisenbank im Landkreis Passau-Nord eG,GENODEF1TIE,LIVE,DE,,true,Yes,Yes,Yes,Yes,No,Yes,No,No,Yes,Yes,No,No,No,No,No,No,Yes,No,No,Yes,No,No,No,No,No
rbrnbach,"Raiffeisenbank eG, Rodenbach",GENODEF1RDB,LIVE,DE,,true,Yes,Yes,Yes,Yes,No,Yes,No,No,Yes,Yes,No,No,No,No,No,No,Yes,No,No,Yes,No,No,No,No,No
rbs,Royal Bank of Scotland,RBSSGBKCXXX,LIVE,GB,,true,Yes,Yes,Yes,Yes,No,Yes,No,No,Yes,No,Yes,Yes,No,No,No,No,Yes,Yes,No,No,Yes,Yes,Yes,No,No
rbs-clearspend,Royal Bank of Scotland ClearSpend,,LIVE,GB,,true,No,Yes,Yes,Yes,No,Yes,No,Yes,No,No,No,No,No,No,No,No,No,Yes,No,No,No,No,No,No,No
rbs-sandbox,Royal Bank of Scotland Sandbox,GENODEF1LST,SANDBOX,GB,,true,No,Yes,Yes,No,No,Yes,No,No,Yes,No,Yes,Yes,No,No,No,No,No,Yes,No,No,No,No,No,No,No
rbsbusiness,Royal Bank of Scotland Bankline,RBSSGBKCXXX,LIVE,GB,,true,Yes,Yes,Yes,Yes,No,Yes,No,No,Yes,No,Yes,Yes,No,No,No,No,Yes,Yes,No,No,No,No,No,No,No
rbscharrel,Raiffeisenbank eG Scharrel,GENODEF1SAN,LIVE,DE,,true,Yes,Yes,Yes,Yes,No,Yes,No,No,Yes,Yes,No,No,No,No,No,No,Yes,No,No,Yes,No,No,No,No,No
rbseestermuehe,"Raiffeisenbank eG, Seestermühe",GENODEF1SST,LIVE,DE,,true,Yes,Yes,Yes,Yes,No,Yes,No,No,Yes,Yes,No,No,No,No,No,No,Yes,No,No,Yes,No,No,No,No,No
rbsinternational-clearspend,RBS International ClearSpend,,LIVE,GB,,true,No,Yes,Yes,Yes,No,Yes,No,Yes,No,No,No,No,No,No,No,No,No,Yes,No,No,No,No,No,No,No
rbsum,Raiffeisenbank eG,GENODEF1GRS,LIVE,DE,,true,Yes,Yes,Yes,Yes,No,Yes,No,No,Yes,Yes,No,No,No,No,No,No,Yes,No,No,Yes,No,No,No,No,No
rbtnbuettel,"Raiffeisenbank eG, Todenbüttel",GENODEF1TOB,LIVE,DE,,true,Yes,Yes,Yes,Yes,No,Yes,No,No,Yes,Yes,No,No,No,No,No,No,Yes,No,No,Yes,No,No,No,No,No
rbui,Raiffeisenbank Unteres Inntal eG,GENODEF1NUI,LIVE,DE,,true,Yes,Yes,Yes,Yes,No,Yes,No,No,Yes,Yes,No,No,No,No,No,No,Yes,No,No,Yes,No,No,No,No,No
rbuv,Raiffeisenbank Unteres Vilstal eG,GENODEF1SDM,LIVE,DE,,true,Yes,Yes,Yes,Yes,No,Yes,No,No,Yes,Yes,No,No,No,No,No,No,Yes,No,No,Yes,No,No,No,No,No
rbvw,Raiffeisenbank Mainschleife - Steigerwald eG,GENODEF1WED,LIVE,DE,,true,Yes,Yes,Yes,Yes,No,Yes,No,No,Yes,Yes,No,No,No,No,No,No,Yes,No,No,Yes,No,No,No,No,No
regiobank,Regio Bank,RBRBNL21,LIVE,NL,devolksbank,true,Yes,Yes,Yes,Yes,No,Yes,No,No,Yes,No,Yes,Yes,No,No,No,No,No,Yes,No,No,No,No,No,No,No
renta4_banco,Renta4 Banco,RENBESMMXXX,LIVE,ES,,true,No,Yes,Yes,Yes,No,Yes,No,No,Yes,Yes,No,No,No,Yes,No,No,No,No,Yes,No,No,No,No,No,No
revolut,Revolut,REVOGB2LXXX,LIVE,GB,,true,Yes,Yes,Yes,Yes,No,Yes,No,No,Yes,No,Yes,Yes,No,Yes,Yes,Yes,Yes,Yes,No,No,No,No,No,No,No
revolut-sandbox,Revolut Sandbox,,SANDBOX,GB,,true,No,Yes,Yes,Yes,No,Yes,No,No,Yes,No,Yes,Yes,No,Yes,Yes,Yes,Yes,Yes,No,No,No,No,No,No,No
revolut_eu,Revolut EU,REVOGB21XXX,LIVE,"LV,AT,PT,DE,ES,NO,SE,IE,IT,FR,FI,EE,IS,LT,DK,NL,BE",,true,Yes,Yes,Yes,Yes,No,Yes,No,No,Yes,Yes,Yes,Yes,No,Yes,Yes,Yes,No,Yes,No,No,No,No,No,No,No
revolut_eu-sandbox,Revolut EU Sandbox,,SANDBOX,"LV,AT,PT,DE,ES,NO,SE,IE,IT,FR,FI,EE,IS,LT,DK,NL,BE",,true,No,Yes,Yes,No,No,Yes,No,No,Yes,No,Yes,Yes,No,Yes,Yes,Yes,Yes,Yes,No,No,No,No,No,No,No
rheingauer-volksbank,Rheingauer Volksbank eG,GENODE51RGG,LIVE,DE,,true,Yes,Yes,Yes,Yes,No,Yes,No,No,Yes,Yes,No,No,No,No,No,No,Yes,No,No,Yes,No,No,No,No,No
rhoen-rennsteig-spk,Rhön-Rennsteig Sparkasse,HELADEF1RRS,LIVE,DE,,true,Yes,No,Yes,No,No,Yes,Yes,No,Yes,Yes,Yes,Yes,No,Yes,No,No,Yes,Yes,No,No,No,No,No,No,No
rileg,Raiffeisenbank Isar-Loisachtal eG,GENODEF1HHS,LIVE,DE,,true,Yes,Yes,Yes,Yes,No,Yes,No,No,Yes,Yes,No,No,No,No,No,No,Yes,No,No,Yes,No,No,No,No,No
ringkjobing-landbobank,Ringkjøbing Landbobank,,LIVE,DK,,true,Yes,Yes,Yes,Yes,No,Yes,No,No,Yes,No,No,No,No,Yes,No,No,No,Yes,No,No,No,No,No,No,No
ringkjobing-landbobank-sandbox,Ringkjøbing Landbobank Sandbox,,SANDBOX,DK,,true,Yes,Yes,Yes,Yes,No,Yes,No,No,Yes,No,No,No,No,Yes,No,No,No,Yes,No,No,No,No,No,No,No
risparmioasti_it,Cassa di Risparmio di Asti,CRBZIT2B003,LIVE,IT,,true,Yes,Yes,Yes,Yes,No,Yes,No,No,Yes,Yes,No,Yes,No,Yes,No,No,No,No,Yes,No,No,No,No,No,No
risparmiofossano_it,Cassa di Risparmio di Fossano S.p.A.,CRBZIT2B003,LIVE,IT,,true,Yes,Yes,Yes,Yes,No,Yes,No,No,Yes,Yes,No,Yes,No,Yes,No,No,No,No,Yes,No,No,No,No,No,No
risparmioorvieto_it,Cassa di risparmio di Orvieto,CRBZIT2B003,LIVE,IT,,true,Yes,Yes,Yes,Yes,No,Yes,No,No,Yes,Yes,No,Yes,No,Yes,No,No,No,No,Yes,No,No,No,No,No,No
risparmiovolterra_it,Cassa di Risparmio di Volterra,CRBZIT2B003,LIVE,IT,,true,Yes,Yes,Yes,Yes,No,Yes,No,No,Yes,Yes,No,Yes,No,Yes,No,No,No,No,Yes,No,No,No,No,No,No
rmbeg,Raiffeisen - meine Bank eG,GENODEF1FYS,LIVE,DE,,true,Yes,Yes,Yes,Yes,No,Yes,No,No,Yes,Yes,No,No,No,No,No,No,Yes,No,No,Yes,No,No,No,No,No
rsb-retail-service-bank,RSB Retail+Service Bank GmbH,SABUDES1XXX,LIVE,DE,,true,Yes,Yes,Yes,Yes,No,Yes,No,No,Yes,Yes,No,No,No,No,No,No,Yes,No,No,Yes,No,No,No,No,No
rv-banken,Raiffeisen-Volksbank Tüssling-Unterneukirchen eG,GENODEF1TUS,LIVE,DE,,true,Yes,Yes,Yes,Yes,No,Yes,No,No,Yes,Yes,No,No,No,No,No,No,Yes,No,No,Yes,No,No,No,No,No
rv-ebe,Raiffeisen-Volksbank Ebersberg eG,GENODEF1ASG,LIVE,DE,,true,Yes,Yes,Yes,Yes,No,Yes,No,No,Yes,Yes,No,No,No,No,No,No,Yes,No,No,Yes,No,No,No,No,No
rvb-bad-staffelstein,Volksbank Raiffeisenbank Obermain eG,GENODEF1SFF,LIVE,DE,,true,Yes,Yes,Yes,Yes,No,Yes,No,No,Yes,Yes,No,No,No,No,No,No,Yes,No,No,Yes,No,No,No,No,No
rvb-donauwoerth,Raiffeisen-Volksbank Donauwörth eG,GENODEF1DON,LIVE,DE,,true,Yes,Yes,Yes,Yes,No,Yes,No,No,Yes,Yes,No,No,No,No,No,No,Yes,No,No,Yes,No,No,No,No,No
rvb-hassberge,Raiffeisen-Volksbank Haßberge eG,GENODEF1HAS,LIVE,DE,,true,Yes,Yes,Yes,Yes,No,Yes,No,No,Yes,Yes,No,No,No,No,No,No,Yes,No,No,Yes,No,No,No,No,No
rvbankries,Raiffeisen-Volksbank Ries eG,GENODEF1NOE,LIVE,DE,,true,Yes,Yes,Yes,Yes,No,Yes,No,No,Yes,Yes,No,No,No,No,No,No,Yes,No,No,Yes,No,No,No,No,No
rvbfresena,Raiffeisen-Volksbank Fresena eG,GENODEF1MAR,LIVE,DE,,true,Yes,Yes,Yes,Yes,No,Yes,No,No,Yes,Yes,No,No,No,No,No,No,Yes,No,No,Yes,No,No,No,No,No
rvbrspree,Raiffeisen-Volksbank Oder-Spree eG,GENODEF1BKW,LIVE,DE,,true,Yes,Yes,Yes,Yes,No,Yes,No,No,Yes,Yes,No,No,No,No,No,No,Yes,No,No,Yes,No,No,No,No,No
rvbvarelnonham,Volksbank Jade-Weser eG,GENODEF1VAR,LIVE,DE,,true,Yes,Yes,Yes,Yes,No,Yes,No,No,Yes,Yes,No,No,No,No,No,No,Yes,No,No,Yes,No,No,No,No,No
rvbwemding,Raiffeisen-Volksbank Wemding eG,GENODEF1WDN,LIVE,DE,,true,Yes,Yes,Yes,Yes,No,Yes,No,No,Yes,Yes,No,No,No,No,No,No,Yes,No,No,Yes,No,No,No,No,No
saalesparkasse,Saalesparkasse,NOLADE21HAL,LIVE,DE,,true,Yes,No,Yes,No,No,Yes,Yes,No,Yes,Yes,Yes,Yes,No,Yes,No,No,Yes,Yes,No,No,No,No,No,No,No
salzlandsparkasse,Salzlandsparkasse,NOLADE21SES,LIVE,DE,,true,Yes,No,Yes,No,No,Yes,Yes,No,Yes,Yes,Yes,Yes,No,Yes,No,No,Yes,Yes,No,No,No,No,No,No,No
santander-business_uk,Santander (Business UK),ABBYGB2LXXX,LIVE,GB,,true,Yes,Yes,Yes,Yes,No,Yes,Yes,Yes,Yes,No,Yes,Yes,No,No,No,No,Yes,Yes,No,No,Yes,Yes,Yes,No,No
santander-corporate_uk,Santander (Corporate UK),ABBYGB2LXXX,LIVE,GB,,true,No,Yes,Yes,Yes,No,Yes,Yes,Yes,Yes,No,Yes,Yes,No,No,No,No,Yes,Yes,No,No,Yes,Yes,Yes,No,No
santander-personal_uk,Santander (Personal UK),ABBYGB2LXXX,LIVE,GB,,true,No,Yes,Yes,Yes,No,Yes,Yes,Yes,Yes,No,Yes,Yes,No,No,No,No,No,Yes,No,No,Yes,Yes,Yes,No,No
schlern-rosengarten,RAIFFEISENKASSE SCHLERN-ROSENGARTEN CASSA RAIFFEISEN SCHLERN-ROSENGARTEN,RZSBIT21XXX,LIVE,IT,,true,Yes,Yes,Yes,Yes,No,Yes,No,No,Yes,Yes,Yes,Yes,No,Yes,No,Yes,Yes,Yes,No,No,No,No,No,No,No
sdk-bockum-hoevel,Spar- und Darlehnskasse Bockum-Hövel eG,GENODEM1HBH,LIVE,DE,,true,Yes,Yes,Yes,Yes,No,Yes,No,No,Yes,Yes,No,No,No,No,No,No,Yes,No,No,Yes,No,No,No,No,No
sdkinlamstedt,Spar- und Darlehnskasse Börde Lamstedt-Hechthausen eG,GENODEF1LAS,LIVE,DE,,true,Yes,Yes,Yes,Yes,No,Yes,No,No,Yes,Yes,No,No,No,No,No,No,Yes,No,No,Yes,No,No,No,No,No
seb-baltics_ee,SEB Estonia,EEUHEE2X,LIVE,EE,,true,Yes,Yes,Yes,Yes,No,Yes,No,No,Yes,Yes,Yes,Yes,No,Yes,Yes,No,No,Yes,No,No,No,No,No,No,No
seb-baltics_ee-sandbox,SEB Estonia Sandbox,EEUHEE2X,SANDBOX,EE,,true,Yes,Yes,Yes,Yes,No,Yes,No,No,Yes,Yes,Yes,Yes,No,Yes,Yes,No,No,Yes,No,No,No,No,No,No,No
seb-baltics_lt,SEB Lithuania,CBVILT2X,LIVE,LT,,true,Yes,Yes,Yes,Yes,No,Yes,No,No,Yes,Yes,Yes,Yes,No,Yes,Yes,No,No,Yes,No,No,No,No,No,No,No
seb-baltics_lv,SEB Latvia,UNLALV2X,LIVE,LV,,true,Yes,Yes,Yes,Yes,No,Yes,No,No,Yes,Yes,Yes,Yes,No,Yes,Yes,No,No,Yes,No,No,No,No,No,No,No
seb-sweden,SEB Sweden,ESSESESSXXX,LIVE,SE,,true,Yes,Yes,Yes,Yes,No,Yes,No,No,Yes,No,Yes,No,No,Yes,No,No,No,Yes,No,No,No,No,No,No,No
seb-sweden-sandbox,SEB Sweden Sandbox,ESSESESSXXX,SANDBOX,SE,,true,Yes,Yes,Yes,Yes,No,Yes,No,No,Yes,No,Yes,No,No,Yes,No,No,No,Yes,No,No,No,No,No,No,No
seebachgrund,Raiffeisenbank DreiFranken eG,GENODEF1HSE,LIVE,DE,,true,Yes,Yes,Yes,Yes,No,Yes,No,No,Yes,Yes,No,No,No,No,No,No,Yes,No,No,Yes,No,No,No,No,No
selfbank,Self Bank,SELFESMMXXX,LIVE,ES,,true,No,Yes,Yes,Yes,No,Yes,No,No,Yes,No,No,No,No,No,No,No,No,No,Yes,No,No,No,No,No,No
servicebank-btv-bank,BTV Bank für Tirol und Vorarlberg AG Zweigniederlassung Deutschland,BTVADE61XXX,LIVE,DE,,true,Yes,Yes,Yes,Yes,No,Yes,No,No,Yes,Yes,No,No,No,No,No,No,Yes,No,No,Yes,No,No,No,No,No
silandro,RAIFFEISENKASSE SCHLANDERS CASSA RAIFFEISEN SILANDRO,RZSBIT21XXX,LIVE,IT,,true,Yes,Yes,Yes,Yes,No,Yes,No,No,Yes,Yes,Yes,Yes,No,Yes,No,Yes,Yes,Yes,No,No,No,No,No,No,No
siliconvalleybank,Silicon Valley Bank,SVBKUS6SXXX,LIVE,"GB,DE",,true,Yes,Yes,Yes,No,No,Yes,No,No,Yes,No,Yes,Yes,No,Yes,No,No,Yes,Yes,No,No,No,No,No,No,No
siliconvalleybank-sandbox,Silicon Valley Bank (Sandbox),SVBKUS6SXXX,SANDBOX,"GB,DE",,true,Yes,Yes,Yes,No,No,Yes,No,No,Yes,No,Yes,Yes,No,Yes,No,No,Yes,Yes,No,No,No,No,No,No,No
skandia,Skandia,SKIASESSXXX,LIVE,SE,,true,No,Yes,Yes,Yes,No,Yes,No,No,Yes,No,No,Yes,No,Yes,No,No,No,No,Yes,No,No,No,No,No,No
skandia-sandbox,Skandia Sandbox,SKIASESSXXX,SANDBOX,SE,,true,No,Yes,Yes,Yes,No,Yes,No,No,Yes,No,No,Yes,No,Yes,No,No,No,No,Yes,No,No,No,No,No,No
skandinaviska-sandbox_dk,Skandinaviska Enskilda Banken Danmark Sandbox,ESSEDKKK,SANDBOX,DK,skandinaviska-sandbox_dk,true,Yes,Yes,Yes,Yes,No,Yes,No,No,Yes,Yes,Yes,Yes,No,Yes,Yes,No,Yes,Yes,No,No,No,No,No,No,No
skandinaviska_dk,Skandinaviska Enskilda Banken Danmark,ESSEDKKK,LIVE,DK,skandinaviska_dk,true,Yes,Yes,Yes,Yes,No,Yes,No,No,Yes,Yes,Yes,Yes,No,Yes,Yes,No,Yes,Yes,No,No,No,No,No,No,No
skb-badhomburg,Spar- und Kreditbank Evangelisch-Freikirchlicher Gemeinden eG,GENODE51BH2,LIVE,DE,,true,Yes,Yes,Yes,Yes,No,Yes,No,No,Yes,Yes,No,No,No,No,No,No,Yes,No,No,Yes,No,No,No,No,No
skb-buehlertal,Spar- und Kreditbank Bühlertal eG,GENODE61BHT,LIVE,DE,,true,Yes,Yes,Yes,Yes,No,Yes,No,No,Yes,Yes,No,No,No,No,No,No,Yes,No,No,Yes,No,No,No,No,No
skb-gemuen,Spar- u. Kredit-Bank eG,GENODEF1GMD,LIVE,DE,,true,Yes,Yes,Yes,Yes,No,Yes,No,No,Yes,Yes,No,No,No,No,No,No,Yes,No,No,Yes,No,No,No,No,No
skb-hammah,"Spar- und Kreditbank eG, Hammah",GENODEF1HAA,LIVE,DE,,true,Yes,Yes,Yes,Yes,No,Yes,No,No,Yes,Yes,No,No,No,No,No,No,Yes,No,No,Yes,No,No,No,No,No
skb-rheinstetten,Spar- und Kreditbank Rheinstetten eG,GENODE61RH2,LIVE,DE,,true,Yes,Yes,Yes,Yes,No,Yes,No,No,Yes,Yes,No,No,No,No,No,No,Yes,No,No,Yes,No,No,No,No,No
skbwitten,Spar- und Kreditbank des Bundes Freier evangelischer Gemeinden eG,GENODEM1BFG,LIVE,DE,,true,Yes,Yes,Yes,Yes,No,Yes,No,No,Yes,Yes,No,No,No,No,No,No,Yes,No,No,Yes,No,No,No,No,No
skjern,Skjern Bank,,LIVE,DK,,true,Yes,Yes,Yes,Yes,No,Yes,No,No,Yes,No,No,No,No,Yes,No,No,No,Yes,No,No,No,No,No,No,No
skjern-sandbox,Skjern Bank Sandbox,,SANDBOX,DK,,true,Yes,Yes,Yes,Yes,No,Yes,No,No,Yes,No,No,No,No,Yes,No,No,No,Yes,No,No,No,No,No,No,No
smbc,Sumitomo Mitsui Banking Corporation,SMBCDEDDXXX,LIVE,"BE,DE,FR",,true,Yes,Yes,Yes,Yes,No,Yes,No,No,Yes,No,Yes,No,No,Yes,Yes,No,No,No,Yes,No,No,No,No,No,No
smbc-sandbox,Sumitomo Mitsui Banking Corporation - Sandbox,SMBCDEDDXXX,SANDBOX,"BE,DE,FR",,true,Yes,Yes,Yes,No,No,Yes,No,No,Yes,No,Yes,No,No,Yes,Yes,No,No,No,Yes,No,No,No,No,No,No
smbc_uk,Sumitomo Mitsui Banking Corporation,SMBCGB2L,LIVE,GB,,true,Yes,Yes,Yes,No,No,Yes,No,No,Yes,No,Yes,No,No,Yes,Yes,No,No,No,Yes,No,No,No,No,No,No
snsbank,SNS Bank,SNSBNL2AXXX,LIVE,NL,devolksbank,true,Yes,Yes,Yes,Yes,No,Yes,No,No,Yes,No,Yes,Yes,No,No,No,No,No,Yes,No,No,No,No,No,No,No
snsbank-sandbox,SNS Bank Sandbox,SNSBNL2AXXX,SANDBOX,NL,devolksbank,true,No,Yes,Yes,No,No,Yes,No,No,Yes,No,Yes,Yes,No,No,No,No,No,Yes,No,No,No,No,No,No,No
sob-bank,Schrobenhausener Bank eG,GENODEF1SBN,LIVE,DE,,true,Yes,Yes,Yes,Yes,No,Yes,No,No,Yes,Yes,No,No,No,No,No,No,Yes,No,No,Yes,No,No,No,No,No
soc-gen-business,Societe Generale Business,SOGEFRPPPSZ,LIVE,FR,soc-gen-personal,true,No,Yes,Yes,Yes,No,Yes,Yes,No,Yes,Yes,Yes,Yes,No,No,No,No,No,Yes,No,No,No,No,No,No,No
soc-gen-corporate,Societe Generale Entreprises,SOGEFRPPPSZ,LIVE,FR,soc-gen-personal,true,No,Yes,Yes,Yes,No,Yes,Yes,No,Yes,Yes,Yes,Yes,No,No,No,No,No,Yes,No,No,No,No,No,No,No
soc-gen-personal,Societe Generale - Personal,SOGEFRPPPSZ,LIVE,FR,soc-gen-personal,true,No,Yes,Yes,Yes,No,Yes,Yes,No,Yes,Yes,Yes,Yes,No,No,No,No,No,Yes,No,No,No,No,No,No,No
soc-gen-personal-sandbox,Societe Generale Personal Sandbox,SOGEFRPPPSZ,SANDBOX,FR,soc-gen-personal-sandbox,true,No,Yes,Yes,Yes,No,Yes,Yes,No,Yes,Yes,Yes,Yes,No,No,No,No,No,Yes,No,No,No,No,No,No,No
solaris-sandbox,Solaris Sandbox,PSSTFRPPPAR,SANDBOX,DE,,true,Yes,Yes,Yes,Yes,No,Yes,No,No,Yes,No,No,Yes,No,No,No,No,Yes,Yes,No,No,No,No,No,No,No
soldo-token,Soldo UK,SOAVGB21XXX,LIVE,GB,,true,Yes,Yes,Yes,Yes,No,Yes,No,No,No,No,No,No,No,No,No,No,No,Yes,No,No,No,No,No,No,No
soldo-token-sandbox,Soldo UK Sandbox,SOAVGB21XXX,SANDBOX,GB,,true,Yes,Yes,Yes,Yes,No,Yes,No,No,No,No,No,No,No,No,No,No,No,Yes,No,No,No,No,No,No,No
soldo-token_ie,Soldo Ireland,SOAVGB21XXX,LIVE,IE,,true,Yes,Yes,Yes,Yes,No,Yes,No,No,No,No,No,No,No,No,No,No,No,Yes,No,No,No,No,No,No,No
soldo-token_ie-sandbox,Soldo Ireland Sandbox,SOAVGB21XXX,SANDBOX,IE,,true,Yes,Yes,Yes,Yes,No,Yes,No,No,No,No,No,No,No,No,No,No,No,Yes,No,No,No,No,No,No,No
sozialwirtschaft,Bank für Sozialwirtschaft AG,BFSWDE33XXX,LIVE,DE,,true,No,Yes,Yes,Yes,No,Yes,No,No,Yes,Yes,No,Yes,No,Yes,No,No,Yes,No,No,Yes,No,No,No,No,No
spadaka-friesoythe,"Volksbank eG, Friesoythe",GENODEF1FOY,LIVE,DE,,true,Yes,Yes,Yes,Yes,No,Yes,No,No,Yes,Yes,No,No,No,No,No,No,Yes,No,No,Yes,No,No,No,No,No
sparda-b,Sparda-Bank Berlin eG,GENODEF1S10,LIVE,DE,,true,No,Yes,Yes,Yes,No,Yes,No,No,Yes,Yes,No,No,No,No,No,No,Yes,No,No,Yes,No,No,No,No,No
sparda-bank-hamburg,Sparda-Bank Hamburg eG,GENODEF1S11,LIVE,DE,,true,No,Yes,Yes,Yes,No,Yes,No,No,Yes,Yes,No,No,No,No,No,No,Yes,No,No,Yes,No,No,No,No,No
sparda-h,Sparda-Bank Hannover eG,GENODEF1S09,LIVE,DE,,true,No,Yes,Yes,Yes,No,Yes,No,No,Yes,Yes,No,No,No,No,No,No,Yes,No,No,Yes,No,No,No,No,No
sparda-sw,Sparda-Bank Südwest eG,GENODEF1S01,LIVE,DE,,true,No,Yes,Yes,Yes,No,Yes,No,No,Yes,Yes,No,No,No,No,No,No,Yes,No,No,Yes,No,No,No,No,No
spardabank-sandbox,Sparda-Bank Sandbox,TEST7999,SANDBOX,DE,,true,Yes,Yes,Yes,Yes,No,Yes,No,No,Yes,Yes,No,No,No,No,No,No,Yes,No,No,Yes,No,No,No,No,No
spardabank_at,Spardabank,SVIEAT21XXX,LIVE,AT,,true,Yes,Yes,Yes,Yes,No,Yes,No,No,Yes,Yes,No,Yes,No,No,No,No,No,Yes,No,No,No,No,No,No,No
spardabankaugsburg,Sparda-Bank Augsburg eG,GENODEF1S03,LIVE,DE,,true,Yes,Yes,Yes,Yes,No,Yes,No,No,Yes,Yes,No,No,No,No,No,No,Yes,No,No,Yes,No,No,No,No,No
spardabankbaden,Sparda-Bank Baden-Württemberg eG,GENODEF1S02,LIVE,DE,,true,Yes,Yes,Yes,Yes,No,Yes,No,No,Yes,Yes,No,No,No,No,No,No,Yes,No,No,Yes,No,No,No,No,No
spardabankhessen,Sparda-Bank Hessen eG,GENODEF1S12,LIVE,DE,,true,Yes,Yes,Yes,Yes,No,Yes,No,No,Yes,Yes,No,No,No,No,No,No,Yes,No,No,Yes,No,No,No,No,No
spardabankmunchen,Sparda-Bank München eG,GENODEF1S04,LIVE,DE,,true,Yes,Yes,Yes,Yes,No,Yes,No,No,Yes,No,No,No,No,No,No,No,Yes,No,No,Yes,No,No,No,No,No
spardabanknurnberg,Sparda-Bank Nürnberg eG,GENODEF1S06,LIVE,DE,,true,Yes,Yes,Yes,Yes,No,Yes,No,No,Yes,Yes,No,No,No,No,No,No,Yes,No,No,Yes,No,No,No,No,No
spardabankostbayern,Sparda-Bank Ostbayern eG,GENODEF1S05,LIVE,DE,,true,Yes,Yes,Yes,Yes,No,Yes,No,No,Yes,Yes,No,No,No,No,No,No,Yes,No,No,Yes,No,No,No,No,No
spardabankwest-koeln,Sparda-Bank West eG,GENODED1SPK,LIVE,DE,,true,Yes,Yes,Yes,Yes,No,Yes,No,No,Yes,No,No,No,No,No,No,No,Yes,No,No,Yes,No,No,No,No,No
sparekassen-sjalland-fyn,Sparekassen Sjælland-Fyn,,LIVE,DK,,true,Yes,Yes,Yes,Yes,No,Yes,No,No,Yes,No,No,No,No,Yes,No,No,No,Yes,No,No,No,No,No,No,No
sparekassen-sjalland-fyn-sandbox,Sparekassen Sjælland-Fyn Sandbox,,SANDBOX,DK,,true,Yes,Yes,Yes,Yes,No,Yes,No,No,Yes,No,No,No,No,Yes,No,No,No,Yes,No,No,No,No,No,No,No
sparkasse-an-der-lippe,Sparkasse an der Lippe,WELADED1LUN,LIVE,DE,,true,Yes,No,Yes,No,No,Yes,Yes,No,Yes,Yes,Yes,Yes,No,Yes,No,No,Yes,Yes,No,No,No,No,No,No,No
sparkasse-dillingen-noerdlingen,Sparkasse Dillingen-Nördlingen,BYLADEM1DLG,LIVE,DE,,true,Yes,No,Yes,No,No,Yes,Yes,No,Yes,Yes,Yes,Yes,No,Yes,No,No,Yes,Yes,No,No,No,No,No,No,No
sparkassecelle-gifhorn-wolfsburg,Sparkasse Celle-Gifhorn-Wolfsburg,NOLADE21GFW,LIVE,DE,,true,Yes,No,Yes,No,No,Yes,Yes,No,Yes,Yes,Yes,Yes,No,Yes,No,No,Yes,Yes,No,No,No,No,No,No,No
spk-aachen,Sparkasse Aachen,AACSDE33XXX,LIVE,DE,,true,Yes,No,Yes,No,No,Yes,Yes,No,Yes,Yes,Yes,Yes,No,Yes,No,No,Yes,Yes,No,No,No,No,No,No,No
spk-aichach-schrobenhausen,Sparkasse Aichach-Schrobenhausen,BYLADEM1AIC,LIVE,DE,,true,Yes,No,Yes,No,No,Yes,Yes,No,Yes,Yes,Yes,Yes,No,Yes,No,No,Yes,Yes,No,No,No,No,No,No,No
spk-allgaeu,Sparkasse Allgäu,BYLADEM1ALG,LIVE,DE,,true,Yes,No,Yes,No,No,Yes,Yes,No,Yes,Yes,Yes,Yes,No,Yes,No,No,Yes,Yes,No,No,No,No,No,No,No
spk-altenburger-land,Sparkasse Altenburger Land,HELADEF1ALT,LIVE,DE,,true,Yes,No,Yes,No,No,Yes,Yes,No,Yes,Yes,Yes,Yes,No,Yes,No,No,Yes,Yes,No,No,No,No,No,No,No
spk-altmark-west,Sparkasse Altmark West,NOLADE21SAW,LIVE,DE,,true,Yes,No,Yes,No,No,Yes,Yes,No,Yes,Yes,Yes,Yes,No,Yes,No,No,Yes,Yes,No,No,No,No,No,No,No
spk-altoetting-muehldorf,Sparkasse Altötting-Mühldorf,BYLADEM1MDF,LIVE,DE,,true,Yes,No,Yes,No,No,Yes,Yes,No,Yes,Yes,Yes,Yes,No,Yes,No,No,Yes,Yes,No,No,No,No,No,No,No
spk-am-niederrhein,Sparkasse am Niederrhein,WELADED1MOR,LIVE,DE,,true,Yes,No,Yes,No,No,Yes,Yes,No,Yes,Yes,Yes,Yes,No,Yes,No,No,Yes,Yes,No,No,No,No,No,No,No
spk-amberg-sulzbach,Sparkasse Amberg-Sulzbach,BYLADEM1ABG,LIVE,DE,,true,Yes,No,Yes,No,No,Yes,Yes,No,Yes,Yes,Yes,Yes,No,Yes,No,No,Yes,Yes,No,No,No,No,No,No,No
spk-ansbach,Sparkasse Ansbach,BYLADEM1ANS,LIVE,DE,,true,Yes,No,Yes,No,No,Yes,Yes,No,Yes,Yes,Yes,Yes,No,Yes,No,No,Yes,Yes,No,No,No,No,No,No,No
spk-arnsberg-sundern,Sparkasse Mitten im Sauerland,WELADED1ARN,LIVE,DE,,true,Yes,No,Yes,No,No,Yes,Yes,No,Yes,Yes,Yes,Yes,No,Yes,No,No,Yes,Yes,No,No,No,No,No,No,No
spk-arnstadt-ilmenau,Sparkasse Arnstadt-Ilmenau,HELADEF1ILK,LIVE,DE,,true,Yes,No,Yes,No,No,Yes,Yes,No,Yes,Yes,Yes,Yes,No,Yes,No,No,Yes,Yes,No,No,No,No,No,No,No
spk-aschaffenburg-alzenau,Sparkasse Aschaffenburg Miltenberg,BYLADEM1ASA,LIVE,DE,,true,Yes,No,Yes,No,No,Yes,Yes,No,Yes,Yes,Yes,Yes,No,Yes,No,No,Yes,Yes,No,No,No,No,No,No,No
spk-attendorn-lennestadt-kirchhundem,Sparkasse Attendorn-Lennestadt-Kirchhundem,WELADED1ALK,LIVE,DE,,true,Yes,No,Yes,No,No,Yes,Yes,No,Yes,Yes,Yes,Yes,No,Yes,No,No,Yes,Yes,No,No,No,No,No,No,No
spk-aurich-norden,Sparkasse Aurich-Norden,BRLADE21ANO,LIVE,DE,,true,Yes,No,Yes,No,No,Yes,Yes,No,Yes,Yes,Yes,Yes,No,Yes,No,No,Yes,Yes,No,No,No,No,No,No,No
spk-bad-hersfeld-rotenburg,Sparkasse Bad Hersfeld-Rotenburg,HELADEF1HER,LIVE,DE,,true,Yes,No,Yes,No,No,Yes,Yes,No,Yes,Yes,Yes,Yes,No,Yes,No,No,Yes,Yes,No,No,No,No,No,No,No
spk-bad-kissingen,Sparkasse Bad Kissingen,BYLADEM1KIS,LIVE,DE,,true,Yes,No,Yes,No,No,Yes,Yes,No,Yes,Yes,Yes,Yes,No,Yes,No,No,Yes,Yes,No,No,No,No,No,No,No
spk-bad-neustadt-ad-saale,Sparkasse Bad Neustadt a.d. Saale,BYLADEM1NES,LIVE,DE,,true,Yes,No,Yes,No,No,Yes,Yes,No,Yes,Yes,Yes,Yes,No,Yes,No,No,Yes,Yes,No,No,No,No,No,No,No
spk-bad-oeynhausen-porta-westfalica,Sparkasse Bad Oeynhausen - Porta Westfalica,WELADED1OEH,LIVE,DE,,true,Yes,No,Yes,No,No,Yes,Yes,No,Yes,Yes,Yes,Yes,No,Yes,No,No,Yes,Yes,No,No,No,No,No,No,No
spk-bad-toelz-wolfratshausen,Sparkasse Bad Tölz-Wolfratshausen,BYLADEM1WOR,LIVE,DE,,true,Yes,No,Yes,No,No,Yes,Yes,No,Yes,Yes,Yes,Yes,No,Yes,No,No,Yes,Yes,No,No,No,No,No,No,No
spk-baden-baden-gaggenau,Sparkasse Baden-Baden Gaggenau,SOLADES1BAD,LIVE,DE,,true,Yes,No,Yes,No,No,Yes,Yes,No,Yes,Yes,Yes,Yes,No,Yes,No,No,Yes,Yes,No,No,No,No,No,No,No
spk-bamberg,Sparkasse Bamberg,BYLADEM1SKB,LIVE,DE,,true,Yes,No,Yes,No,No,Yes,Yes,No,Yes,Yes,Yes,Yes,No,Yes,No,No,Yes,Yes,No,No,No,No,No,No,No
spk-barnim,Sparkasse Barnim,WELADED1GZE,LIVE,DE,,true,Yes,No,Yes,No,No,Yes,Yes,No,Yes,Yes,Yes,Yes,No,Yes,No,No,Yes,Yes,No,No,No,No,No,No,No
spk-battenberg,Sparkasse Battenberg,HELADEF1BAT,LIVE,DE,,true,Yes,No,Yes,No,No,Yes,Yes,No,Yes,Yes,Yes,Yes,No,Yes,No,No,Yes,Yes,No,No,No,No,No,No,No
spk-bayreuth,Sparkasse Bayreuth,BYLADEM1SBT,LIVE,DE,,true,Yes,No,Yes,No,No,Yes,Yes,No,Yes,Yes,Yes,Yes,No,Yes,No,No,Yes,Yes,No,No,No,No,No,No,No
spk-bensheim,Sparkasse Bensheim,HELADEF1BEN,LIVE,DE,,true,Yes,No,Yes,No,No,Yes,Yes,No,Yes,Yes,Yes,Yes,No,Yes,No,No,Yes,Yes,No,No,No,No,No,No,No
spk-berchtesgadener-land,Sparkasse Berchtesgadener Land,BYLADEM1BGL,LIVE,DE,,true,Yes,No,Yes,No,No,Yes,Yes,No,Yes,Yes,Yes,Yes,No,Yes,No,No,Yes,Yes,No,No,No,No,No,No,No
spk-bergkamen-boenen,Sparkasse Bergkamen-Bönen,WELADED1BGK,LIVE,DE,,true,Yes,No,Yes,No,No,Yes,Yes,No,Yes,Yes,Yes,Yes,No,Yes,No,No,Yes,Yes,No,No,No,No,No,No,No
spk-bielefeld,Sparkasse Bielefeld,SPBIDE3BXXX,LIVE,DE,,true,Yes,No,Yes,No,No,Yes,Yes,No,Yes,Yes,Yes,Yes,No,Yes,No,No,Yes,Yes,No,No,No,No,No,No,No
spk-bochum,Sparkasse Bochum,WELADED1BOC,LIVE,DE,,true,Yes,No,Yes,No,No,Yes,Yes,No,Yes,Yes,Yes,Yes,No,Yes,No,No,Yes,Yes,No,No,No,No,No,No,No
spk-bodensee,SPK Bodensee,SOLADES1KNZ,LIVE,DE,,true,Yes,No,Yes,No,No,Yes,Yes,No,Yes,Yes,Yes,Yes,No,Yes,No,No,Yes,Yes,No,No,No,No,No,No,No
spk-bonndorf-stuehlingen,Sparkasse Bonndorf-Stühlingen,SOLADES1BND,LIVE,DE,,true,Yes,No,Yes,No,No,Yes,Yes,No,Yes,Yes,Yes,Yes,No,Yes,No,No,Yes,Yes,No,No,No,No,No,No,No
spk-bottrop,Sparkasse Bottrop,WELADED1BOT,LIVE,DE,,true,Yes,No,Yes,No,No,Yes,Yes,No,Yes,Yes,Yes,Yes,No,Yes,No,No,Yes,Yes,No,No,No,No,No,No,No
spk-bremen,Sparkasse Bremen,SBREDE22XXX,LIVE,DE,,true,Yes,No,Yes,No,No,Yes,Yes,No,Yes,Yes,Yes,Yes,No,Yes,No,No,Yes,Yes,No,No,No,No,No,No,No
spk-buehl,Sparkasse Bühl,SOLADES1BHL,LIVE,DE,,true,Yes,No,Yes,No,No,Yes,Yes,No,Yes,Yes,Yes,Yes,No,Yes,No,No,Yes,Yes,No,No,No,No,No,No,No
spk-burbach-neunkirchen,Sparkasse Burbach-Neunkirchen,WELADED1BUB,LIVE,DE,,true,Yes,No,Yes,No,No,Yes,Yes,No,Yes,Yes,Yes,Yes,No,Yes,No,No,Yes,Yes,No,No,No,No,No,No,No
spk-burgenlandkreis,Sparkasse Burgenlandkreis,NOLADE21BLK,LIVE,DE,,true,Yes,No,Yes,No,No,Yes,Yes,No,Yes,Yes,Yes,Yes,No,Yes,No,No,Yes,Yes,No,No,No,No,No,No,No
spk-chemnitz,Sparkasse Chemnitz,CHEKDE81XXX,LIVE,DE,,true,Yes,No,Yes,No,No,Yes,Yes,No,Yes,Yes,Yes,Yes,No,Yes,No,No,Yes,Yes,No,No,No,No,No,No,No
spk-coburg-lichtenfels,Sparkasse Coburg-Lichtenfels,BYLADEM1COB,LIVE,DE,,true,Yes,No,Yes,No,No,Yes,Yes,No,Yes,Yes,Yes,Yes,No,Yes,No,No,Yes,Yes,No,No,No,No,No,No,No
spk-dachau,Sparkasse Dachau,BYLADEM1DAH,LIVE,DE,,true,Yes,No,Yes,No,No,Yes,Yes,No,Yes,Yes,Yes,Yes,No,Yes,No,No,Yes,Yes,No,No,No,No,No,No,No
spk-darmstadt,Sparkasse Darmstadt,HELADEF1DAS,LIVE,DE,,true,Yes,No,Yes,No,No,Yes,Yes,No,Yes,Yes,Yes,Yes,No,Yes,No,No,Yes,Yes,No,No,No,No,No,No,No
spk-deggendorf,Sparkasse Deggendorf,BYLADEM1DEG,LIVE,DE,,true,Yes,No,Yes,No,No,Yes,Yes,No,Yes,Yes,Yes,Yes,No,Yes,No,No,Yes,Yes,No,No,No,No,No,No,No
spk-dillenburg,Sparkasse Dillenburg,HELADEF1DIL,LIVE,DE,,true,Yes,No,Yes,No,No,Yes,Yes,No,Yes,Yes,Yes,Yes,No,Yes,No,No,Yes,Yes,No,No,No,No,No,No,No
spk-donauwoerth,Sparkasse Donauwörth,BYLADEM1DON,LIVE,DE,,true,Yes,No,Yes,No,No,Yes,Yes,No,Yes,Yes,Yes,Yes,No,Yes,No,No,Yes,Yes,No,No,No,No,No,No,No
spk-donnersberg,Sparkasse Donnersberg,MALADE51ROK,LIVE,DE,,true,Yes,No,Yes,No,No,Yes,Yes,No,Yes,Yes,Yes,Yes,No,Yes,No,No,Yes,Yes,No,No,No,No,No,No,No
spk-dortmund,SPK Dortmund,DORTDE33XXX,LIVE,DE,,true,Yes,No,Yes,No,No,Yes,Yes,No,Yes,Yes,Yes,Yes,No,Yes,No,No,Yes,Yes,No,No,No,No,No,No,No
spk-duderstadt,Sparkasse Duderstadt,NOLADE21DUD,LIVE,DE,,true,Yes,No,Yes,No,No,Yes,Yes,No,Yes,Yes,Yes,Yes,No,Yes,No,No,Yes,Yes,No,No,No,No,No,No,No
spk-dueren,Sparkasse Düren,SDUEDE33XXX,LIVE,DE,,true,Yes,No,Yes,No,No,Yes,Yes,No,Yes,Yes,Yes,Yes,No,Yes,No,No,Yes,Yes,No,No,No,No,No,No,No
spk-duisburg,Sparkasse Duisburg,DUISDE33XXX,LIVE,DE,,true,Yes,No,Yes,No,No,Yes,Yes,No,Yes,Yes,Yes,Yes,No,Yes,No,No,Yes,Yes,No,No,No,No,No,No,No
spk-einbeck,Sparkasse Einbeck,NOLADE21EIN,LIVE,DE,,true,Yes,No,Yes,No,No,Yes,Yes,No,Yes,Yes,Yes,Yes,No,Yes,No,No,Yes,Yes,No,No,No,No,No,No,No
spk-elbe-elster,Sparkasse Elbe-Elster,WELADED1EES,LIVE,DE,,true,Yes,No,Yes,No,No,Yes,Yes,No,Yes,Yes,Yes,Yes,No,Yes,No,No,Yes,Yes,No,No,No,No,No,No,No
spk-elmshorn,Sparkasse Elmshorn,NOLADE21ELH,LIVE,DE,,true,Yes,No,Yes,No,No,Yes,Yes,No,Yes,Yes,Yes,Yes,No,Yes,No,No,Yes,Yes,No,No,No,No,No,No,No
spk-emden,Sparkasse Emden,BRLADE21EMD,LIVE,DE,,true,Yes,No,Yes,No,No,Yes,Yes,No,Yes,Yes,Yes,Yes,No,Yes,No,No,Yes,Yes,No,No,No,No,No,No,No
spk-emsland,Sparkasse Emsland,NOLADE21EMS,LIVE,DE,,true,Yes,No,Yes,No,No,Yes,Yes,No,Yes,Yes,Yes,Yes,No,Yes,No,No,Yes,Yes,No,No,No,No,No,No,No
spk-engen-gottmadingen,Sparkasse Engen-Gottmadingen,SOLADES1ENG,LIVE,DE,,true,Yes,No,Yes,No,No,Yes,Yes,No,Yes,Yes,Yes,Yes,No,Yes,No,No,Yes,Yes,No,No,No,No,No,No,No
spk-erding-dorfen,Sparkasse Erding-Dorfen,BYLADEM1ERD,LIVE,DE,,true,Yes,No,Yes,No,No,Yes,Yes,No,Yes,Yes,Yes,Yes,No,Yes,No,No,Yes,Yes,No,No,No,No,No,No,No
spk-erlangen-hoechstadt-herzogenaurach,Stadt und Kreissparkasse Erlangen Höchstadt Herzogenaurach,BYLADEM1ERH,LIVE,DE,,true,Yes,No,Yes,No,No,Yes,Yes,No,Yes,Yes,Yes,Yes,No,Yes,No,No,Yes,Yes,No,No,No,No,No,No,No
spk-eschenbach-neustadt-ad-waldnaa,Sparkasse Eschenbach Neustadt (a.d. Waldnaab),BYLADEM1ESB,LIVE,DE,,true,Yes,No,Yes,No,No,Yes,Yes,No,Yes,Yes,Yes,Yes,No,Yes,No,No,Yes,Yes,No,No,No,No,No,No,No
spk-essen,Sparkasse Essen,SPESDE3EXXX,LIVE,DE,,true,Yes,No,Yes,No,No,Yes,Yes,No,Yes,Yes,Yes,Yes,No,Yes,No,No,Yes,Yes,No,No,No,No,No,No,No
spk-forchheim,Sparkasse Forchheim,BYLADEM1FOR,LIVE,DE,,true,Yes,No,Yes,No,No,Yes,Yes,No,Yes,Yes,Yes,Yes,No,Yes,No,No,Yes,Yes,No,No,No,No,No,No,No
spk-freiburg-noerdlicher-breisgau,Sparkasse Freiburg-Nördlicher Breisgau,FRSPDE66XXX,LIVE,DE,,true,Yes,No,Yes,No,No,Yes,Yes,No,Yes,Yes,Yes,Yes,No,Yes,No,No,Yes,Yes,No,No,No,No,No,No,No
spk-freising,Sparkasse Freising Moosburg,BYLADEM1FSI,LIVE,DE,,true,Yes,No,Yes,No,No,Yes,Yes,No,Yes,Yes,Yes,Yes,No,Yes,No,No,Yes,Yes,No,No,No,No,No,No,No
spk-freyung-grafenau,Sparkasse Freyung-Grafenau,BYLADEM1FRG,LIVE,DE,,true,Yes,No,Yes,No,No,Yes,Yes,No,Yes,Yes,Yes,Yes,No,Yes,No,No,Yes,Yes,No,No,No,No,No,No,No
spk-fuerstenfeldbruck,SPK Fürstenfeldbruck,BYLADEM1FFB,LIVE,DE,,true,Yes,No,Yes,No,No,Yes,Yes,No,Yes,Yes,Yes,Yes,No,Yes,No,No,Yes,Yes,No,No,No,No,No,No,No
spk-fuerth,Sparkasse Fürth,BYLADEM1SFU,LIVE,DE,,true,Yes,No,Yes,No,No,Yes,Yes,No,Yes,Yes,Yes,Yes,No,Yes,No,No,Yes,Yes,No,No,No,No,No,No,No
spk-fulda,Sparkasse Fulda,HELADEF1FDS,LIVE,DE,,true,Yes,No,Yes,No,No,Yes,Yes,No,Yes,Yes,Yes,Yes,No,Yes,No,No,Yes,Yes,No,No,No,No,No,No,No
spk-gelsenkirchen,Sparkasse Gelsenkirchen,WELADED1GEK,LIVE,DE,,true,Yes,No,Yes,No,No,Yes,Yes,No,Yes,Yes,Yes,Yes,No,Yes,No,No,Yes,Yes,No,No,No,No,No,No,No
spk-gera-greiz,Sparkasse Gera-Greiz,HELADEF1GER,LIVE,DE,,true,Yes,No,Yes,No,No,Yes,Yes,No,Yes,Yes,Yes,Yes,No,Yes,No,No,Yes,Yes,No,No,No,No,No,No,No
spk-geseke,Sparkasse Geseke,WELADED1GES,LIVE,DE,,true,Yes,No,Yes,No,No,Yes,Yes,No,Yes,Yes,Yes,Yes,No,Yes,No,No,Yes,Yes,No,No,No,No,No,No,No
spk-gevelsberg-wetter,Sparkasse Gevelsberg-Wetter,WELADED1GEV,LIVE,DE,,true,Yes,No,Yes,No,No,Yes,Yes,No,Yes,Yes,Yes,Yes,No,Yes,No,No,Yes,Yes,No,No,No,No,No,No,No
spk-giessen,Sparkasse Gießen,SKGIDE5FXXX,LIVE,DE,,true,Yes,No,Yes,No,No,Yes,Yes,No,Yes,Yes,Yes,Yes,No,Yes,No,No,Yes,Yes,No,No,No,No,No,No,No
spk-gladbeck,Sparkasse Gladbeck,WELADED1GLA,LIVE,DE,,true,Yes,No,Yes,No,No,Yes,Yes,No,Yes,Yes,Yes,Yes,No,Yes,No,No,Yes,Yes,No,No,No,No,No,No,No
spk-goettingen,Sparkasse Göttingen,NOLADE21GOE,LIVE,DE,,true,Yes,No,Yes,No,No,Yes,Yes,No,Yes,Yes,Yes,Yes,No,Yes,No,No,Yes,Yes,No,No,No,No,No,No,No
spk-gruenberg,Sparkasse Grünberg,HELADEF1GRU,LIVE,DE,,true,Yes,No,Yes,No,No,Yes,Yes,No,Yes,Yes,Yes,Yes,No,Yes,No,No,Yes,Yes,No,No,No,No,No,No,No
spk-guetersloh-rietberg,Sparkasse Gütersloh-Rietberg,WELADED1GTL,LIVE,DE,,true,Yes,No,Yes,No,No,Yes,Yes,No,Yes,Yes,Yes,Yes,No,Yes,No,No,Yes,Yes,No,No,No,No,No,No,No
spk-gummersbach,Sparkasse Gummersbach,WELADED1GMB,LIVE,DE,,true,Yes,No,Yes,No,No,Yes,Yes,No,Yes,Yes,Yes,Yes,No,Yes,No,No,Yes,Yes,No,No,No,No,No,No,No
spk-hagenherdecke,Sparkasse an Volme und Ruhr,WELADE3HXXX,LIVE,DE,,true,Yes,No,Yes,No,No,Yes,Yes,No,Yes,Yes,Yes,Yes,No,Yes,No,No,Yes,Yes,No,No,No,No,No,No,No
spk-hameln-weserbergland,Sparkasse Hameln-Weserbergland,NOLADE21SWB,LIVE,DE,,true,Yes,No,Yes,No,No,Yes,Yes,No,Yes,Yes,Yes,Yes,No,Yes,No,No,Yes,Yes,No,No,No,No,No,No,No
spk-hamm,Sparkasse Hamm,WELADED1HAM,LIVE,DE,,true,Yes,No,Yes,No,No,Yes,Yes,No,Yes,Yes,Yes,Yes,No,Yes,No,No,Yes,Yes,No,No,No,No,No,No,No
spk-hanau,Sparkasse Hanau,HELADEF1HAN,LIVE,DE,,true,Yes,No,Yes,No,No,Yes,Yes,No,Yes,Yes,Yes,Yes,No,Yes,No,No,Yes,Yes,No,No,No,No,No,No,No
spk-hanauerland,Sparkasse Hanauerland,SOLADES1KEL,LIVE,DE,,true,Yes,No,Yes,No,No,Yes,Yes,No,Yes,Yes,Yes,Yes,No,Yes,No,No,Yes,Yes,No,No,No,No,No,No,No
spk-hannover,SPK Hannover,SPKHDE2HXXX,LIVE,DE,,true,Yes,No,Yes,No,No,Yes,Yes,No,Yes,Yes,Yes,Yes,No,Yes,No,No,Yes,Yes,No,No,No,No,No,No,No
spk-harburg-buxtehude,Sparkasse Harburg-Buxtehude,NOLADE21HAM,LIVE,DE,,true,Yes,No,Yes,No,No,Yes,Yes,No,Yes,Yes,Yes,Yes,No,Yes,No,No,Yes,Yes,No,No,No,No,No,No,No
spk-haslach-zell,Sparkasse Kinzigtal,SOLADES1HAL,LIVE,DE,,true,Yes,No,Yes,No,No,Yes,Yes,No,Yes,Yes,Yes,Yes,No,Yes,No,No,Yes,Yes,No,No,No,No,No,No,No
spk-hattingen,Sparkasse Hattingen,WELADED1HTG,LIVE,DE,,true,Yes,No,Yes,No,No,Yes,Yes,No,Yes,Yes,Yes,Yes,No,Yes,No,No,Yes,Yes,No,No,No,No,No,No,No
spk-hegau-bodensee,Sparkasse Hegau-Bodensee,SOLADES1SNG,LIVE,DE,,true,Yes,No,Yes,No,No,Yes,Yes,No,Yes,Yes,Yes,Yes,No,Yes,No,No,Yes,Yes,No,No,No,No,No,No,No
spk-heidelberg,Sparkasse Heidelberg,SOLADES1HDB,LIVE,DE,,true,Yes,No,Yes,No,No,Yes,Yes,No,Yes,Yes,Yes,Yes,No,Yes,No,No,Yes,Yes,No,No,No,No,No,No,No
spk-herford,Sparkasse Herford,WLAHDE44XXX,LIVE,DE,,true,Yes,No,Yes,No,No,Yes,Yes,No,Yes,Yes,Yes,Yes,No,Yes,No,No,Yes,Yes,No,No,No,No,No,No,No
spk-herne,Herner Sparkasse,WELADED1HRN,LIVE,DE,,true,Yes,No,Yes,No,No,Yes,Yes,No,Yes,Yes,Yes,Yes,No,Yes,No,No,Yes,Yes,No,No,No,No,No,No,No
spk-hilden-ratingen-velbert,Sparkasse Hilden-Ratingen-Velbert,WELADED1VEL,LIVE,DE,,true,Yes,No,Yes,No,No,Yes,Yes,No,Yes,Yes,Yes,Yes,No,Yes,No,No,Yes,Yes,No,No,No,No,No,No,No
spk-hildesheim-goslar-peine,Sparkasse Hildesheim Goslar Peine,NOLADE21HIK,LIVE,DE,,true,Yes,No,Yes,No,No,Yes,Yes,No,Yes,Yes,Yes,Yes,No,Yes,No,No,Yes,Yes,No,No,No,No,No,No,No
spk-hochfranken,SPK Hochfranken,BYLADEM1HOF,LIVE,DE,,true,Yes,No,Yes,No,No,Yes,Yes,No,Yes,Yes,Yes,Yes,No,Yes,No,No,Yes,Yes,No,No,No,No,No,No,No
spk-hochrhein,Sparkasse Hochrhein,SKHRDE6WXXX,LIVE,DE,,true,Yes,No,Yes,No,No,Yes,Yes,No,Yes,Yes,Yes,Yes,No,Yes,No,No,Yes,Yes,No,No,No,No,No,No,No
spk-hochschwarzwald,Sparkasse Hochschwarzwald,SOLADES1HSW,LIVE,DE,,true,Yes,No,Yes,No,No,Yes,Yes,No,Yes,Yes,Yes,Yes,No,Yes,No,No,Yes,Yes,No,No,No,No,No,No,No
spk-hohenlohekreis,Sparkasse Hohenlohekreis,SOLADES1KUN,LIVE,DE,,true,Yes,No,Yes,No,No,Yes,Yes,No,Yes,Yes,Yes,Yes,No,Yes,No,No,Yes,Yes,No,No,No,No,No,No,No
spk-holstein,Sparkasse Holstein,NOLADE21HOL,LIVE,DE,,true,Yes,No,Yes,No,No,Yes,Yes,No,Yes,Yes,Yes,Yes,No,Yes,No,No,Yes,Yes,No,No,No,No,No,No,No
spk-im-landkreis-cham,Sparkasse im Landkreis Cham,BYLADEM1CHM,LIVE,DE,,true,Yes,No,Yes,No,No,Yes,Yes,No,Yes,Yes,Yes,Yes,No,Yes,No,No,Yes,Yes,No,No,No,No,No,No,No
spk-im-landkreis-schwandorf,Sparkasse im Landkreis Schwandorf,BYLADEM1SAD,LIVE,DE,,true,Yes,No,Yes,No,No,Yes,Yes,No,Yes,Yes,Yes,Yes,No,Yes,No,No,Yes,Yes,No,No,No,No,No,No,No
spk-ingolstadteichstaett,Sparkasse Ingolstadt Eichstätt,BYLADEM1ING,LIVE,DE,,true,Yes,No,Yes,No,No,Yes,Yes,No,Yes,Yes,Yes,Yes,No,Yes,No,No,Yes,Yes,No,No,No,No,No,No,No
spk-iserlohn,Sparkasse Iserlohn,WELADED1ISL,LIVE,DE,,true,Yes,No,Yes,No,No,Yes,Yes,No,Yes,Yes,Yes,Yes,No,Yes,No,No,Yes,Yes,No,No,No,No,No,No,No
spk-jena-saale-holzland,Sparkasse Jena-Saale-Holzland,HELADEF1JEN,LIVE,DE,,true,Yes,No,Yes,No,No,Yes,Yes,No,Yes,Yes,Yes,Yes,No,Yes,No,No,Yes,Yes,No,No,No,No,No,No,No
spk-karlsruhe,SPK Karlsruhe,KARSDE66XXX,LIVE,DE,,true,Yes,No,Yes,No,No,Yes,Yes,No,Yes,Yes,Yes,Yes,No,Yes,No,No,Yes,Yes,No,No,No,No,No,No,No
spk-kierspe-meinerzhagen,Sparkasse Kierspe-Meinerzhagen,WELADED1KMZ,LIVE,DE,,true,Yes,No,Yes,No,No,Yes,Yes,No,Yes,Yes,Yes,Yes,No,Yes,No,No,Yes,Yes,No,No,No,No,No,No,No
spk-koblenz,Sparkasse Koblenz,MALADE51KOB,LIVE,DE,,true,Yes,No,Yes,No,No,Yes,Yes,No,Yes,Yes,Yes,Yes,No,Yes,No,No,Yes,Yes,No,No,No,No,No,No,No
spk-koelnbonn,Sparkasse KölnBonn,COLSDE33XXX,LIVE,DE,,true,Yes,No,Yes,No,No,Yes,Yes,No,Yes,Yes,Yes,Yes,No,Yes,No,No,Yes,Yes,No,No,No,No,No,No,No
spk-kraichgau,Sparkasse Kraichgau,BRUSDE66XXX,LIVE,DE,,true,Yes,No,Yes,No,No,Yes,Yes,No,Yes,Yes,Yes,Yes,No,Yes,No,No,Yes,Yes,No,No,No,No,No,No,No
spk-krefeld,Sparkasse Krefeld,SPKRDE33XXX,LIVE,DE,,true,Yes,No,Yes,No,No,Yes,Yes,No,Yes,Yes,Yes,Yes,No,Yes,No,No,Yes,Yes,No,No,No,No,No,No,No
spk-kulmbach-kronach,Sparkasse Kulmbach-Kronach,BYLADEM1KUB,LIVE,DE,,true,Yes,No,Yes,No,No,Yes,Yes,No,Yes,Yes,Yes,Yes,No,Yes,No,No,Yes,Yes,No,No,No,No,No,No,No
spk-landsberg-diessen,Sparkasse Landsberg-Dießen,BYLADEM1LLD,LIVE,DE,,true,Yes,No,Yes,No,No,Yes,Yes,No,Yes,Yes,Yes,Yes,No,Yes,No,No,Yes,Yes,No,No,No,No,No,No,No
spk-landshut,Sparkasse Landshut,BYLADEM1LAH,LIVE,DE,,true,Yes,No,Yes,No,No,Yes,Yes,No,Yes,Yes,Yes,Yes,No,Yes,No,No,Yes,Yes,No,No,No,No,No,No,No
spk-langen-seligenstadt,Sparkasse Langen-Seligenstadt,HELADEF1SLS,LIVE,DE,,true,Yes,No,Yes,No,No,Yes,Yes,No,Yes,Yes,Yes,Yes,No,Yes,No,No,Yes,Yes,No,No,No,No,No,No,No
spk-laubach-hungen,Sparkasse Laubach-Hungen,HELADEF1LAU,LIVE,DE,,true,Yes,No,Yes,No,No,Yes,Yes,No,Yes,Yes,Yes,Yes,No,Yes,No,No,Yes,Yes,No,No,No,No,No,No,No
spk-leerwittmund,Sparkasse LeerWittmund,BRLADE21LER,LIVE,DE,,true,Yes,No,Yes,No,No,Yes,Yes,No,Yes,Yes,Yes,Yes,No,Yes,No,No,Yes,Yes,No,No,No,No,No,No,No
spk-lemgo,Sparkasse Lemgo,WELADED1LEM,LIVE,DE,,true,Yes,No,Yes,No,No,Yes,Yes,No,Yes,Yes,Yes,Yes,No,Yes,No,No,Yes,Yes,No,No,No,No,No,No,No
spk-leverkusen,Sparkasse Leverkusen,WELADEDLLEV,LIVE,DE,,true,Yes,No,Yes,No,No,Yes,Yes,No,Yes,Yes,Yes,Yes,No,Yes,No,No,Yes,Yes,No,No,No,No,No,No,No
spk-loerrach-rheinfelden,Sparkasse Lörrach-Rheinfelden,SKLODE66XXX,LIVE,DE,,true,Yes,No,Yes,No,No,Yes,Yes,No,Yes,Yes,Yes,Yes,No,Yes,No,No,Yes,Yes,No,No,No,No,No,No,No
spk-lueneburg,Sparkasse Lüneburg,NOLADE21LBG,LIVE,DE,,true,Yes,No,Yes,No,No,Yes,Yes,No,Yes,Yes,Yes,Yes,No,Yes,No,No,Yes,Yes,No,No,No,No,No,No,No
spk-maerkisches-sauerland-hemer-menden,Sparkasse Märkisches Sauerland Hemer - Menden,WELADED1HEM,LIVE,DE,,true,Yes,No,Yes,No,No,Yes,Yes,No,Yes,Yes,Yes,Yes,No,Yes,No,No,Yes,Yes,No,No,No,No,No,No,No
spk-mainfranken-wuerzburg,Sparkasse Mainfranken Würzburg,BYLADEM1SWU,LIVE,DE,,true,Yes,No,Yes,No,No,Yes,Yes,No,Yes,Yes,Yes,Yes,No,Yes,No,No,Yes,Yes,No,No,No,No,No,No,No
spk-mansfeld-suedharz,Sparkasse Mansfeld-Südharz,NOLADE21EIL,LIVE,DE,,true,Yes,No,Yes,No,No,Yes,Yes,No,Yes,Yes,Yes,Yes,No,Yes,No,No,Yes,Yes,No,No,No,No,No,No,No
spk-marburg-biedenkopf,Sparkasse Marburg-Biedenkopf,HELADEF1MAR,LIVE,DE,,true,Yes,No,Yes,No,No,Yes,Yes,No,Yes,Yes,Yes,Yes,No,Yes,No,No,Yes,Yes,No,No,No,No,No,No,No
spk-markgraeflerland,Sparkasse Markgräflerland,SOLADES1MGL,LIVE,DE,,true,Yes,No,Yes,No,No,Yes,Yes,No,Yes,Yes,Yes,Yes,No,Yes,No,No,Yes,Yes,No,No,No,No,No,No,No
spk-mecklenburg-nordwest,Sparkasse Mecklenburg-Nordwest,NOLADE21WIS,LIVE,DE,,true,Yes,No,Yes,No,No,Yes,Yes,No,Yes,Yes,Yes,Yes,No,Yes,No,No,Yes,Yes,No,No,No,No,No,No,No
spk-mecklenburg-schwerin,Sparkasse Mecklenburg-Schwerin,NOLADE21LWL,LIVE,DE,,true,Yes,No,Yes,No,No,Yes,Yes,No,Yes,Yes,Yes,Yes,No,Yes,No,No,Yes,Yes,No,No,No,No,No,No,No
spk-mecklenburg-strelitz,Sparkasse Mecklenburg-Strelitz,NOLADE21MST,LIVE,DE,,true,Yes,No,Yes,No,No,Yes,Yes,No,Yes,Yes,Yes,Yes,No,Yes,No,No,Yes,Yes,No,No,No,No,No,No,No
spk-meissen,Sparkasse Meißen,SOLADES1MEI,LIVE,DE,,true,Yes,No,Yes,No,No,Yes,Yes,No,Yes,Yes,Yes,Yes,No,Yes,No,No,Yes,Yes,No,No,No,No,No,No,No
spk-merzig-wadern,Sparkasse Merzig-Wadern,MERZDE55XXX,LIVE,DE,,true,Yes,No,Yes,No,No,Yes,Yes,No,Yes,Yes,Yes,Yes,No,Yes,No,No,Yes,Yes,No,No,No,No,No,No,No
spk-minden-luebbecke,Sparkasse Minden-Lübbecke,WELADED1MIN,LIVE,DE,,true,Yes,No,Yes,No,No,Yes,Yes,No,Yes,Yes,Yes,Yes,No,Yes,No,No,Yes,Yes,No,No,No,No,No,No,No
spk-mittelfranken-sued,Sparkasse Mittelfranken-Süd,BYLADEM1SRS,LIVE,DE,,true,Yes,No,Yes,No,No,Yes,Yes,No,Yes,Yes,Yes,Yes,No,Yes,No,No,Yes,Yes,No,No,No,No,No,No,No
spk-mittelholstein-ag,Sparkasse Mittelholstein,NOLADE21RDB,LIVE,DE,,true,Yes,No,Yes,No,No,Yes,Yes,No,Yes,Yes,Yes,Yes,No,Yes,No,No,Yes,Yes,No,No,No,No,No,No,No
spk-mittelmosel-eifel-mosel-hunsrueck,Sparkasse Mittelmosel-Eifel-Mosel-Hunsrück,MALADE51BKS,LIVE,DE,,true,Yes,No,Yes,No,No,Yes,Yes,No,Yes,Yes,Yes,Yes,No,Yes,No,No,Yes,Yes,No,No,No,No,No,No,No
spk-mittelsachsen,Sparkasse Mittelsachsen,WELADED1FGX,LIVE,DE,,true,Yes,No,Yes,No,No,Yes,Yes,No,Yes,Yes,Yes,Yes,No,Yes,No,No,Yes,Yes,No,No,No,No,No,No,No
spk-mittelthueringen,Sparkasse Mittelthüringen,HELADEF1WEM,LIVE,DE,,true,Yes,No,Yes,No,No,Yes,Yes,No,Yes,Yes,Yes,Yes,No,Yes,No,No,Yes,Yes,No,No,No,No,No,No,No
spk-muelheim-ad-ruhr,Sparkasse Mülheim a.d. Ruhr,SPMHDE3EXXX,LIVE,DE,,true,Yes,No,Yes,No,No,Yes,Yes,No,Yes,Yes,Yes,Yes,No,Yes,No,No,Yes,Yes,No,No,No,No,No,No,No
spk-muensterland-ost,Sparkasse Münsterland Ost,WELADED1MST,LIVE,DE,,true,Yes,No,Yes,No,No,Yes,Yes,No,Yes,Yes,Yes,Yes,No,Yes,No,No,Yes,Yes,No,No,No,No,No,No,No
spk-muldental,Sparkasse Muldental,SOLADES1GRM,LIVE,DE,,true,Yes,No,Yes,No,No,Yes,Yes,No,Yes,Yes,Yes,Yes,No,Yes,No,No,Yes,Yes,No,No,No,No,No,No,No
spk-neckartal-odenwald,Sparkasse Neckartal-Odenwald,SOLADES1MOS,LIVE,DE,,true,Yes,No,Yes,No,No,Yes,Yes,No,Yes,Yes,Yes,Yes,No,Yes,No,No,Yes,Yes,No,No,No,No,No,No,No
spk-neu-ulm-illertissen,Sparkasse Neu-Ulm-Illertissen,BYLADEM1NUL,LIVE,DE,,true,Yes,No,Yes,No,No,Yes,Yes,No,Yes,Yes,Yes,Yes,No,Yes,No,No,Yes,Yes,No,No,No,No,No,No,No
spk-neubrandenburg-demmin,Sparkasse Neubrandenburg-Demmin,NOLADE21NBS,LIVE,DE,,true,Yes,No,Yes,No,No,Yes,Yes,No,Yes,Yes,Yes,Yes,No,Yes,No,No,Yes,Yes,No,No,No,No,No,No,No
spk-neumarkt-idopf-parsberg,Sparkasse Neumarkt i.d.OPf.-Parsberg,BYLADEM1NMA,LIVE,DE,,true,Yes,No,Yes,No,No,Yes,Yes,No,Yes,Yes,Yes,Yes,No,Yes,No,No,Yes,Yes,No,No,No,No,No,No,No
spk-neunkirchen,SPK Neunkirchen,SALADE51NKS,LIVE,DE,,true,Yes,No,Yes,No,No,Yes,Yes,No,Yes,Yes,Yes,Yes,No,Yes,No,No,Yes,Yes,No,No,No,No,No,No,No
spk-neuss,Sparkasse Neuss,WELADEDNXXX,LIVE,DE,,true,Yes,No,Yes,No,No,Yes,Yes,No,Yes,Yes,Yes,Yes,No,Yes,No,No,Yes,Yes,No,No,No,No,No,No,No
spk-neustadt-ad-aisch-bad-windsheim,Sparkasse im Landkreis Neustadt a.d.Aisch-Bad Winsheim,BYLADEM1NEA,LIVE,DE,,true,Yes,No,Yes,No,No,Yes,Yes,No,Yes,Yes,Yes,Yes,No,Yes,No,No,Yes,Yes,No,No,No,No,No,No,No
spk-neuwied,Sparkasse Neuwied,MALADE51NWD,LIVE,DE,,true,Yes,No,Yes,No,No,Yes,Yes,No,Yes,Yes,Yes,Yes,No,Yes,No,No,Yes,Yes,No,No,No,No,No,No,No
spk-niederbayern-mitte,Sparkasse Niederbayern-Mitte,BYLADEM1SRG,LIVE,DE,,true,Yes,No,Yes,No,No,Yes,Yes,No,Yes,Yes,Yes,Yes,No,Yes,No,No,Yes,Yes,No,No,No,No,No,No,No
spk-niederlausitz,Sparkasse Niederlausitz,WELADED1OSL,LIVE,DE,,true,Yes,No,Yes,No,No,Yes,Yes,No,Yes,Yes,Yes,Yes,No,Yes,No,No,Yes,Yes,No,No,No,No,No,No,No
spk-nienburg,Sparkasse Nienburg,NOLADE21NIB,LIVE,DE,,true,Yes,No,Yes,No,No,Yes,Yes,No,Yes,Yes,Yes,Yes,No,Yes,No,No,Yes,Yes,No,No,No,No,No,No,No
spk-nuernberg,Sparkasse Nürnberg,SSKNDE77XXX,LIVE,DE,,true,Yes,No,Yes,No,No,Yes,Yes,No,Yes,Yes,Yes,Yes,No,Yes,No,No,Yes,Yes,No,No,No,No,No,No,No
spk-oberhessen,Sparkasse Oberhessen,HELADEF1FRI,LIVE,DE,,true,Yes,No,Yes,No,No,Yes,Yes,No,Yes,Yes,Yes,Yes,No,Yes,No,No,Yes,Yes,No,No,No,No,No,No,No
spk-oberland,SPK Oberland,BYLADEM1WHM,LIVE,DE,,true,Yes,No,Yes,No,No,Yes,Yes,No,Yes,Yes,Yes,Yes,No,Yes,No,No,Yes,Yes,No,No,No,No,No,No,No
spk-oberlausitz-niederschlesien,Sparkasse Oberlausitz-Niederschlesien,WELADED1GRL,LIVE,DE,,true,Yes,No,Yes,No,No,Yes,Yes,No,Yes,Yes,Yes,Yes,No,Yes,No,No,Yes,Yes,No,No,No,No,No,No,No
spk-oberpfalz-nord,Sparkasse Oberpfalz Nord,BYLADEM1WEN,LIVE,DE,,true,Yes,No,Yes,No,No,Yes,Yes,No,Yes,Yes,Yes,Yes,No,Yes,No,No,Yes,Yes,No,No,No,No,No,No,No
spk-odenwaldkreis,Sparkasse Odenwaldkreis,HELADEF1ERB,LIVE,DE,,true,Yes,No,Yes,No,No,Yes,Yes,No,Yes,Yes,Yes,Yes,No,Yes,No,No,Yes,Yes,No,No,No,No,No,No,No
spk-oder-spree,Sparkasse Oder-Spree,WELADED1LOS,LIVE,DE,,true,Yes,No,Yes,No,No,Yes,Yes,No,Yes,Yes,Yes,Yes,No,Yes,No,No,Yes,Yes,No,No,No,No,No,No,No
spk-offenburg-ortenau,Sparkasse Offenburg/Ortenau,SOLADES1OFG,LIVE,DE,,true,Yes,No,Yes,No,No,Yes,Yes,No,Yes,Yes,Yes,Yes,No,Yes,No,No,Yes,Yes,No,No,No,No,No,No,No
spk-olpe-drolshagen-wenden,Sparkasse Olpe-Drolshagen-Wenden,WELADED1OPE,LIVE,DE,,true,Yes,No,Yes,No,No,Yes,Yes,No,Yes,Yes,Yes,Yes,No,Yes,No,No,Yes,Yes,No,No,No,No,No,No,No
spk-osnabrueck,Sparkasse Osnabrück,NOLADE22XXX,LIVE,DE,,true,Yes,No,Yes,No,No,Yes,Yes,No,Yes,Yes,Yes,Yes,No,Yes,No,No,Yes,Yes,No,No,No,No,No,No,No
spk-osterode-am-harz,Sparkasse Osterode am Harz,NOLADE21HZB,LIVE,DE,,true,Yes,No,Yes,No,No,Yes,Yes,No,Yes,Yes,Yes,Yes,No,Yes,No,No,Yes,Yes,No,No,No,No,No,No,No
spk-ostprignitz-ruppin,SPK Ostprignitz-Ruppin,WELADED1OPR,LIVE,DE,,true,Yes,No,Yes,No,No,Yes,Yes,No,Yes,Yes,Yes,Yes,No,Yes,No,No,Yes,Yes,No,No,No,No,No,No,No
spk-paderborn-detmold,Sparkasse Paderborn-Detmold-Höxter,WELADE3LXXX,LIVE,DE,,true,Yes,No,Yes,No,No,Yes,Yes,No,Yes,Yes,Yes,Yes,No,Yes,No,No,Yes,Yes,No,No,No,No,No,No,No
spk-passau,Sparkasse Passau,BYLADEM1PAS,LIVE,DE,,true,Yes,No,Yes,No,No,Yes,Yes,No,Yes,Yes,Yes,Yes,No,Yes,No,No,Yes,Yes,No,No,No,No,No,No,No
spk-pfaffenhofen,SPK Pfaffenhofen,BYLADEM1PAF,LIVE,DE,,true,Yes,No,Yes,No,No,Yes,Yes,No,Yes,Yes,Yes,Yes,No,Yes,No,No,Yes,Yes,No,No,No,No,No,No,No
spk-pforzheim-calw,Sparkasse Pforzheim Calw,PZHSDE66XXX,LIVE,DE,,true,Yes,No,Yes,No,No,Yes,Yes,No,Yes,Yes,Yes,Yes,No,Yes,No,No,Yes,Yes,No,No,No,No,No,No,No
spk-pfullendorf-messkirch,Sparkasse Pfullendorf-Meßkirch,SOLADES1PFD,LIVE,DE,,true,Yes,No,Yes,No,No,Yes,Yes,No,Yes,Yes,Yes,Yes,No,Yes,No,No,Yes,Yes,No,No,No,No,No,No,No
spk-prignitz,Sparkasse Prignitz,WELADED1PRP,LIVE,DE,,true,Yes,No,Yes,No,No,Yes,Yes,No,Yes,Yes,Yes,Yes,No,Yes,No,No,Yes,Yes,No,No,No,No,No,No,No
spk-rastatt-gernsbach,Sparkasse Rastatt-Gernsbach,SOLADES1RAS,LIVE,DE,,true,Yes,No,Yes,No,No,Yes,Yes,No,Yes,Yes,Yes,Yes,No,Yes,No,No,Yes,Yes,No,No,No,No,No,No,No
spk-regen-viechtach,Sparkasse Regen-Viechtach,BYLADEM1REG,LIVE,DE,,true,Yes,No,Yes,No,No,Yes,Yes,No,Yes,Yes,Yes,Yes,No,Yes,No,No,Yes,Yes,No,No,No,No,No,No,No
spk-regensburg,SPK Regensburg,BYLADEM1RBG,LIVE,DE,,true,Yes,No,Yes,No,No,Yes,Yes,No,Yes,Yes,Yes,Yes,No,Yes,No,No,Yes,Yes,No,No,No,No,No,No,No
spk-rhein-haardt,Sparkasse Rhein-Haardt,MALADE51DKH,LIVE,DE,,true,Yes,No,Yes,No,No,Yes,Yes,No,Yes,Yes,Yes,Yes,No,Yes,No,No,Yes,Yes,No,No,No,No,No,No,No
spk-rhein-maas,Sparkasse Rhein-Maas,WELADED1KLE,LIVE,DE,,true,Yes,No,Yes,No,No,Yes,Yes,No,Yes,Yes,Yes,Yes,No,Yes,No,No,Yes,Yes,No,No,No,No,No,No,No
spk-rhein-nahe,Sparkasse Rhein-Nahe,MALADE51KRE,LIVE,DE,,true,Yes,No,Yes,No,No,Yes,Yes,No,Yes,Yes,Yes,Yes,No,Yes,No,No,Yes,Yes,No,No,No,No,No,No,No
spk-rhein-neckar-nord,Sparkasse Rhein Neckar Nord,MANSDE66XXX,LIVE,DE,,true,Yes,No,Yes,No,No,Yes,Yes,No,Yes,Yes,Yes,Yes,No,Yes,No,No,Yes,Yes,No,No,No,No,No,No,No
spk-rosenheim-bad-aibling,Sparkasse Rosenheim-Bad Aibling,BYLADEM1ROS,LIVE,DE,,true,Yes,No,Yes,No,No,Yes,Yes,No,Yes,Yes,Yes,Yes,No,Yes,No,No,Yes,Yes,No,No,No,No,No,No,No
spk-rotenburg-osterholz,Sparkasse Rotenburg Osterholz,BRLADE21ROB,LIVE,DE,,true,Yes,No,Yes,No,No,Yes,Yes,No,Yes,Yes,Yes,Yes,No,Yes,No,No,Yes,Yes,No,No,No,No,No,No,No
spk-rottal-inn,Sparkasse Rottal-Inn,BYLADEM1EGF,LIVE,DE,,true,Yes,No,Yes,No,No,Yes,Yes,No,Yes,Yes,Yes,Yes,No,Yes,No,No,Yes,Yes,No,No,No,No,No,No,No
spk-saarbruecken,SPK Saarbrücken,SAKSDE55XXX,LIVE,DE,,true,Yes,No,Yes,No,No,Yes,Yes,No,Yes,Yes,Yes,Yes,No,Yes,No,No,Yes,Yes,No,No,No,No,No,No,No
spk-salem-heiligenberg,Sparkasse Salem-Heiligenberg,SOLADES1SAL,LIVE,DE,,true,Yes,No,Yes,No,No,Yes,Yes,No,Yes,Yes,Yes,Yes,No,Yes,No,No,Yes,Yes,No,No,No,No,No,No,No
spk-schaumburg,Sparkasse Schaumburg,NOLADE21SHG,LIVE,DE,,true,Yes,No,Yes,No,No,Yes,Yes,No,Yes,Yes,Yes,Yes,No,Yes,No,No,Yes,Yes,No,No,No,No,No,No,No
spk-scheessel,Sparkasse Scheeßel,BRLADE21SHL,LIVE,DE,,true,Yes,No,Yes,No,No,Yes,Yes,No,Yes,Yes,Yes,Yes,No,Yes,No,No,Yes,Yes,No,No,No,No,No,No,No
spk-schwaben-bodensee,SPK Schwaben-Bodensee,SOLADES1KNZ,LIVE,DE,,true,Yes,No,Yes,No,No,Yes,Yes,No,Yes,Yes,Yes,Yes,No,Yes,No,No,Yes,Yes,No,No,No,No,No,No,No
spk-schwaebisch-hall-crailsheim,Sparkasse Schwäbisch Hall-Crailsheim,SOLADES1SHA,LIVE,DE,,true,Yes,No,Yes,No,No,Yes,Yes,No,Yes,Yes,Yes,Yes,No,Yes,No,No,Yes,Yes,No,No,No,No,No,No,No
spk-schwarzwald-baar,Sparkasse Schwarzwald-Baar,SOLADES1VSS,LIVE,DE,,true,Yes,No,Yes,No,No,Yes,Yes,No,Yes,Yes,Yes,Yes,No,Yes,No,No,Yes,Yes,No,No,No,No,No,No,No
spk-schweinfurt-hassberge,Sparkasse Schweinfurt-Haßberge,BYLADEM1KSW,LIVE,DE,,true,Yes,No,Yes,No,No,Yes,Yes,No,Yes,Yes,Yes,Yes,No,Yes,No,No,Yes,Yes,No,No,No,No,No,No,No
spk-siegen,Sparkasse Siegen,WELADED1SIE,LIVE,DE,,true,Yes,No,Yes,No,No,Yes,Yes,No,Yes,Yes,Yes,Yes,No,Yes,No,No,Yes,Yes,No,No,No,No,No,No,No
spk-soestwerl,Sparkasse Hellweg-Lippe,WELADED1SOS,LIVE,DE,,true,Yes,No,Yes,No,No,Yes,Yes,No,Yes,Yes,Yes,Yes,No,Yes,No,No,Yes,Yes,No,No,No,No,No,No,No
spk-sonneberg,Sparkasse Sonneberg,HELADEF1SON,LIVE,DE,,true,Yes,No,Yes,No,No,Yes,Yes,No,Yes,Yes,Yes,Yes,No,Yes,No,No,Yes,Yes,No,No,No,No,No,No,No
spk-spree-neisse,Sparkasse Spree-Neiße,WELADED1CBN,LIVE,DE,,true,Yes,No,Yes,No,No,Yes,Yes,No,Yes,Yes,Yes,Yes,No,Yes,No,No,Yes,Yes,No,No,No,No,No,No,No
spk-stade-altes-land,Sparkasse Stade - Altes Land,NOLADE21STS,LIVE,DE,,true,Yes,No,Yes,No,No,Yes,Yes,No,Yes,Yes,Yes,Yes,No,Yes,No,No,Yes,Yes,No,No,No,No,No,No,No
spk-starkenburg,Sparkasse Starkenburg,HELADEF1HEP,LIVE,DE,,true,Yes,No,Yes,No,No,Yes,Yes,No,Yes,Yes,Yes,Yes,No,Yes,No,No,Yes,Yes,No,No,No,No,No,No,No
spk-staufen-breisach,Sparkasse Staufen-Breisach,SOLADES1STF,LIVE,DE,,true,Yes,No,Yes,No,No,Yes,Yes,No,Yes,Yes,Yes,Yes,No,Yes,No,No,Yes,Yes,No,No,No,No,No,No,No
spk-stblasien,Sparkasse St. Blasien,SOLADES1STB,LIVE,DE,,true,Yes,No,Yes,No,No,Yes,Yes,No,Yes,Yes,Yes,Yes,No,Yes,No,No,Yes,Yes,No,No,No,No,No,No,No
spk-sudpfalz,Sparkasse Südpfalz,SOLADES1SUW,LIVE,DE,,true,Yes,No,Yes,No,No,Yes,Yes,No,Yes,Yes,Yes,Yes,No,Yes,No,No,Yes,Yes,No,No,No,No,No,No,No
spk-suedholstein,Sparkasse Südholstein,NOLADE21SHO,LIVE,DE,,true,Yes,No,Yes,No,No,Yes,Yes,No,Yes,Yes,Yes,Yes,No,Yes,No,No,Yes,Yes,No,No,No,No,No,No,No
spk-suedwestpfalz,Sparkasse Südwestpfalz,MALADE51SWP,LIVE,DE,,true,Yes,No,Yes,No,No,Yes,Yes,No,Yes,Yes,Yes,Yes,No,Yes,No,No,Yes,Yes,No,No,No,No,No,No,No
spk-tauberfranken,Sparkasse Tauberfranken,SOLADES1TBB,LIVE,DE,,true,Yes,No,Yes,No,No,Yes,Yes,No,Yes,Yes,Yes,Yes,No,Yes,No,No,Yes,Yes,No,No,No,No,No,No,No
spk-trier,Sparkasse Trier,TRISDE55XXX,LIVE,DE,,true,Yes,No,Yes,No,No,Yes,Yes,No,Yes,Yes,Yes,Yes,No,Yes,No,No,Yes,Yes,No,No,No,No,No,No,No
spk-uckermark,Sparkasse Uckermark,WELADED1UMP,LIVE,DE,,true,Yes,No,Yes,No,No,Yes,Yes,No,Yes,Yes,Yes,Yes,No,Yes,No,No,Yes,Yes,No,No,No,No,No,No,No
spk-uecker-randow,Sparkasse Uecker-Randow,NOLADE21PSW,LIVE,DE,,true,Yes,No,Yes,No,No,Yes,Yes,No,Yes,Yes,Yes,Yes,No,Yes,No,No,Yes,Yes,No,No,No,No,No,No,No
spk-uelzen-luechow-dannenberg,Sparkasse Uelzen Lüchow-Dannenberg,NOLADE21UEL,LIVE,DE,,true,Yes,No,Yes,No,No,Yes,Yes,No,Yes,Yes,Yes,Yes,No,Yes,No,No,Yes,Yes,No,No,No,No,No,No,No
spk-ulm,Sparkasse Ulm,SOLADES1ULM,LIVE,DE,,true,Yes,No,Yes,No,No,Yes,Yes,No,Yes,Yes,Yes,Yes,No,Yes,No,No,Yes,Yes,No,No,No,No,No,No,No
spk-unnakamen,Sparkasse UnnaKamen,WELADED1UNN,LIVE,DE,,true,Yes,No,Yes,No,No,Yes,Yes,No,Yes,Yes,Yes,Yes,No,Yes,No,No,Yes,Yes,No,No,No,No,No,No,No
spk-unstrut-hainich,Sparkasse Unstrut-Hainich,HELADEF1MUE,LIVE,DE,,true,Yes,No,Yes,No,No,Yes,Yes,No,Yes,Yes,Yes,Yes,No,Yes,No,No,Yes,Yes,No,No,No,No,No,No,No
spk-vest-recklinghausen,Sparkasse Vest Recklinghausen,WELADED1REK,LIVE,DE,,true,Yes,No,Yes,No,No,Yes,Yes,No,Yes,Yes,Yes,Yes,No,Yes,No,No,Yes,Yes,No,No,No,No,No,No,No
spk-vogtland,Sparkasse Vogtland,WELADED1PLX,LIVE,DE,,true,Yes,No,Yes,No,No,Yes,Yes,No,Yes,Yes,Yes,Yes,No,Yes,No,No,Yes,Yes,No,No,No,No,No,No,No
spk-vorderpfalz,Sparkasse Vorderpfalz,LUHSDE6AXXX,LIVE,DE,,true,Yes,No,Yes,No,No,Yes,Yes,No,Yes,Yes,Yes,Yes,No,Yes,No,No,Yes,Yes,No,No,No,No,No,No,No
spk-vorpommern,Sparkasse Vorpommern,NOLADE21GRW,LIVE,DE,,true,Yes,No,Yes,No,No,Yes,Yes,No,Yes,Yes,Yes,Yes,No,Yes,No,No,Yes,Yes,No,No,No,No,No,No,No
spk-waldeck-frankenberg,Sparkasse Waldeck-Frankenberg,HELADEF1KOR,LIVE,DE,,true,Yes,No,Yes,No,No,Yes,Yes,No,Yes,Yes,Yes,Yes,No,Yes,No,No,Yes,Yes,No,No,No,No,No,No,No
spk-werra-meissner,Sparkasse Werra-Meißner,HELADEF1ESW,LIVE,DE,,true,Yes,No,Yes,No,No,Yes,Yes,No,Yes,Yes,Yes,Yes,No,Yes,No,No,Yes,Yes,No,No,No,No,No,No,No
spk-westerwald-sieg,Sparkasse Westerwald-Sieg,MALADE51AKI,LIVE,DE,,true,Yes,No,Yes,No,No,Yes,Yes,No,Yes,Yes,Yes,Yes,No,Yes,No,No,Yes,Yes,No,No,No,No,No,No,No
spk-westholstein,Sparkasse Westholstein,NOLADE21WHO,LIVE,DE,,true,Yes,No,Yes,No,No,Yes,Yes,No,Yes,Yes,Yes,Yes,No,Yes,No,No,Yes,Yes,No,No,No,No,No,No,No
spk-westmuensterland,Sparkasse Westmünsterland,WELADE3WXXX,LIVE,DE,,true,Yes,No,Yes,No,No,Yes,Yes,No,Yes,Yes,Yes,Yes,No,Yes,No,No,Yes,Yes,No,No,No,No,No,No,No
spk-wetzlar,Sparkasse Wetzlar,HELADEF1WET,LIVE,DE,,true,Yes,No,Yes,No,No,Yes,Yes,No,Yes,Yes,Yes,Yes,No,Yes,No,No,Yes,Yes,No,No,No,No,No,No,No
spk-wiesental,Sparkasse Wiesental,SOLADES1SFH,LIVE,DE,,true,Yes,No,Yes,No,No,Yes,Yes,No,Yes,Yes,Yes,Yes,No,Yes,No,No,Yes,Yes,No,No,No,No,No,No,No
spk-wilhelmshaven,Sparkasse Wilhelmshaven,BRLADE21WHV,LIVE,DE,,true,Yes,No,Yes,No,No,Yes,Yes,No,Yes,Yes,Yes,Yes,No,Yes,No,No,Yes,Yes,No,No,No,No,No,No,No
spk-witten,Sparkasse Witten,WELADED1WTN,LIVE,DE,,true,Yes,No,Yes,No,No,Yes,Yes,No,Yes,Yes,Yes,Yes,No,Yes,No,No,Yes,Yes,No,No,No,No,No,No,No
spk-wittenberg,Sparkasse Wittenberg,NOLADE21WBL,LIVE,DE,,true,Yes,No,Yes,No,No,Yes,Yes,No,Yes,Yes,Yes,Yes,No,Yes,No,No,Yes,Yes,No,No,No,No,No,No,No
spk-wittgenstein,Sparkasse Wittgenstein,WELADED1BEB,LIVE,DE,,true,Yes,No,Yes,No,No,Yes,Yes,No,Yes,Yes,Yes,Yes,No,Yes,No,No,Yes,Yes,No,No,No,No,No,No,No
spk-wolfach,Sparkasse Wolfach,SOLADES1WOF,LIVE,DE,,true,Yes,No,Yes,No,No,Yes,Yes,No,Yes,Yes,Yes,Yes,No,Yes,No,No,Yes,Yes,No,No,No,No,No,No,No
spk-worms-alzey-ried,Sparkasse Worms-Alzey-Ried,MALADE51WOR,LIVE,DE,,true,Yes,No,Yes,No,No,Yes,Yes,No,Yes,Yes,Yes,Yes,No,Yes,No,No,Yes,Yes,No,No,No,No,No,No,No
spk-zollernalb,Sparkasse Zollernalb,SOLADES1BAL,LIVE,DE,,true,Yes,No,Yes,No,No,Yes,Yes,No,Yes,Yes,Yes,Yes,No,Yes,No,No,Yes,Yes,No,No,No,No,No,No,No
spk-zu-luebeck-ag,Sparkasse zu Lübeck,NOLADE21SPL,LIVE,DE,,true,Yes,No,Yes,No,No,Yes,Yes,No,Yes,Yes,Yes,Yes,No,Yes,No,No,Yes,Yes,No,No,No,No,No,No,No
spk-zwickau,Sparkasse Zwickau,WELADED1ZWI,LIVE,DE,,true,Yes,No,Yes,No,No,Yes,Yes,No,Yes,Yes,Yes,Yes,No,Yes,No,No,Yes,Yes,No,No,No,No,No,No,No
spreewaldbank,Spreewaldbank eG,GENODEF1LN1,LIVE,DE,,true,Yes,Yes,Yes,Yes,No,Yes,No,No,Yes,Yes,No,No,No,No,No,No,Yes,No,No,Yes,No,No,No,No,No
ssk-augsburg,Stadtsparkasse Augsburg,AUGSDE77XXX,LIVE,DE,,true,Yes,No,Yes,No,No,Yes,Yes,No,Yes,Yes,Yes,Yes,No,Yes,No,No,Yes,Yes,No,No,No,No,No,No,No
ssk-bad-pyrmont,Stadtsparkasse Bad Pyrmont,NOLADE21PMT,LIVE,DE,,true,Yes,No,Yes,No,No,Yes,Yes,No,Yes,Yes,Yes,Yes,No,Yes,No,No,Yes,Yes,No,No,No,No,No,No,No
ssk-barsinghausen,Stadtsparkasse Barsinghausen,NOLADE21BAH,LIVE,DE,,true,Yes,No,Yes,No,No,Yes,Yes,No,Yes,Yes,Yes,Yes,No,Yes,No,No,Yes,Yes,No,No,No,No,No,No,No
ssk-bocholt,Stadtsparkasse Bocholt,WELADED1BOH,LIVE,DE,,true,Yes,No,Yes,No,No,Yes,Yes,No,Yes,Yes,Yes,Yes,No,Yes,No,No,Yes,Yes,No,No,No,No,No,No,No
ssk-cuxhaven,Stadtsparkasse Cuxhaven,BRLADE21CUX,LIVE,DE,,true,Yes,No,Yes,No,No,Yes,Yes,No,Yes,Yes,Yes,Yes,No,Yes,No,No,Yes,Yes,No,No,No,No,No,No,No
ssk-dessau,Stadtsparkasse Dessau,NOLADE21DES,LIVE,DE,,true,Yes,No,Yes,No,No,Yes,Yes,No,Yes,Yes,Yes,Yes,No,Yes,No,No,Yes,Yes,No,No,No,No,No,No,No
ssk-duesseldorf,Stadtsparkasse Düsseldorf,DUSSDEDDXXX,LIVE,DE,,true,Yes,No,Yes,No,No,Yes,Yes,No,Yes,Yes,Yes,Yes,No,Yes,No,No,Yes,Yes,No,No,No,No,No,No,No
ssk-grebenstein,Stadtsparkasse Grebenstein,HELADEF1GRE,LIVE,DE,,true,Yes,No,Yes,No,No,Yes,Yes,No,Yes,Yes,Yes,Yes,No,Yes,No,No,Yes,Yes,No,No,No,No,No,No,No
ssk-haan-rheinlan,Stadtsparkasse Haan (Rheinland),WELADED1HAA,LIVE,DE,,true,Yes,No,Yes,No,No,Yes,Yes,No,Yes,Yes,Yes,Yes,No,Yes,No,No,Yes,Yes,No,No,No,No,No,No,No
ssk-langenfeld-rheinlan,Stadtsparkasse Langenfeld (Rheinland),WELADED1LAF,LIVE,DE,,true,Yes,No,Yes,No,No,Yes,Yes,No,Yes,Yes,Yes,Yes,No,Yes,No,No,Yes,Yes,No,No,No,No,No,No,No
ssk-lengerich,Stadtsparkasse Lengerich,WELADED1LEN,LIVE,DE,,true,Yes,No,Yes,No,No,Yes,Yes,No,Yes,Yes,Yes,Yes,No,Yes,No,No,Yes,Yes,No,No,No,No,No,No,No
ssk-magdeburg,Stadtsparkasse Magdeburg,NOLADE21MDG,LIVE,DE,,true,Yes,No,Yes,No,No,Yes,Yes,No,Yes,Yes,Yes,Yes,No,Yes,No,No,Yes,Yes,No,No,No,No,No,No,No
ssk-moenchengladbach,Stadtsparkasse Mönchengladbach,MGLSDE33XXX,LIVE,DE,,true,Yes,No,Yes,No,No,Yes,Yes,No,Yes,Yes,Yes,Yes,No,Yes,No,No,Yes,Yes,No,No,No,No,No,No,No
ssk-muenchen,SSK München,SSKMDEMMXXX,LIVE,DE,,true,Yes,No,Yes,No,No,Yes,Yes,No,Yes,Yes,Yes,Yes,No,Yes,No,No,Yes,Yes,No,No,No,No,No,No,No
ssk-oberhausen,SSK Oberhausen,WELADED1OBH,LIVE,DE,,true,Yes,No,Yes,No,No,Yes,Yes,No,Yes,Yes,Yes,Yes,No,Yes,No,No,Yes,Yes,No,No,No,No,No,No,No
ssk-offenbach,Stadtsparkasse Offenbach,HELADEF1OFF,LIVE,DE,,true,Yes,No,Yes,No,No,Yes,Yes,No,Yes,Yes,Yes,Yes,No,Yes,No,No,Yes,Yes,No,No,No,No,No,No,No
ssk-rahden,Stadtsparkasse Rahden,WELADED1RHD,LIVE,DE,,true,Yes,No,Yes,No,No,Yes,Yes,No,Yes,Yes,Yes,Yes,No,Yes,No,No,Yes,Yes,No,No,No,No,No,No,No
ssk-remscheid,Stadtsparkasse Remscheid,WELADEDRXXX,LIVE,DE,,true,Yes,No,Yes,No,No,Yes,Yes,No,Yes,Yes,Yes,Yes,No,Yes,No,No,Yes,Yes,No,No,No,No,No,No,No
ssk-rheine,Stadtsparkasse Rheine,WELADED1RHN,LIVE,DE,,true,Yes,No,Yes,No,No,Yes,Yes,No,Yes,Yes,Yes,Yes,No,Yes,No,No,Yes,Yes,No,No,No,No,No,No,No
ssk-schwalmstadt,Sparkasse Borken-Schwalmstadt,HELADEF1SWA,LIVE,DE,,true,Yes,No,Yes,No,No,Yes,Yes,No,Yes,Yes,Yes,Yes,No,Yes,No,No,Yes,Yes,No,No,No,No,No,No,No
ssk-schwedt,Stadtsparkasse Schwedt,WELADED1UMX,LIVE,DE,,true,Yes,No,Yes,No,No,Yes,Yes,No,Yes,Yes,Yes,Yes,No,Yes,No,No,Yes,Yes,No,No,No,No,No,No,No
ssk-schwelm,Stadtsparkasse Schwelm,WELADED1SLM,LIVE,DE,,true,Yes,No,Yes,No,No,Yes,Yes,No,Yes,Yes,Yes,Yes,No,Yes,No,No,Yes,Yes,No,No,No,No,No,No,No
ssk-solingen,Stadtsparkasse Solingen,SOLSDE33XXX,LIVE,DE,,true,Yes,No,Yes,No,No,Yes,Yes,No,Yes,Yes,Yes,Yes,No,Yes,No,No,Yes,Yes,No,No,No,No,No,No,No
ssk-wedel,Stadtsparkasse Wedel,NOLADE21WED,LIVE,DE,,true,Yes,No,Yes,No,No,Yes,Yes,No,Yes,Yes,Yes,Yes,No,Yes,No,No,Yes,Yes,No,No,No,No,No,No,No
ssk-wermelskirchen,Stadtsparkasse Wermelskirchen,WELADED1WMK,LIVE,DE,,true,Yes,No,Yes,No,No,Yes,Yes,No,Yes,Yes,Yes,Yes,No,Yes,No,No,Yes,Yes,No,No,No,No,No,No,No
ssk-wunstorf,Stadtsparkasse Wunstorf,NOLADE21WST,LIVE,DE,,true,Yes,No,Yes,No,No,Yes,Yes,No,Yes,Yes,Yes,Yes,No,Yes,No,No,Yes,Yes,No,No,No,No,No,No,No
ssk-wuppertal,Stadtsparkasse Wuppertal,WUPSDE33XXX,LIVE,DE,,true,Yes,No,Yes,No,No,Yes,Yes,No,Yes,Yes,Yes,Yes,No,Yes,No,No,Yes,Yes,No,No,No,No,No,No,No
stadt-und-kreissparkasse-leipzig,Stadt- und Kreissparkasse Leipzig,WELADE8LXXX,LIVE,DE,,true,Yes,No,Yes,No,No,Yes,Yes,No,Yes,Yes,Yes,Yes,No,Yes,No,No,Yes,Yes,No,No,No,No,No,No,No
starling,Starling Bank,SRLGGB2LSPS,LIVE,GB,,true,Yes,Yes,Yes,No,No,Yes,Yes,No,Yes,No,No,No,No,No,No,No,No,Yes,No,No,No,No,No,No,No
starling-sandbox,Starling Sandbox,,SANDBOX,GB,,true,No,Yes,Yes,No,No,Yes,Yes,No,Yes,No,No,No,No,No,No,No,No,Yes,No,No,No,No,No,No,No
starling_ob,Starling Bank Limited,,LIVE,GB,,true,Yes,Yes,Yes,Yes,No,Yes,Yes,Yes,Yes,No,Yes,No,No,No,No,No,No,Yes,No,No,No,No,No,No,No
starling_ob-sandbox,Starling Bank Limited - Sandbox,,SANDBOX,GB,,true,Yes,Yes,Yes,Yes,No,Yes,Yes,Yes,Yes,No,Yes,No,No,No,No,No,No,Yes,No,No,No,No,No,No,No
steyler-bank,Steyler Bank GmbH,GENODED1STB,LIVE,DE,,true,Yes,Yes,Yes,Yes,No,Yes,No,No,Yes,Yes,No,No,No,No,No,No,Yes,No,No,Yes,No,No,No,No,No
sudwestbank,Südwestbank AG,SWBSDESSXXX,LIVE,DE,,true,Yes,Yes,Yes,Yes,No,Yes,No,No,Yes,Yes,No,No,No,No,No,No,Yes,No,No,Yes,No,No,No,No,No
swedbank_ee,Swedbank - Estonia,HABAEE2XXXX,LIVE,EE,swedbank-se,true,Yes,Yes,Yes,Yes,No,Yes,No,No,Yes,No,Yes,Yes,No,Yes,Yes,No,No,No,Yes,No,No,No,No,No,No
swedbank_lt,Swedbank - Lithuania,HABALT22XXX,LIVE,LT,swedbank-se,true,Yes,Yes,Yes,Yes,No,Yes,No,No,Yes,Yes,Yes,Yes,No,Yes,Yes,No,No,No,Yes,No,No,No,No,No,No
swedbank_lv,Swedbank - Latvia,HABALV22XXX,LIVE,LV,swedbank-se,true,Yes,Yes,Yes,Yes,No,Yes,No,No,Yes,No,Yes,Yes,No,Yes,Yes,No,No,Yes,No,No,No,No,No,No,No
swedbank_se,Swedbank - Sweden,SWEDSESSXXX,LIVE,SE,swedbank-se,true,Yes,Yes,Yes,Yes,No,Yes,No,No,Yes,No,Yes,Yes,No,Yes,Yes,No,No,Yes,No,No,No,No,No,No,No
sydbank,Sydbank,,LIVE,DK,,true,Yes,Yes,Yes,Yes,No,Yes,No,No,Yes,No,No,No,No,Yes,No,No,No,Yes,No,No,No,No,No,No,No
sydbank-sandbox,Sydbank Sandbox,,SANDBOX,DK,,true,Yes,Yes,Yes,Yes,No,Yes,No,No,Yes,No,No,No,No,Yes,No,No,No,Yes,No,No,No,No,No,No,No
sylter-bank,Sylter Bank eG,GENODEF1SYL,LIVE,DE,,true,Yes,Yes,Yes,Yes,No,Yes,No,No,Yes,Yes,No,No,No,No,No,No,Yes,No,No,Yes,No,No,No,No,No
taunus-sparkasse,Taunus Sparkasse,HELADEF1TSK,LIVE,DE,,true,Yes,No,Yes,No,No,Yes,Yes,No,Yes,Yes,Yes,Yes,No,Yes,No,No,Yes,Yes,No,No,No,No,No,No,No
tescobank,Tesco Bank,TPFGGB2EXXX,LIVE,GB,,true,Yes,Yes,Yes,No,No,Yes,Yes,No,Yes,No,Yes,Yes,No,No,No,No,No,Yes,No,No,No,No,No,No,No
tescobank-sandbox,Tesco Bank Sandbox,,SANDBOX,GB,,true,Yes,Yes,Yes,No,No,Yes,Yes,No,Yes,No,Yes,Yes,No,No,No,No,No,Yes,No,No,No,No,No,No,No
thinkmoney,thinkmoney,THKMGB21XXX,LIVE,GB,,true,No,Yes,Yes,Yes,No,Yes,No,No,No,No,No,No,No,No,No,No,No,Yes,No,No,No,No,No,No,No
tide,Tide,CLRBGB22XXX,LIVE,GB,,true,Yes,Yes,Yes,No,No,Yes,Yes,Yes,Yes,No,Yes,Yes,No,No,No,No,No,Yes,No,No,No,No,No,No,No
tide-sandbox,Tide,CLRBGB22XXX,SANDBOX,GB,,true,Yes,Yes,Yes,No,No,Yes,Yes,Yes,Yes,No,Yes,Yes,No,No,No,No,No,Yes,No,No,No,No,No,No,No
tirolo,RAIFFEISENKASSE TIROL CASSA RAIFFEISEN TIROLO,RZSBIT21XXX,LIVE,IT,,true,Yes,Yes,Yes,Yes,No,Yes,No,No,Yes,Yes,Yes,Yes,No,Yes,No,Yes,Yes,Yes,No,No,No,No,No,No,No
tomorrow_de,Tomorrow Bank,PSSTFRPPPAR,LIVE,DE,,true,Yes,Yes,Yes,Yes,No,Yes,No,No,Yes,No,No,Yes,No,No,No,No,Yes,Yes,No,No,No,No,No,No,No
triodos-bank,Triodos Bank N.V. Deutschland,TRODDEF1XXX,LIVE,DE,,true,Yes,Yes,Yes,Yes,No,Yes,No,No,Yes,Yes,No,No,No,No,No,No,Yes,No,No,Yes,No,No,No,No,No
tsb,TSB Bank plc,TSBSGB2AXXX,LIVE,GB,,true,Yes,Yes,Yes,No,No,Yes,No,Yes,Yes,No,No,Yes,No,No,No,No,No,Yes,No,No,No,No,No,No,No
tures-aurina,RAIFFEISENKASSE TAUFERER-ARNTHAL CASSA RAIFFEISEN TURES-AURINA,RZSBIT21XXX,LIVE,IT,,true,Yes,Yes,Yes,Yes,No,Yes,No,No,Yes,Yes,Yes,Yes,No,Yes,No,Yes,Yes,Yes,No,No,No,No,No,No,No
ulsterbank-clearspend_ie,Ulster Bank RI ClearSpend,,LIVE,IE,,true,No,Yes,Yes,Yes,No,Yes,No,Yes,No,No,No,No,No,No,No,No,No,Yes,No,No,No,No,No,No,No
ulsterbank-clearspend_uk,Ulster Bank NI ClearSpend,,LIVE,GB,,true,No,Yes,Yes,Yes,No,Yes,No,Yes,No,No,No,No,No,No,No,No,No,Yes,No,No,No,No,No,No,No
ulsterbank_uk,Ulster Bank (UK),ULSBGB2BXXX,LIVE,GB,,true,Yes,Yes,Yes,Yes,No,Yes,No,No,Yes,No,Yes,Yes,No,No,No,No,Yes,Yes,No,No,Yes,Yes,Yes,No,No
ulsterbankbusiness_uk,Ulster Bank Bankline (NI),ULSBGB2BXXX,LIVE,GB,,true,Yes,Yes,Yes,Yes,No,Yes,No,No,Yes,No,Yes,Yes,No,No,No,No,Yes,Yes,No,No,No,Yes,Yes,No,No
ultimo-pancrazio-lauregno,RAIFFEISENKASSE ULTEN-ST.PANKRAZ LAUREIN - CASSA RAIFFEISEN ULTIMO S.PANCRAZIO-LAUREGNO,RZSBIT21XXX,LIVE,IT,,true,Yes,Yes,Yes,Yes,No,Yes,No,No,Yes,Yes,Yes,Yes,No,Yes,No,Yes,Yes,Yes,No,No,No,No,No,No,No
umwelt,UmweltBank AG,UMWEDE7NXXX,LIVE,DE,,true,Yes,Yes,Yes,Yes,No,Yes,No,No,Yes,Yes,No,No,No,No,No,No,Yes,No,No,Yes,No,No,No,No,No
unicaja_banco,Unicaja Banco,UCJAES2MXXX,LIVE,ES,,true,No,Yes,Yes,Yes,No,Yes,No,No,Yes,No,Yes,Yes,No,Yes,No,No,No,No,Yes,No,No,No,No,No,No
unicajabanco-sandbox,Unicaja Banco Sanbox,,SANDBOX,ES,,true,No,Yes,Yes,Yes,No,Yes,No,No,Yes,Yes,Yes,Yes,No,Yes,No,No,No,No,Yes,No,No,No,No,No,No
unicre-instituicao-financeira-de-credito-sa,Unicre - Instituiçao Financeira de Credito S.A,UIFCPTP1XXX,LIVE,PT,,true,Yes,Yes,Yes,Yes,No,Yes,No,No,No,No,No,No,No,No,No,No,No,Yes,No,No,No,No,No,No,No
unicre-instituicao-financeira-de-credito-sa-sandbox,Unicre - Instituição Financeira de Crédito S.A SANDBOX,UIFCPTP1XXX,SANDBOX,PT,,true,Yes,Yes,Yes,Yes,No,Yes,No,No,No,No,No,No,No,No,No,No,No,Yes,No,No,No,No,No,No,No
unicredit,Banca Credito Italiano (UniCredit),UNCRITMMXXX,LIVE,IT,,true,Yes,Yes,Yes,No,No,Yes,No,No,Yes,Yes,No,Yes,No,Yes,No,No,No,Yes,No,No,No,No,No,No,No
unicredit_at,Bank Austria 24You,,LIVE,AT,,true,No,Yes,Yes,No,No,Yes,No,No,Yes,Yes,No,Yes,No,Yes,No,No,No,Yes,No,No,No,No,No,No,No
unicredit_de,HypoVereinsbank (HVB Online Banking),HYVEUS33XXX,LIVE,DE,,true,No,Yes,Yes,No,No,Yes,No,No,Yes,Yes,No,Yes,No,Yes,No,No,No,Yes,No,No,No,No,No,No,No
unicreditbusiness_at,Bank Austria UC eBanking Global,,LIVE,AT,,true,Yes,Yes,Yes,No,No,Yes,No,No,Yes,Yes,No,Yes,No,Yes,No,No,No,Yes,No,No,No,No,No,No,No
unicreditbusiness_de,UniCredit eBanking Global by HypoVereinsbank - UniCredit Bank AG,HYVEUS33IBF,LIVE,DE,,true,Yes,Yes,Yes,No,No,Yes,No,No,Yes,Yes,No,Yes,No,Yes,No,No,No,Yes,No,No,No,No,No,No,No
union-bank,UNION-BANK AG,UNBNDE21XXX,LIVE,DE,,true,Yes,Yes,Yes,Yes,No,Yes,No,No,Yes,Yes,No,No,No,No,No,No,Yes,No,No,Yes,No,No,No,No,No
unitytrust,Unity Trust Bank,,LIVE,GB,,true,No,Yes,Yes,Yes,No,Yes,No,No,No,No,No,No,No,No,No,No,No,Yes,No,No,No,No,No,No,No
unsere-raiba,Raiffeisenbank Schrozberg- Rot am See eG,GENODES1SBB,LIVE,DE,,true,Yes,Yes,Yes,Yes,No,Yes,No,No,Yes,Yes,No,No,No,No,No,No,Yes,No,No,Yes,No,No,No,No,No
v-mn,Volksbank Mittlerer Neckar eG,GENODES1NUE,LIVE,DE,,true,Yes,Yes,Yes,Yes,No,Yes,No,No,Yes,Yes,No,No,No,No,No,No,Yes,No,No,Yes,No,No,No,No,No
v-vb,"Vereinigte Volksbank eG, Brakel",GENODEM1STM,LIVE,DE,,true,Yes,Yes,Yes,Yes,No,Yes,No,No,Yes,Yes,No,No,No,No,No,No,Yes,No,No,Yes,No,No,No,No,No
vakifbank-intl,"VakifBank International AG, Wien ZN Deutschland",TVBADEFFXXX,LIVE,DE,,true,Yes,Yes,Yes,Yes,No,Yes,No,No,Yes,Yes,No,No,No,No,No,No,Yes,No,No,Yes,No,No,No,No,No
val-badia,RAIFFEISENKASSE VAL BADIA CASSA RAIFFEISEN VAL BADIA,RZSBIT21008,LIVE,IT,,true,Yes,Yes,Yes,Yes,No,Yes,No,No,Yes,Yes,Yes,Yes,No,Yes,No,Yes,Yes,Yes,No,No,No,No,No,No,No
val-sarentino,RAIFFEISENKASSE SARNTAL CASSA RAIFFEISEN VAL SARENTINO,RZSBIT21XXX,LIVE,IT,,true,Yes,Yes,Yes,Yes,No,Yes,No,No,Yes,Yes,Yes,Yes,No,Yes,No,Yes,Yes,Yes,No,No,No,No,No,No,No
vandoies,RAIFFEISENKASSE VINTL CASSA RAIFFEISEN VANDOIES,RZSBIT21XXX,LIVE,IT,,true,Yes,Yes,Yes,Yes,No,Yes,No,No,Yes,Yes,Yes,Yes,No,Yes,No,Yes,Yes,Yes,No,No,No,No,No,No,No
vanquis-bank,Vanquis Bank,VQISGB21XXX,LIVE,GB,,true,No,Yes,Yes,No,No,Yes,Yes,Yes,No,No,No,No,No,No,No,No,No,Yes,No,No,No,No,No,No,No
vanquis-bank-sandbox,Vanquis Bank,,SANDBOX,GB,,true,No,Yes,Yes,No,No,Yes,No,No,Yes,No,Yes,No,No,No,No,No,No,Yes,No,No,No,No,No,No,No
vb-abi,"Volksbank eG, Köthen-Bitterfeld",GENODEF1KOE,LIVE,DE,,true,Yes,Yes,Yes,Yes,No,Yes,No,No,Yes,Yes,No,No,No,No,No,No,Yes,No,No,Yes,No,No,No,No,No
vb-alzey-worms,Volksbank Alzey-Worms eG,GENODE61AZY,LIVE,DE,,true,Yes,Yes,Yes,Yes,No,Yes,No,No,Yes,Yes,No,No,No,No,No,No,Yes,No,No,Yes,No,No,No,No,No
vb-ascheberg-herbern,Volksbank Ascheberg-Herbern eG,GENODEM1CAN,LIVE,DE,,true,Yes,Yes,Yes,Yes,No,Yes,No,No,Yes,Yes,No,No,No,No,No,No,Yes,No,No,Yes,No,No,No,No,No
vb-bad-saulgau,VR Bank Donau-Oberschwaben eG,GENODES1SLG,LIVE,DE,,true,Yes,Yes,Yes,Yes,No,Yes,No,No,Yes,Yes,No,No,No,No,No,No,Yes,No,No,Yes,No,No,No,No,No
vb-bia,Volksbank Beilstein-Ilsfeld- Abstatt eG,GENODES1BIA,LIVE,DE,,true,Yes,Yes,Yes,Yes,No,Yes,No,No,Yes,Yes,No,No,No,No,No,No,Yes,No,No,Yes,No,No,No,No,No
vb-bocholt,Volksbank Bocholt eG,GENODEM1BOH,LIVE,DE,,true,Yes,Yes,Yes,Yes,No,Yes,No,No,Yes,Yes,No,No,No,No,No,No,Yes,No,No,Yes,No,No,No,No,No
vb-bochumwitten,Volksbank Bochum Witten eG,GENODEM1BOC,LIVE,DE,,true,Yes,Yes,Yes,Yes,No,Yes,No,No,Yes,Yes,No,No,No,No,No,No,Yes,No,No,Yes,No,No,No,No,No
vb-brandoberndorf,Volksbank Brandoberndorf eG,GENODE51WBO,LIVE,DE,,true,Yes,Yes,Yes,Yes,No,Yes,No,No,Yes,Yes,No,No,No,No,No,No,Yes,No,No,Yes,No,No,No,No,No
vb-eg,"Volksbank eG, Hildesheim-Lehrte-Pattensen",GENODEF1PAT,LIVE,DE,,true,Yes,Yes,Yes,Yes,No,Yes,No,No,Yes,Yes,No,No,No,No,No,No,Yes,No,No,Yes,No,No,No,No,No
vb-elsen-wewer-borchen,Volksbank Elsen-Wewer-Borchen eG,GENODEM1EWB,LIVE,DE,,true,Yes,Yes,Yes,Yes,No,Yes,No,No,Yes,Yes,No,No,No,No,No,No,Yes,No,No,Yes,No,No,No,No,No
vb-emstal,Volksbank Emstal eG,GENODEF1LTH,LIVE,DE,,true,Yes,Yes,Yes,Yes,No,Yes,No,No,Yes,Yes,No,No,No,No,No,No,Yes,No,No,Yes,No,No,No,No,No
vb-eow,Volksbank Enniger-Ostenfelde-Westkirchen eG,GENODEM1EOW,LIVE,DE,,true,Yes,Yes,Yes,Yes,No,Yes,No,No,Yes,Yes,No,No,No,No,No,No,Yes,No,No,Yes,No,No,No,No,No
vb-flein-talheim,Volksbank Flein-Talheim eG,GENODES1VFT,LIVE,DE,,true,Yes,Yes,Yes,Yes,No,Yes,No,No,Yes,Yes,No,No,No,No,No,No,Yes,No,No,Yes,No,No,No,No,No
vb-gescher,Volksbank Gescher eG,GENODEM1GE1,LIVE,DE,,true,Yes,Yes,Yes,Yes,No,Yes,No,No,Yes,Yes,No,No,No,No,No,No,Yes,No,No,Yes,No,No,No,No,No
vb-grebenhain,"Volksbank eG, Grebenhain",GENODE51GRC,LIVE,DE,,true,Yes,Yes,Yes,Yes,No,Yes,No,No,Yes,Yes,No,No,No,No,No,No,Yes,No,No,Yes,No,No,No,No,No
vb-halle,Volksbank Halle (Saale) eG,GENODEM1HLW,LIVE,DE,,true,Yes,Yes,Yes,Yes,No,Yes,No,No,Yes,Yes,No,No,No,No,No,No,Yes,No,No,Yes,No,No,No,No,No
vb-heimbach,Volksbank Heimbach eG,GENODED1HMB,LIVE,DE,,true,Yes,Yes,Yes,Yes,No,Yes,No,No,Yes,Yes,No,No,No,No,No,No,Yes,No,No,Yes,No,No,No,No,No
vb-hm,Volksbank in der Hohen Mark eG,GENODEM1DLR,LIVE,DE,,true,Yes,Yes,Yes,Yes,No,Yes,No,No,Yes,Yes,No,No,No,No,No,No,Yes,No,No,Yes,No,No,No,No,No
vb-hohenlimburg,Volksbank Hohenlimburg eG,GENODEM1HLH,LIVE,DE,,true,Yes,Yes,Yes,Yes,No,Yes,No,No,Yes,Yes,No,No,No,No,No,No,Yes,No,No,Yes,No,No,No,No,No
vb-hohenlohe,Volksbank Hohenlohe eG,GENODES1VHL,LIVE,DE,,true,Yes,Yes,Yes,Yes,No,Yes,No,No,Yes,Yes,No,No,No,No,No,No,Yes,No,No,Yes,No,No,No,No,No
vb-im-hochsauerland,Volksbank im Hochsauerland eG,GENODEM1MAS,LIVE,DE,,true,Yes,Yes,Yes,Yes,No,Yes,No,No,Yes,Yes,No,No,No,No,No,No,Yes,No,No,Yes,No,No,No,No,No
vb-is,Volksbank in Schaumburg und Nienburg eG,GENODEF1BCK,LIVE,DE,,true,Yes,Yes,Yes,Yes,No,Yes,No,No,Yes,Yes,No,No,No,No,No,No,Yes,No,No,Yes,No,No,No,No,No
vb-iw,Volksbank im Wesertal eG,GENODEF1COP,LIVE,DE,,true,Yes,Yes,Yes,Yes,No,Yes,No,No,Yes,Yes,No,No,No,No,No,No,Yes,No,No,Yes,No,No,No,No,No
vb-jerichower-land,Volksbank Jerichower Land eG,GENODEF1BRG,LIVE,DE,,true,Yes,Yes,Yes,Yes,No,Yes,No,No,Yes,Yes,No,No,No,No,No,No,Yes,No,No,Yes,No,No,No,No,No
vb-kempen,Volksbank Kempen-Grefrath eG,GENODED1KMP,LIVE,DE,,true,Yes,Yes,Yes,Yes,No,Yes,No,No,Yes,Yes,No,No,No,No,No,No,Yes,No,No,Yes,No,No,No,No,No
vb-laichinger-alb,Volksbank Alb eG,GENODES1LAI,LIVE,DE,,true,Yes,Yes,Yes,Yes,No,Yes,No,No,Yes,Yes,No,No,No,No,No,No,Yes,No,No,Yes,No,No,No,No,No
vb-lauterecken,Volksbank Lauterecken eG,GENODE61LEK,LIVE,DE,,true,Yes,Yes,Yes,Yes,No,Yes,No,No,Yes,Yes,No,No,No,No,No,No,Yes,No,No,Yes,No,No,No,No,No
vb-limbach,Volksbank Limbach eG,GENODE61LMB,LIVE,DE,,true,Yes,Yes,Yes,Yes,No,Yes,No,No,Yes,Yes,No,No,No,No,No,No,Yes,No,No,Yes,No,No,No,No,No
vb-loebau-zittau,Volksbank Löbau-Zittau eG,GENODEF1NGS,LIVE,DE,,true,Yes,Yes,Yes,Yes,No,Yes,No,No,Yes,Yes,No,No,No,No,No,No,Yes,No,No,Yes,No,No,No,No,No
vb-marl-recklinghausen,Volksbank Marl-Recklinghausen eG,GENODEM1MRL,LIVE,DE,,true,Yes,Yes,Yes,Yes,No,Yes,No,No,Yes,Yes,No,No,No,No,No,No,Yes,No,No,Yes,No,No,No,No,No
vb-mittelhessen,Volksbank Mittelhessen eG,VBMHDE5FXXX,LIVE,DE,,true,Yes,Yes,Yes,Yes,No,Yes,No,No,Yes,Yes,No,No,No,No,No,No,Yes,No,No,Yes,No,No,No,No,No
vb-niers,Volksbank an der Niers eG,GENODED1GDL,LIVE,DE,,true,Yes,Yes,Yes,Yes,No,Yes,No,No,Yes,Yes,No,No,No,No,No,No,Yes,No,No,Yes,No,No,No,No,No
vb-nordhuemmling,Volksbank Nordhümmling eG,GENODEF1BOG,LIVE,DE,,true,Yes,Yes,Yes,Yes,No,Yes,No,No,Yes,Yes,No,No,No,No,No,No,Yes,No,No,Yes,No,No,No,No,No
vb-oberberg,Volksbank Oberberg eG,GENODED1WIL,LIVE,DE,,true,Yes,Yes,Yes,Yes,No,Yes,No,No,Yes,Yes,No,No,No,No,No,No,Yes,No,No,Yes,No,No,No,No,No
vb-rb,meine Volksbank Raiffeisenbank eG,GENODEF1VRR,LIVE,DE,,true,Yes,Yes,Yes,Yes,No,Yes,No,No,Yes,Yes,No,No,No,No,No,No,Yes,No,No,Yes,No,No,No,No,No
vb-ruhrmitte,Volksbank Ruhr Mitte eG,GENODEM1GBU,LIVE,DE,,true,Yes,Yes,Yes,Yes,No,Yes,No,No,Yes,Yes,No,No,No,No,No,No,Yes,No,No,Yes,No,No,No,No,No
vb-schermbeck,Volksbank Schermbeck eG,GENODEM1SMB,LIVE,DE,,true,Yes,Yes,Yes,Yes,No,Yes,No,No,Yes,Yes,No,No,No,No,No,No,Yes,No,No,Yes,No,No,No,No,No
vb-selm-bork,Volksbank Selm-Bork eG,GENODEM1SEM,LIVE,DE,,true,Yes,Yes,Yes,Yes,No,Yes,No,No,Yes,Yes,No,No,No,No,No,No,Yes,No,No,Yes,No,No,No,No,No
vb-sen,Volksbank Senden eG,GENODEM1SDN,LIVE,DE,,true,Yes,Yes,Yes,Yes,No,Yes,No,No,Yes,Yes,No,No,No,No,No,No,Yes,No,No,Yes,No,No,No,No,No
vb-ue-saw,Volksbank Uelzen-Salzwedel eG,GENODEF1EUB,LIVE,DE,,true,Yes,Yes,Yes,Yes,No,Yes,No,No,Yes,Yes,No,No,No,No,No,No,Yes,No,No,Yes,No,No,No,No,No
vb-ueberherrn,Volksbank Überherrn eG,GENODE51UBH,LIVE,DE,,true,Yes,Yes,Yes,Yes,No,Yes,No,No,Yes,Yes,No,No,No,No,No,No,Yes,No,No,Yes,No,No,No,No,No
vb-vso,Volksbank Vogtland-Saale-Orla eG,GENODEF1PL1,LIVE,DE,,true,Yes,Yes,Yes,Yes,No,Yes,No,No,Yes,Yes,No,No,No,No,No,No,Yes,No,No,Yes,No,No,No,No,No
vb-westenholz,Volksbank Westenholz eG,GENODEM1WDE,LIVE,DE,,true,Yes,Yes,Yes,Yes,No,Yes,No,No,Yes,Yes,No,No,No,No,No,No,Yes,No,No,Yes,No,No,No,No,No
vb-westerst,Volksbank Westerstede eG,GENODEF1WRE,LIVE,DE,,true,Yes,Yes,Yes,Yes,No,Yes,No,No,Yes,Yes,No,No,No,No,No,No,Yes,No,No,Yes,No,No,No,No,No
vb3,Volksbank Dreiländereck eG,VOLODE66XXX,LIVE,DE,,true,Yes,Yes,Yes,Yes,No,Yes,No,No,Yes,Yes,No,No,No,No,No,No,Yes,No,No,Yes,No,No,No,No,No
vbbh,Volksbank Börßum-Hornburg eG,GENODEF1BOH,LIVE,DE,,true,Yes,Yes,Yes,Yes,No,Yes,No,No,Yes,Yes,No,No,No,No,No,No,Yes,No,No,Yes,No,No,No,No,No
vbbraunlage,Volksbank Braunlage eG,GENODEF1BLG,LIVE,DE,,true,Yes,Yes,Yes,Yes,No,Yes,No,No,Yes,Yes,No,No,No,No,No,No,Yes,No,No,Yes,No,No,No,No,No
vbbremennord,Volksbank Bremen-Nord eG,GENODEF1HB2,LIVE,DE,,true,Yes,Yes,Yes,Yes,No,Yes,No,No,Yes,Yes,No,No,No,No,No,No,Yes,No,No,Yes,No,No,No,No,No
vbbs,Volksbank Bad Salzuflen eG,GENODEM1BSU,LIVE,DE,,true,Yes,Yes,Yes,Yes,No,Yes,No,No,Yes,Yes,No,No,No,No,No,No,Yes,No,No,Yes,No,No,No,No,No
vbessen-cappeln,Volksbank eG Emstek Essen Cappeln,GENODEF1ESO,LIVE,DE,,true,Yes,Yes,Yes,Yes,No,Yes,No,No,Yes,Yes,No,No,No,No,No,No,Yes,No,No,Yes,No,No,No,No,No
vbeutin,Volksbank Eutin Raiffeisenbank eG,GENODEF1EUT,LIVE,DE,,true,Yes,Yes,Yes,Yes,No,Yes,No,No,Yes,Yes,No,No,No,No,No,No,Yes,No,No,Yes,No,No,No,No,No
vbfoa,"Volksbank eG, Fredenbeck ",GENODEF1FRB,LIVE,DE,,true,Yes,Yes,Yes,Yes,No,Yes,No,No,Yes,Yes,No,No,No,No,No,No,Yes,No,No,Yes,No,No,No,No,No
vbga,Volksbank Gronau-Ahaus eG,GENODEM1GRN,LIVE,DE,,true,Yes,Yes,Yes,Yes,No,Yes,No,No,Yes,Yes,No,No,No,No,No,No,Yes,No,No,Yes,No,No,No,No,No
vbgebhardshain,Volksbank Gebhardshain eG,GENODED1GBS,LIVE,DE,,true,Yes,Yes,Yes,Yes,No,Yes,No,No,Yes,Yes,No,No,No,No,No,No,Yes,No,No,Yes,No,No,No,No,No
vbgeest,Volksbank Geest eG,GENODEF1APE,LIVE,DE,,true,Yes,Yes,Yes,Yes,No,Yes,No,No,Yes,Yes,No,No,No,No,No,No,Yes,No,No,Yes,No,No,No,No,No
vbghb,Volksbank Düte-Ems eG,GENODEF1HGM,LIVE,DE,,true,Yes,Yes,Yes,Yes,No,Yes,No,No,Yes,Yes,No,No,No,No,No,No,Yes,No,No,Yes,No,No,No,No,No
vbgn,Volksbank Geeste-Nord eG,GENODEF1BRV,LIVE,DE,,true,Yes,Yes,Yes,Yes,No,Yes,No,No,Yes,Yes,No,No,No,No,No,No,Yes,No,No,Yes,No,No,No,No,No
vbhalle,Volksbank Halle (Saale) eG,GENODEF1HAL,LIVE,DE,,true,Yes,Yes,Yes,Yes,No,Yes,No,No,Yes,Yes,No,No,No,No,No,No,Yes,No,No,Yes,No,No,No,No,No
vbhaseluenne,Volksbank Haselünne eG,GENODEF1HLN,LIVE,DE,,true,Yes,Yes,Yes,Yes,No,Yes,No,No,Yes,Yes,No,No,No,No,No,No,Yes,No,No,Yes,No,No,No,No,No
vbhen,Volksbank Heiden eG,GENODEM1HEI,LIVE,DE,,true,Yes,Yes,Yes,Yes,No,Yes,No,No,Yes,Yes,No,No,No,No,No,No,Yes,No,No,Yes,No,No,No,No,No
vbhnr,Volksbank in der Region eG,GENODES1VBH,LIVE,DE,,true,Yes,Yes,Yes,Yes,No,Yes,No,No,Yes,Yes,No,No,No,No,No,No,Yes,No,No,Yes,No,No,No,No,No
vbimharz,Volksbank im Harz eG,GENODEF1OHA,LIVE,DE,,true,Yes,Yes,Yes,Yes,No,Yes,No,No,Yes,Yes,No,No,No,No,No,No,Yes,No,No,Yes,No,No,No,No,No
vbinswf,Volksbank in Südwestfalen eG,GENODEM1NRD,LIVE,DE,,true,Yes,Yes,Yes,Yes,No,Yes,No,No,Yes,Yes,No,No,No,No,No,No,Yes,No,No,Yes,No,No,No,No,No
vbkraichgau,Volksbank Kraichgau eG,GENODE61WIE,LIVE,DE,,true,Yes,Yes,Yes,Yes,No,Yes,No,No,Yes,Yes,No,No,No,No,No,No,Yes,No,No,Yes,No,No,No,No,No
vbkrefeld,Volksbank Krefeld eG,GENODED1HTK,LIVE,DE,,true,Yes,Yes,Yes,Yes,No,Yes,No,No,Yes,Yes,No,No,No,No,No,No,Yes,No,No,Yes,No,No,No,No,No
vblastrup,Volksbank Lastrup eG,GENODEF1LAP,LIVE,DE,,true,Yes,Yes,Yes,Yes,No,Yes,No,No,Yes,Yes,No,No,No,No,No,No,Yes,No,No,Yes,No,No,No,No,No
vbleos,Volksbank Leonberg-Strohgäu eG,GENODES1LEO,LIVE,DE,,true,Yes,Yes,Yes,Yes,No,Yes,No,No,Yes,Yes,No,No,No,No,No,No,Yes,No,No,Yes,No,No,No,No,No
vblh,Volksbank Lüneburger Heide eG,GENODEF1NBU,LIVE,DE,,true,Yes,Yes,Yes,Yes,No,Yes,No,No,Yes,Yes,No,No,No,No,No,No,Yes,No,No,Yes,No,No,No,No,No
vblitzsch,Volksbank Delitzsch eG,GENODEF1DZ1,LIVE,DE,,true,Yes,Yes,Yes,Yes,No,Yes,No,No,Yes,Yes,No,No,No,No,No,No,Yes,No,No,Yes,No,No,No,No,No
vbloeningen,"Volksbank eG, Löningen",GENODEF1LOG,LIVE,DE,,true,Yes,Yes,Yes,Yes,No,Yes,No,No,Yes,Yes,No,No,No,No,No,No,Yes,No,No,Yes,No,No,No,No,No
vblohne-muehlen,Volksbank eG Lohne - Dinklage - Steinfeld - Mühlen,GENODEF1LON,LIVE,DE,,true,Yes,Yes,Yes,Yes,No,Yes,No,No,Yes,Yes,No,No,No,No,No,No,Yes,No,No,Yes,No,No,No,No,No
vbnh,Volksbank Nordharz eG,GENODEF1VNH,LIVE,DE,,true,Yes,Yes,Yes,Yes,No,Yes,No,No,Yes,Yes,No,No,No,No,No,No,Yes,No,No,Yes,No,No,No,No,No
vbohz,Volksbank eG Osterholz-Scharmbeck,GENODEF1OHZ,LIVE,DE,,true,Yes,Yes,Yes,Yes,No,Yes,No,No,Yes,Yes,No,No,No,No,No,No,Yes,No,No,Yes,No,No,No,No,No
vbol,Volksbank Ochtrup-Laer eG,GENODEM1OTR,LIVE,DE,,true,Yes,Yes,Yes,Yes,No,Yes,No,No,Yes,Yes,No,No,No,No,No,No,Yes,No,No,Yes,No,No,No,No,No
vboyten,Volksbank Oyten eG,GENODEF1OYT,LIVE,DE,,true,Yes,Yes,Yes,Yes,No,Yes,No,No,Yes,Yes,No,No,No,No,No,No,Yes,No,No,Yes,No,No,No,No,No
vbrb,VR Bank Bad Orb-Gelnhausen eG,GENODE51GEL,LIVE,DE,,true,Yes,Yes,Yes,Yes,No,Yes,No,No,Yes,Yes,No,No,No,No,No,No,Yes,No,No,Yes,No,No,No,No,No
vbrn,Volksbank Rathenow eG,GENODEF1RN1,LIVE,DE,,true,Yes,Yes,Yes,Yes,No,Yes,No,No,Yes,Yes,No,No,No,No,No,No,Yes,No,No,Yes,No,No,No,No,No
vbsdn,Volksbank Schwarzwald-Donau-Neckar eG,GENODES1TUT,LIVE,DE,,true,Yes,Yes,Yes,Yes,No,Yes,No,No,Yes,Yes,No,No,No,No,No,No,Yes,No,No,Yes,No,No,No,No,No
vbsila,Volksbank eG Südheide - Isenhagener Land - Altmark,GENODEF1HMN,LIVE,DE,,true,Yes,Yes,Yes,Yes,No,Yes,No,No,Yes,Yes,No,No,No,No,No,No,Yes,No,No,Yes,No,No,No,No,No
vbsolling,Volksbank Solling eG,GENODEF1HDG,LIVE,DE,,true,Yes,Yes,Yes,Yes,No,Yes,No,No,Yes,Yes,No,No,No,No,No,No,Yes,No,No,Yes,No,No,No,No,No
vbspn,Volksbank Spree-Neiße eG,GENODEF1SPM,LIVE,DE,,true,Yes,Yes,Yes,Yes,No,Yes,No,No,Yes,Yes,No,No,No,No,No,No,Yes,No,No,Yes,No,No,No,No,No
vbsprockhoevel,Volksbank Sprockhövel eG,GENODEM1SPO,LIVE,DE,,true,Yes,Yes,Yes,Yes,No,Yes,No,No,Yes,Yes,No,No,No,No,No,No,Yes,No,No,Yes,No,No,No,No,No
vbstendal,Volksbank Stendal eG,GENODEF1SDL,LIVE,DE,,true,Yes,Yes,Yes,Yes,No,Yes,No,No,Yes,Yes,No,No,No,No,No,No,Yes,No,No,Yes,No,No,No,No,No
vbsumsland,Volksbank Süd-Emsland eG,GENODEF1SPL,LIVE,DE,,true,Yes,Yes,Yes,Yes,No,Yes,No,No,Yes,Yes,No,No,No,No,No,No,Yes,No,No,Yes,No,No,No,No,No
vbu-volksbank,VBU Volksbank im Unterland eG,GENODES1VLS,LIVE,DE,,true,Yes,Yes,Yes,Yes,No,Yes,No,No,Yes,Yes,No,No,No,No,No,No,Yes,No,No,Yes,No,No,No,No,No
vbvechta,Volksbank Vechta eG,GENODEF1VEC,LIVE,DE,,true,Yes,Yes,Yes,Yes,No,Yes,No,No,Yes,Yes,No,No,No,No,No,No,Yes,No,No,Yes,No,No,No,No,No
vbvisbek,Volksbank Visbek eG,GENODEF1VIS,LIVE,DE,,true,Yes,Yes,Yes,Yes,No,Yes,No,No,Yes,Yes,No,No,No,No,No,No,Yes,No,No,Yes,No,No,No,No,No
vbwinsenermarsch,Volksbank Winsener Marsch eG,GENODEF1WIM,LIVE,DE,,true,Yes,Yes,Yes,Yes,No,Yes,No,No,Yes,Yes,No,No,No,No,No,No,Yes,No,No,Yes,No,No,No,No,No
verbundvolksbank-owl,VerbundVolksbank OWL eG,DGPBDE3MXXX,LIVE,DE,,true,Yes,Yes,Yes,Yes,No,Yes,No,No,Yes,Yes,No,No,No,No,No,No,Yes,No,No,Yes,No,No,No,No,No
vereinigte-ghbl,Vereinigte Volksbank eG Ganderkesee - Hude - Bookholzberg - Lemwerder,GENODEF1HUD,LIVE,DE,,true,Yes,Yes,Yes,Yes,No,Yes,No,No,Yes,Yes,No,No,No,No,No,No,Yes,No,No,Yes,No,No,No,No,No
vereinigte-sparkasse-im-maerkischen-kreis,Vereinigte Sparkasse im Märkischen Kreis,WELADED1PLB,LIVE,DE,,true,Yes,No,Yes,No,No,Yes,Yes,No,Yes,Yes,Yes,Yes,No,Yes,No,No,Yes,Yes,No,No,No,No,No,No,No
vereinigte-vrbk,"Vereinigte VR Bank eG, Wyk auf Föhr",GENODEF1WYK,LIVE,DE,,true,Yes,Yes,Yes,Yes,No,Yes,No,No,Yes,Yes,No,No,No,No,No,No,Yes,No,No,Yes,No,No,No,No,No
vereinte-volksbank,Vereinte Volksbank eG,GENODEM1KIH,LIVE,DE,,true,Yes,Yes,Yes,Yes,No,Yes,No,No,Yes,Yes,No,No,No,No,No,No,Yes,No,No,Yes,No,No,No,No,No
vestjysk-sandbox_dk,Vestjysk Bank Sandbox,VEHODK22,SANDBOX,DK,vestjysk-sandbox_dk,true,Yes,Yes,Yes,Yes,No,Yes,No,No,Yes,Yes,Yes,Yes,No,Yes,Yes,No,Yes,Yes,No,No,No,No,No,No,No
vestjysk_dk,Vestjysk Bank,VEHODK22,LIVE,DK,vestjysk_dk,true,Yes,Yes,Yes,Yes,No,Yes,No,No,Yes,Yes,Yes,Yes,No,Yes,Yes,No,Yes,Yes,No,No,No,No,No,No,No
vientin,VietinBank,ICBVDEFFXXX,LIVE,DE,,true,Yes,Yes,Yes,Yes,No,Yes,No,No,Yes,Yes,No,No,No,No,No,No,Yes,No,No,Yes,No,No,No,No,No
virginmoney,Virgin Money,,LIVE,GB,,true,Yes,Yes,Yes,No,No,Yes,Yes,Yes,Yes,No,Yes,Yes,No,No,No,No,Yes,Yes,No,No,No,No,No,No,No
virginmoney_essential,Virgin Money (Essential),,LIVE,GB,,true,No,Yes,Yes,No,No,Yes,No,Yes,No,No,No,No,No,No,No,No,No,Yes,No,No,No,No,No,No,No
voba-aw,Volksbank am Württemberg eG,GENODES1UTV,LIVE,DE,,true,Yes,Yes,Yes,Yes,No,Yes,No,No,Yes,Yes,No,No,No,No,No,No,Yes,No,No,Yes,No,No,No,No,No
voba-bigge-lenne,Volksbank Sauerland eG,GENODEM1SMA,LIVE,DE,,true,Yes,Yes,Yes,Yes,No,Yes,No,No,Yes,Yes,No,No,No,No,No,No,Yes,No,No,Yes,No,No,No,No,No
voba-bl,VR Bank Westfalen-Lippe eG,GENODEM1LPS,LIVE,DE,,true,Yes,Yes,Yes,Yes,No,Yes,No,No,Yes,Yes,No,No,No,No,No,No,Yes,No,No,Yes,No,No,No,No,No
voba-breisgau-nord,Volksbank Breisgau Nord eG,GENODE61EMM,LIVE,DE,,true,Yes,Yes,Yes,Yes,No,Yes,No,No,Yes,Yes,No,No,No,No,No,No,Yes,No,No,Yes,No,No,No,No,No
voba-eg,Volksbank Stade-Cuxhaven eG,GENODEF1HTR,LIVE,DE,,true,Yes,Yes,Yes,Yes,No,Yes,No,No,Yes,Yes,No,No,No,No,No,No,Yes,No,No,Yes,No,No,No,No,No
voba-ermstal-alb,Volksbank Ermstal-Alb eG,GENODES1MTZ,LIVE,DE,,true,Yes,Yes,Yes,Yes,No,Yes,No,No,Yes,Yes,No,No,No,No,No,No,Yes,No,No,Yes,No,No,No,No,No
voba-fds,Volksbank Nordschwarzwald eG,GENODES1FDS,LIVE,DE,,true,Yes,Yes,Yes,Yes,No,Yes,No,No,Yes,Yes,No,No,No,No,No,No,Yes,No,No,Yes,No,No,No,No,No
voba-glm,Volksbank Glan-Münchweiler eG,GENODE61GLM,LIVE,DE,,true,Yes,Yes,Yes,Yes,No,Yes,No,No,Yes,Yes,No,No,No,No,No,No,Yes,No,No,Yes,No,No,No,No,No
voba-heuchelheim,Volksbank Heuchelheim eG,GENODE51HHE,LIVE,DE,,true,Yes,Yes,Yes,Yes,No,Yes,No,No,Yes,Yes,No,No,No,No,No,No,Yes,No,No,Yes,No,No,No,No,No
voba-kw,Volksbank Klettgau-Wutöschingen eG,GENODE61WUT,LIVE,DE,,true,Yes,Yes,Yes,Yes,No,Yes,No,No,Yes,Yes,No,No,No,No,No,No,Yes,No,No,Yes,No,No,No,No,No
voba-mainspitze,Volksbank Mainspitze eG,GENODE51GIN,LIVE,DE,,true,Yes,Yes,Yes,Yes,No,Yes,No,No,Yes,Yes,No,No,No,No,No,No,Yes,No,No,Yes,No,No,No,No,No
voba-mg,Volksbank im Rheinland eG,GENODED1MRB,LIVE,DE,,true,Yes,Yes,Yes,Yes,No,Yes,No,No,Yes,Yes,No,No,No,No,No,No,Yes,No,No,Yes,No,No,No,No,No
voba-moeckmuehl,Volksbank Möckmühl eG,GENODES1VMN,LIVE,DE,,true,Yes,Yes,Yes,Yes,No,Yes,No,No,Yes,Yes,No,No,No,No,No,No,Yes,No,No,Yes,No,No,No,No,No
voba-msw,Volksbank Mittlerer Schwarzwald eG,GENODE61KZT,LIVE,DE,,true,Yes,Yes,Yes,Yes,No,Yes,No,No,Yes,Yes,No,No,No,No,No,No,Yes,No,No,Yes,No,No,No,No,No
voba-nirgrafschaft,Volksbank Niedergrafschaft eG,GENODEF1HOO,LIVE,DE,,true,Yes,Yes,Yes,Yes,No,Yes,No,No,Yes,Yes,No,No,No,No,No,No,Yes,No,No,Yes,No,No,No,No,No
voba-ober-moerlen,Volksbank Ober-Mörlen eG,GENODE51OBM,LIVE,DE,,true,Yes,Yes,Yes,Yes,No,Yes,No,No,Yes,Yes,No,No,No,No,No,No,Yes,No,No,Yes,No,No,No,No,No
voba-owd,Volksbank Olpe-Wenden-Drolshagen eG,GENODEM1WDD,LIVE,DE,,true,Yes,Yes,Yes,Yes,No,Yes,No,No,Yes,Yes,No,No,No,No,No,No,Yes,No,No,Yes,No,No,No,No,No
voba-rhein-erft-koeln,Volksbank Rhein-Erft-Köln eG,GENODED1FHH,LIVE,DE,,true,Yes,Yes,Yes,Yes,No,Yes,No,No,Yes,Yes,No,No,No,No,No,No,Yes,No,No,Yes,No,No,No,No,No
voba-rheinahreifel,VR Bank RheinAhrEifel eG,GENODED1BNA,LIVE,DE,,true,Yes,Yes,Yes,Yes,No,Yes,No,No,Yes,Yes,No,No,No,No,No,No,Yes,No,No,Yes,No,No,No,No,No
voba-rheinboellen,Volksbank Rheinböllen eG,GENODED1RBO,LIVE,DE,,true,Yes,Yes,Yes,Yes,No,Yes,No,No,Yes,Yes,No,No,No,No,No,No,Yes,No,No,Yes,No,No,No,No,No
voba-rll,Volksbank Rhein-Lahn-Limburg eG,GENODE51DIE,LIVE,DE,,true,Yes,Yes,Yes,Yes,No,Yes,No,No,Yes,Yes,No,No,No,No,No,No,Yes,No,No,Yes,No,No,No,No,No
voba-rnh,Volksbank Rhein-Nahe-Hunsrück eG,GENODE51KRE,LIVE,DE,,true,Yes,Yes,Yes,Yes,No,Yes,No,No,Yes,Yes,No,No,No,No,No,No,Yes,No,No,Yes,No,No,No,No,No
voba-schwanew,Volksbank Schwanewede eG,GENODEF1SWW,LIVE,DE,,true,Yes,Yes,Yes,Yes,No,Yes,No,No,Yes,Yes,No,No,No,No,No,No,Yes,No,No,Yes,No,No,No,No,No
voba-seligenstadt,Volksbank Seligenstadt eG,GENODE51SEL,LIVE,DE,,true,Yes,Yes,Yes,Yes,No,Yes,No,No,Yes,Yes,No,No,No,No,No,No,Yes,No,No,Yes,No,No,No,No,No
voba-sh,Volksbank Störmede-Westenholz-Hörste eG,GENODEM1SGE,LIVE,DE,,true,Yes,Yes,Yes,Yes,No,Yes,No,No,Yes,Yes,No,No,No,No,No,No,Yes,No,No,Yes,No,No,No,No,No
voba-worpsw,Volksbank Worpswede eG,GENODEF1WOP,LIVE,DE,,true,Yes,Yes,Yes,Yes,No,Yes,No,No,Yes,Yes,No,No,No,No,No,No,Yes,No,No,Yes,No,No,No,No,No
voba-zuff,Volksbank Zuffenhausen eG,GENODES1ZUF,LIVE,DE,,true,Yes,Yes,Yes,Yes,No,Yes,No,No,Yes,Yes,No,No,No,No,No,No,Yes,No,No,Yes,No,No,No,No,No
vobadhk,Volksbank Dünnwald-Holweide eG,GENODED1DHK,LIVE,DE,,true,Yes,Yes,Yes,Yes,No,Yes,No,No,Yes,Yes,No,No,No,No,No,No,Yes,No,No,Yes,No,No,No,No,No
vobadreieich,VR Bank Dreieich-Offenbach eG,GENODE51DRE,LIVE,DE,,true,Yes,Yes,Yes,Yes,No,Yes,No,No,Yes,Yes,No,No,No,No,No,No,Yes,No,No,Yes,No,No,No,No,No
vobaeg,Volksbank Stade-Cuxhaven eG,GENODEF1SDE,LIVE,DE,,true,Yes,Yes,Yes,Yes,No,Yes,No,No,Yes,Yes,No,No,No,No,No,No,Yes,No,No,Yes,No,No,No,No,No
vobaisslingen,Volksbank Deisslingen eG,GENODES1VDL,LIVE,DE,,true,Yes,Yes,Yes,Yes,No,Yes,No,No,Yes,Yes,No,No,No,No,No,No,Yes,No,No,Yes,No,No,No,No,No
vobakl,Volksbank Kaiserslautern eG,GENODE61KL1,LIVE,DE,,true,Yes,Yes,Yes,Yes,No,Yes,No,No,Yes,Yes,No,No,No,No,No,No,Yes,No,No,Yes,No,No,No,No,No
vobamt,Ihre Volksbank eG Neckar Odenwald Main Tauber,GENODE61WTH,LIVE,DE,,true,Yes,Yes,Yes,Yes,No,Yes,No,No,Yes,Yes,No,No,No,No,No,No,Yes,No,No,Yes,No,No,No,No,No
vobasandhofen,Volksbank Sandhofen eG,GENODE61MA3,LIVE,DE,,true,Yes,Yes,Yes,Yes,No,Yes,No,No,Yes,Yes,No,No,No,No,No,No,Yes,No,No,Yes,No,No,No,No,No
vobawhv,Volksbank Wilhelmshaven eG,GENODEF1WHV,LIVE,DE,,true,Yes,Yes,Yes,Yes,No,Yes,No,No,Yes,Yes,No,No,No,No,No,No,Yes,No,No,Yes,No,No,No,No,No
vobda,Volksbank Dammer Berge eG,GENODEF1DAM,LIVE,DE,,true,Yes,Yes,Yes,Yes,No,Yes,No,No,Yes,Yes,No,No,No,No,No,No,Yes,No,No,Yes,No,No,No,No,No
volksbank-albstadt,Volksbank Zollernalb eG,GENODES1EBI,LIVE,DE,,true,Yes,Yes,Yes,Yes,No,Yes,No,No,Yes,Yes,No,No,No,No,No,No,Yes,No,No,Yes,No,No,No,No,No
volksbank-allgaeu-oberschwaben,Volksbank Allgäu-Oberschwaben eG,GENODES1LEU,LIVE,DE,,true,Yes,Yes,Yes,Yes,No,Yes,No,No,Yes,Yes,No,No,No,No,No,No,Yes,No,No,Yes,No,No,No,No,No
volksbank-ammerbuch,Volksbank Raiffeisenbank AmmerGäu eG,GENODES1AMM,LIVE,DE,,true,Yes,Yes,Yes,Yes,No,Yes,No,No,Yes,Yes,No,No,No,No,No,No,Yes,No,No,Yes,No,No,No,No,No
volksbank-anroechte,Volksbank Anröchte eG,GENODEM1ANR,LIVE,DE,,true,Yes,Yes,Yes,Yes,No,Yes,No,No,Yes,Yes,No,No,No,No,No,No,Yes,No,No,Yes,No,No,No,No,No
volksbank-backnang,Volksbank Backnang eG,GENODES1VBK,LIVE,DE,,true,Yes,Yes,Yes,Yes,No,Yes,No,No,Yes,Yes,No,No,No,No,No,No,Yes,No,No,Yes,No,No,No,No,No
volksbank-baumberge,Volksbank Baumberge eG,GENODEM1BAU,LIVE,DE,,true,Yes,Yes,Yes,Yes,No,Yes,No,No,Yes,Yes,No,No,No,No,No,No,Yes,No,No,Yes,No,No,No,No,No
volksbank-berg,Volksbank Berg eG,GENODED1RKO,LIVE,DE,,true,Yes,Yes,Yes,Yes,No,Yes,No,No,Yes,Yes,No,No,No,No,No,No,Yes,No,No,Yes,No,No,No,No,No
volksbank-bi-gt,Volksbank in Ostwestfalen eG,GENODEM1GTL,LIVE,DE,,true,Yes,Yes,Yes,Yes,No,Yes,No,No,Yes,Yes,No,No,No,No,No,No,Yes,No,No,Yes,No,No,No,No,No
volksbank-boe-bernburg,Volksbank Börde-Bernburg eG,GENODEF1WZL,LIVE,DE,,true,Yes,Yes,Yes,Yes,No,Yes,No,No,Yes,Yes,No,No,No,No,No,No,Yes,No,No,Yes,No,No,No,No,No
volksbank-boenen,Volksbank Bönen eG,GENODEM1BO1,LIVE,DE,,true,Yes,Yes,Yes,Yes,No,Yes,No,No,Yes,Yes,No,No,No,No,No,No,Yes,No,No,Yes,No,No,No,No,No
volksbank-brawo,Volksbank BRAWO eG,GENODEF1WOB,LIVE,DE,,true,Yes,Yes,Yes,Yes,No,Yes,No,No,Yes,Yes,No,No,No,No,No,No,Yes,No,No,Yes,No,No,No,No,No
volksbank-breisgau-markgraeflerland,Volksbank Breisgau- Markgräflerland eG,GENODE61IHR,LIVE,DE,,true,Yes,Yes,Yes,Yes,No,Yes,No,No,Yes,Yes,No,No,No,No,No,No,Yes,No,No,Yes,No,No,No,No,No
volksbank-brenztal,Volksbank Brenztal eG,GENODES1RNS,LIVE,DE,,true,Yes,Yes,Yes,Yes,No,Yes,No,No,Yes,Yes,No,No,No,No,No,No,Yes,No,No,Yes,No,No,No,No,No
volksbank-buehl,Volksbank Bühl eG,GENODE61BHL,LIVE,DE,,true,Yes,Yes,Yes,Yes,No,Yes,No,No,Yes,Yes,No,No,No,No,No,No,Yes,No,No,Yes,No,No,No,No,No
volksbank-butzbach,Volksbank Butzbach eG,GENODE51BUT,LIVE,DE,,true,Yes,Yes,Yes,Yes,No,Yes,No,No,Yes,Yes,No,No,No,No,No,No,Yes,No,No,Yes,No,No,No,No,No
volksbank-chemnitz,Volksbank Chemnitz eG,GENODEF1CH1,LIVE,DE,,true,Yes,Yes,Yes,Yes,No,Yes,No,No,Yes,Yes,No,No,No,No,No,No,Yes,No,No,Yes,No,No,No,No,No
volksbank-dan,Volksbank Daaden eG,GENODE51DAA,LIVE,DE,,true,Yes,Yes,Yes,Yes,No,Yes,No,No,Yes,Yes,No,No,No,No,No,No,Yes,No,No,Yes,No,No,No,No,No
volksbank-dren-bautzen,Volksbank Dresden-Bautzen eG,GENODEF1DRS,LIVE,DE,,true,Yes,Yes,Yes,Yes,No,Yes,No,No,Yes,Yes,No,No,No,No,No,No,Yes,No,No,Yes,No,No,No,No,No
volksbank-eifel,Volksbank Trier Eifel eG,GENODED1BIT,LIVE,DE,,true,Yes,Yes,Yes,Yes,No,Yes,No,No,Yes,Yes,No,No,No,No,No,No,Yes,No,No,Yes,No,No,No,No,No
volksbank-erft,Volksbank Erft eG,GENODED1ERE,LIVE,DE,,true,Yes,Yes,Yes,Yes,No,Yes,No,No,Yes,Yes,No,No,No,No,No,No,Yes,No,No,Yes,No,No,No,No,No
volksbank-ettlingen,Volksbank Ettlingen eG,GENODE61ETT,LIVE,DE,,true,Yes,Yes,Yes,Yes,No,Yes,No,No,Yes,Yes,No,No,No,No,No,No,Yes,No,No,Yes,No,No,No,No,No
volksbank-fir,Volksbank Filder eG,GENODES1NHB,LIVE,DE,,true,Yes,Yes,Yes,Yes,No,Yes,No,No,Yes,Yes,No,No,No,No,No,No,Yes,No,No,Yes,No,No,No,No,No
volksbank-fntt,Volksbank Bodensee-Oberschwaben eG,GENODES1TET,LIVE,DE,,true,Yes,Yes,Yes,Yes,No,Yes,No,No,Yes,Yes,No,No,No,No,No,No,Yes,No,No,Yes,No,No,No,No,No
volksbank-franken,Volksbank Franken eG,GENODE61BUC,LIVE,DE,,true,Yes,Yes,Yes,Yes,No,Yes,No,No,Yes,Yes,No,No,No,No,No,No,Yes,No,No,Yes,No,No,No,No,No
volksbank-freiburg,Volksbank Freiburg eG,GENODE61FR1,LIVE,DE,,true,Yes,Yes,Yes,Yes,No,Yes,No,No,Yes,Yes,No,No,No,No,No,No,Yes,No,No,Yes,No,No,No,No,No
volksbank-galegen,"Volksbank eG, Gardelegen",GENODEF1GA1,LIVE,DE,,true,Yes,Yes,Yes,Yes,No,Yes,No,No,Yes,Yes,No,No,No,No,No,No,Yes,No,No,Yes,No,No,No,No,No
volksbank-goeppingen,Volksbank Göppingen eG,GENODES1VGP,LIVE,DE,,true,Yes,Yes,Yes,Yes,No,Yes,No,No,Yes,Yes,No,No,No,No,No,No,Yes,No,No,Yes,No,No,No,No,No
volksbank-hameln-stadthagen,Volksbank Hameln-Stadthagen eG,GENODEF1HMP,LIVE,DE,,true,Yes,Yes,Yes,Yes,No,Yes,No,No,Yes,Yes,No,No,No,No,No,No,Yes,No,No,Yes,No,No,No,No,No
volksbank-hamm,Volksbank Hamm / Sieg eG,GENODE51HAM,LIVE,DE,,true,Yes,Yes,Yes,Yes,No,Yes,No,No,Yes,Yes,No,No,No,No,No,No,Yes,No,No,Yes,No,No,No,No,No
volksbank-heinsberg,Volksbank Heinsberg eG,GENODED1HRB,LIVE,DE,,true,Yes,Yes,Yes,Yes,No,Yes,No,No,Yes,Yes,No,No,No,No,No,No,Yes,No,No,Yes,No,No,No,No,No
volksbank-hellweg,Volksbank Hellweg eG,GENODEM1SOE,LIVE,DE,,true,Yes,Yes,Yes,Yes,No,Yes,No,No,Yes,Yes,No,No,No,No,No,No,Yes,No,No,Yes,No,No,No,No,No
volksbank-hochrhein,Volksbank Hochrhein eG,GENODE61WT1,LIVE,DE,,true,Yes,Yes,Yes,Yes,No,Yes,No,No,Yes,Yes,No,No,No,No,No,No,Yes,No,No,Yes,No,No,No,No,No
volksbank-hunsrueck-nahe,Vereinigte Volksbank Raiffeisenbank eG,GENODED1KHK,LIVE,DE,,true,Yes,Yes,Yes,Yes,No,Yes,No,No,Yes,Yes,No,No,No,No,No,No,Yes,No,No,Yes,No,No,No,No,No
volksbank-immenstadt,Volksbank Immenstadt eG,GENODEF1IMV,LIVE,DE,,true,Yes,Yes,Yes,Yes,No,Yes,No,No,Yes,Yes,No,No,No,No,No,No,Yes,No,No,Yes,No,No,No,No,No
volksbank-karlsruhe,Volksbank pur eG,GENODE61KA1,LIVE,DE,,true,Yes,Yes,Yes,Yes,No,Yes,No,No,Yes,Yes,No,No,No,No,No,No,Yes,No,No,Yes,No,No,No,No,No
volksbank-kassel-goettingen,Volksbank Kassel Göttingen eG,GENODE51KS1,LIVE,DE,,true,Yes,Yes,Yes,Yes,No,Yes,No,No,Yes,Yes,No,No,No,No,No,No,Yes,No,No,Yes,No,No,No,No,No
volksbank-kierspe,Volksbank Kierspe eG,GENODEM1KIE,LIVE,DE,,true,Yes,Yes,Yes,Yes,No,Yes,No,No,Yes,Yes,No,No,No,No,No,No,Yes,No,No,Yes,No,No,No,No,No
volksbank-kirnau,Volksbank Kirnau-Krautheim eG,GENODE61RNG,LIVE,DE,,true,Yes,Yes,Yes,Yes,No,Yes,No,No,Yes,Yes,No,No,No,No,No,No,Yes,No,No,Yes,No,No,No,No,No
volksbank-kleverland,Volksbank Kleverland eG,GENODED1KLL,LIVE,DE,,true,Yes,Yes,Yes,Yes,No,Yes,No,No,Yes,Yes,No,No,No,No,No,No,Yes,No,No,Yes,No,No,No,No,No
volksbank-koeln-bonn,Volksbank Köln Bonn eG,GENODED1BRS,LIVE,DE,,true,Yes,Yes,Yes,Yes,No,Yes,No,No,Yes,Yes,No,No,No,No,No,No,Yes,No,No,Yes,No,No,No,No,No
volksbank-kurpfalz,"Volksbank Kurpfalz eG ",GENODE61WNM,LIVE,DE,,true,Yes,Yes,Yes,Yes,No,Yes,No,No,Yes,Yes,No,No,No,No,No,No,Yes,No,No,Yes,No,No,No,No,No
volksbank-lahr,Volksbank Lahr eG,GENODE61LAH,LIVE,DE,,true,Yes,Yes,Yes,Yes,No,Yes,No,No,Yes,Yes,No,No,No,No,No,No,Yes,No,No,Yes,No,No,No,No,No
volksbank-langernbach,Volksbank Langendernbach eG,GENODE51LDD,LIVE,DE,,true,Yes,Yes,Yes,Yes,No,Yes,No,No,Yes,Yes,No,No,No,No,No,No,Yes,No,No,Yes,No,No,No,No,No
volksbank-lebsen,"Volksbank eG, Adelebsen",GENODEF1ADE,LIVE,DE,,true,Yes,Yes,Yes,Yes,No,Yes,No,No,Yes,Yes,No,No,No,No,No,No,Yes,No,No,Yes,No,No,No,No,No
volksbank-linberg,Volksbank Lindenberg eG,GENODEF1LIA,LIVE,DE,,true,Yes,Yes,Yes,Yes,No,Yes,No,No,Yes,Yes,No,No,No,No,No,No,Yes,No,No,Yes,No,No,No,No,No
volksbank-luebbecker-land,Volksbank PLUS eG,GENODEM1LUB,LIVE,DE,,true,Yes,Yes,Yes,Yes,No,Yes,No,No,Yes,Yes,No,No,No,No,No,No,Yes,No,No,Yes,No,No,No,No,No
volksbank-luebeck,Volksbank Lübeck eG,GENODEF1HLU,LIVE,DE,,true,Yes,Yes,Yes,Yes,No,Yes,No,No,Yes,Yes,No,No,No,No,No,No,Yes,No,No,Yes,No,No,No,No,No
volksbank-maburg,Volksbank Magdeburg eG,GENODEF1MD1,LIVE,DE,,true,Yes,Yes,Yes,Yes,No,Yes,No,No,Yes,Yes,No,No,No,No,No,No,Yes,No,No,Yes,No,No,No,No,No
volksbank-mit-herz,"Volksbank eG, Wolfenbüttel",GENODEF1WFV,LIVE,DE,,true,Yes,Yes,Yes,Yes,No,Yes,No,No,Yes,Yes,No,No,No,No,No,No,Yes,No,No,Yes,No,No,No,No,No
volksbank-mittleres-erzgebirge,Volksbank Mittleres Erzgebirge eG,GENODEF1MBG,LIVE,DE,,true,Yes,Yes,Yes,Yes,No,Yes,No,No,Yes,Yes,No,No,No,No,No,No,Yes,No,No,Yes,No,No,No,No,No
volksbank-mittweida,Volksbank Mittweida eG,GENODEF1MIW,LIVE,DE,,true,Yes,Yes,Yes,Yes,No,Yes,No,No,Yes,Yes,No,No,No,No,No,No,Yes,No,No,Yes,No,No,No,No,No
volksbank-mn,Volksbank im Münsterland eG,GENODEM1IBB,LIVE,DE,,true,Yes,Yes,Yes,Yes,No,Yes,No,No,Yes,Yes,No,No,No,No,No,No,Yes,No,No,Yes,No,No,No,No,No
volksbank-muensingen,Volksbank Münsingen eG,GENODES1MUN,LIVE,DE,,true,Yes,Yes,Yes,Yes,No,Yes,No,No,Yes,Yes,No,No,No,No,No,No,Yes,No,No,Yes,No,No,No,No,No
volksbank-neckartal,Volksbank Heidelberg-Neckartal eG,GENODE61NGD,LIVE,DE,,true,Yes,Yes,Yes,Yes,No,Yes,No,No,Yes,Yes,No,No,No,No,No,No,Yes,No,No,Yes,No,No,No,No,No
volksbank-nirrhein,Volksbank Niederrhein eG,GENODED1NRH,LIVE,DE,,true,Yes,Yes,Yes,Yes,No,Yes,No,No,Yes,Yes,No,No,No,No,No,No,Yes,No,No,Yes,No,No,No,No,No
volksbank-nordkirchen,Volksbank Südkirchen-Capelle-Nordkirchen eG,GENODEM1SCN,LIVE,DE,,true,Yes,Yes,Yes,Yes,No,Yes,No,No,Yes,Yes,No,No,No,No,No,No,Yes,No,No,Yes,No,No,No,No,No
volksbank-nottuln,Volksbank Nottuln eG,GENODEM1CNO,LIVE,DE,,true,Yes,Yes,Yes,Yes,No,Yes,No,No,Yes,Yes,No,No,No,No,No,No,Yes,No,No,Yes,No,No,No,No,No
volksbank-onburg,Oldenburger Volksbank eG,GENODEF1EDE,LIVE,DE,,true,Yes,Yes,Yes,Yes,No,Yes,No,No,Yes,Yes,No,No,No,No,No,No,Yes,No,No,Yes,No,No,No,No,No
volksbank-osnabrueck,Vereinigte Volksbank eG Bramgau Osnabrück Wittlage,GENODEF1OSV,LIVE,DE,,true,Yes,Yes,Yes,Yes,No,Yes,No,No,Yes,Yes,No,No,No,No,No,No,Yes,No,No,Yes,No,No,No,No,No
volksbank-ostlippe,Volksbank Ostlippe eG,GENODEM1OLB,LIVE,DE,,true,Yes,Yes,Yes,Yes,No,Yes,No,No,Yes,Yes,No,No,No,No,No,No,Yes,No,No,Yes,No,No,No,No,No
volksbank-pfullendorf,Volksbank Pfullendorf eG,GENODE61PFD,LIVE,DE,,true,Yes,Yes,Yes,Yes,No,Yes,No,No,Yes,Yes,No,No,No,No,No,No,Yes,No,No,Yes,No,No,No,No,No
volksbank-pirna,Volksbank Pirna eG,GENODEF1PR2,LIVE,DE,,true,Yes,Yes,Yes,Yes,No,Yes,No,No,Yes,Yes,No,No,No,No,No,No,Yes,No,No,Yes,No,No,No,No,No
volksbank-plochingen,Volksbank Plochingen eG,GENODES1VBP,LIVE,DE,,true,Yes,Yes,Yes,Yes,No,Yes,No,No,Yes,Yes,No,No,No,No,No,No,Yes,No,No,Yes,No,No,No,No,No
volksbank-raesfeld,Volksbank Raesfeld und Erle eG,GENODEM1RAE,LIVE,DE,,true,Yes,Yes,Yes,Yes,No,Yes,No,No,Yes,Yes,No,No,No,No,No,No,Yes,No,No,Yes,No,No,No,No,No
volksbank-raiffeisenbank-regensburg-schwandorf,Volksbank Raiffeisenbank Regensburg-Schwandorf eG,GENODEF1R01,LIVE,DE,,true,Yes,Yes,Yes,Yes,No,Yes,No,No,Yes,Yes,No,No,No,No,No,No,Yes,No,No,Yes,No,No,No,No,No
volksbank-raiffeisenbank-rhoen-grabfeld,VR-Bank Main-Rhön eG,GENODEF1MLV,LIVE,DE,,true,Yes,Yes,Yes,Yes,No,Yes,No,No,Yes,Yes,No,No,No,No,No,No,Yes,No,No,Yes,No,No,No,No,No
volksbank-remseck,Volksbank Remseck eG,GENODES1REM,LIVE,DE,,true,Yes,Yes,Yes,Yes,No,Yes,No,No,Yes,Yes,No,No,No,No,No,No,Yes,No,No,Yes,No,No,No,No,No
volksbank-rh,Volksbank Rhede eG,GENODEM1RHD,LIVE,DE,,true,Yes,Yes,Yes,Yes,No,Yes,No,No,Yes,Yes,No,No,No,No,No,No,Yes,No,No,Yes,No,No,No,No,No
volksbank-rhein-lippe,Volksbank Rhein-Lippe eG,GENODED1RLW,LIVE,DE,,true,Yes,Yes,Yes,Yes,No,Yes,No,No,Yes,Yes,No,No,No,No,No,No,Yes,No,No,Yes,No,No,No,No,No
volksbank-rhein-ruhr,Volksbank Rhein-Ruhr eG,GENODED1VRR,LIVE,DE,,true,Yes,Yes,Yes,Yes,No,Yes,No,No,Yes,Yes,No,No,No,No,No,No,Yes,No,No,Yes,No,No,No,No,No
volksbank-riesa,Volksbank Riesa eG,GENODEF1RIE,LIVE,DE,,true,Yes,Yes,Yes,Yes,No,Yes,No,No,Yes,Yes,No,No,No,No,No,No,Yes,No,No,Yes,No,No,No,No,No
volksbank-rietberg,Volksbank Delbrück-Rietberg eG,GENODEM1RNE,LIVE,DE,,true,Yes,Yes,Yes,Yes,No,Yes,No,No,Yes,Yes,No,No,No,No,No,No,Yes,No,No,Yes,No,No,No,No,No
volksbank-rot,Volksbank Rot eG,GENODE61LRO,LIVE,DE,,true,Yes,Yes,Yes,Yes,No,Yes,No,No,Yes,Yes,No,No,No,No,No,No,Yes,No,No,Yes,No,No,No,No,No
volksbank-rottweil,Volksbank Rottweil eG,GENODES1VRW,LIVE,DE,,true,Yes,Yes,Yes,Yes,No,Yes,No,No,Yes,Yes,No,No,No,No,No,No,Yes,No,No,Yes,No,No,No,No,No
volksbank-sandbox_at,Volksbank Sandbox,VBOEATWWXXX,SANDBOX,AT,,true,Yes,Yes,Yes,Yes,No,Yes,No,No,Yes,Yes,No,Yes,No,No,No,No,No,Yes,No,No,No,No,No,No,No
volksbank-sangerhausen,"Volksbank eG, Sangerhausen",GENODEF1SGH,LIVE,DE,,true,Yes,Yes,Yes,Yes,No,Yes,No,No,Yes,Yes,No,No,No,No,No,No,Yes,No,No,Yes,No,No,No,No,No
volksbank-schlangen,Volksbank Schlangen eG,GENODEM1SLN,LIVE,DE,,true,Yes,Yes,Yes,Yes,No,Yes,No,No,Yes,Yes,No,No,No,No,No,No,Yes,No,No,Yes,No,No,No,No,No
volksbank-staufen,Volksbank Staufen eG,GENODE61STF,LIVE,DE,,true,Yes,Yes,Yes,Yes,No,Yes,No,No,Yes,Yes,No,No,No,No,No,No,Yes,No,No,Yes,No,No,No,No,No
volksbank-stuttgart,Volksbank Stuttgart eG,VOBADESSXXX,LIVE,DE,,true,Yes,Yes,Yes,Yes,No,Yes,No,No,Yes,Yes,No,No,No,No,No,No,Yes,No,No,Yes,No,No,No,No,No
volksbank-sulmtal,Volksbank Sulmtal eG,GENODES1VOS,LIVE,DE,,true,Yes,Yes,Yes,Yes,No,Yes,No,No,Yes,Yes,No,No,No,No,No,No,Yes,No,No,Yes,No,No,No,No,No
volksbank-trossingen,Volksbank Trossingen eG,GENODES1TRO,LIVE,DE,,true,Yes,Yes,Yes,Yes,No,Yes,No,No,Yes,Yes,No,No,No,No,No,No,Yes,No,No,Yes,No,No,No,No,No
volksbank-ueberlingen,"Volksbank eG, Überlingen",GENODE61UBE,LIVE,DE,,true,Yes,Yes,Yes,Yes,No,Yes,No,No,Yes,Yes,No,No,No,No,No,No,Yes,No,No,Yes,No,No,No,No,No
volksbank-ulm-biberach,Volksbank Ulm-Biberach eG,ULMVDE66XXX,LIVE,DE,,true,Yes,Yes,Yes,Yes,No,Yes,No,No,Yes,Yes,No,No,No,No,No,No,Yes,No,No,Yes,No,No,No,No,No
volksbank-ulrichstein,Volksbank Ulrichstein eG,GENODE51ULR,LIVE,DE,,true,Yes,Yes,Yes,Yes,No,Yes,No,No,Yes,Yes,No,No,No,No,No,No,Yes,No,No,Yes,No,No,No,No,No
volksbank-versmold,Volksbank Versmold eG,GENODEM1VMD,LIVE,DE,,true,Yes,Yes,Yes,Yes,No,Yes,No,No,Yes,Yes,No,No,No,No,No,No,Yes,No,No,Yes,No,No,No,No,No
volksbank-vor-ort,Volksbank eG Gera · Jena · Rudolstadt,GENODEF1RUJ,LIVE,DE,,true,Yes,Yes,Yes,Yes,No,Yes,No,No,Yes,Yes,No,No,No,No,No,No,Yes,No,No,Yes,No,No,No,No,No
volksbank-welzheim,VVR Bank Schwäbischer Wald eG,GENODES1WEL,LIVE,DE,,true,Yes,Yes,Yes,Yes,No,Yes,No,No,Yes,Yes,No,No,No,No,No,No,Yes,No,No,Yes,No,No,No,No,No
volksbank-weschnitztal,Volksbank Weschnitztal eG,GENODE51FHO,LIVE,DE,,true,Yes,Yes,Yes,Yes,No,Yes,No,No,Yes,Yes,No,No,No,No,No,No,Yes,No,No,Yes,No,No,No,No,No
volksbank-westrharfehn,Volksbank eG Westrhauderfehn,GENODEF1WRH,LIVE,DE,,true,Yes,Yes,Yes,Yes,No,Yes,No,No,Yes,Yes,No,No,No,No,No,No,Yes,No,No,Yes,No,No,No,No,No
volksbank-wissmar,Volksbank Wißmar eG,GENODE51WWI,LIVE,DE,,true,Yes,Yes,Yes,Yes,No,Yes,No,No,Yes,Yes,No,No,No,No,No,No,Yes,No,No,Yes,No,No,No,No,No
volksbank-wittenberg,Volksbank Wittenberg eG,GENODEF1WB1,LIVE,DE,,true,Yes,Yes,Yes,Yes,No,Yes,No,No,Yes,Yes,No,No,No,No,No,No,Yes,No,No,Yes,No,No,No,No,No
volksbank-wittgenstein,Volksbank Wittgenstein eG,GENODEM1BB1,LIVE,DE,,true,Yes,Yes,Yes,Yes,No,Yes,No,No,Yes,Yes,No,No,No,No,No,No,Yes,No,No,Yes,No,No,No,No,No
volksbank-zwickau,Volksbank Zwickau eG,GENODEF1Z01,LIVE,DE,,true,Yes,Yes,Yes,Yes,No,Yes,No,No,Yes,Yes,No,No,No,No,No,No,Yes,No,No,Yes,No,No,No,No,No
volksbank_karnten,Volksbank Kärnten,VBOEATWWKLA,LIVE,AT,,true,Yes,Yes,Yes,Yes,No,Yes,No,No,Yes,Yes,No,Yes,No,No,No,No,No,Yes,No,No,No,No,No,No,No
volksbank_niederosterrei,Volksbank Niederösterreich,VBOEATWWNOM,LIVE,AT,,true,Yes,Yes,Yes,Yes,No,Yes,No,No,Yes,Yes,No,Yes,No,No,No,No,No,Yes,No,No,No,No,No,No,No
volksbank_oberosterreich,Volksbank Oberösterreich,VBOEATWWOOE,LIVE,AT,,true,Yes,Yes,Yes,Yes,No,Yes,No,No,Yes,Yes,No,Yes,No,No,No,No,No,Yes,No,No,No,No,No,No,No
volksbank_salzburg,Volksbank Salzburg,VBOEATWWSAL,LIVE,AT,,true,Yes,Yes,Yes,Yes,No,Yes,No,No,Yes,Yes,No,Yes,No,No,No,No,No,Yes,No,No,No,No,No,No,No
volksbank_steiermark,Volksbank Steiermark,VBOEATWWGRA,LIVE,AT,,true,Yes,Yes,Yes,Yes,No,Yes,No,No,Yes,Yes,No,Yes,No,No,No,No,No,Yes,No,No,No,No,No,No,No
volksbank_tirol,Volksbank Tirol,VBOEATWWINN,LIVE,AT,,true,Yes,Yes,Yes,Yes,No,Yes,No,No,Yes,Yes,No,Yes,No,No,No,No,No,Yes,No,No,No,No,No,No,No
volksbank_vorarlberg,Volksbank Vorarlberg,VBOEATWWVBG,LIVE,AT,,true,Yes,Yes,Yes,Yes,No,Yes,No,No,Yes,Yes,No,Yes,No,No,No,No,No,Yes,No,No,No,No,No,No,No
volksbank_wien,Volksbank Wien,VBOEATWWXXX,LIVE,AT,,true,Yes,Yes,Yes,Yes,No,Yes,No,No,Yes,Yes,No,Yes,No,No,No,No,No,Yes,No,No,No,No,No,No,No
volksbankeg,Volksbank im Elbe-Weser-Dreieck eG,GENODEF1BEV,LIVE,DE,,true,Yes,Yes,Yes,Yes,No,Yes,No,No,Yes,Yes,No,No,No,No,No,No,Yes,No,No,Yes,No,No,No,No,No
volksbankeisenberg,Volksbank Eisenberg eG,GENODEF1ESN,LIVE,DE,,true,Yes,Yes,Yes,Yes,No,Yes,No,No,Yes,Yes,No,No,No,No,No,No,Yes,No,No,Yes,No,No,No,No,No
volksbankmmin,Volksbank Demmin eG,GENODEF1DM1,LIVE,DE,,true,Yes,Yes,Yes,Yes,No,Yes,No,No,Yes,Yes,No,No,No,No,No,No,Yes,No,No,Yes,No,No,No,No,No
volksbanksulingen,Volksbank Niedersachsen-Mitte eG,GENODEF1SUL,LIVE,DE,,true,Yes,Yes,Yes,Yes,No,Yes,No,No,Yes,Yes,No,No,No,No,No,No,Yes,No,No,Yes,No,No,No,No,No
volksbankttenhausen,Volksbank Dettenhausen eG,GENODES1DEH,LIVE,DE,,true,Yes,Yes,Yes,Yes,No,Yes,No,No,Yes,Yes,No,No,No,No,No,No,Yes,No,No,Yes,No,No,No,No,No
volksbankviersen,Volksbank Viersen eG,GENODED1VSN,LIVE,DE,,true,Yes,Yes,Yes,Yes,No,Yes,No,No,Yes,Yes,No,No,No,No,No,No,Yes,No,No,Yes,No,No,No,No,No
volkswagenbank_it,Volkswagen Bank,CRBZIT2B003,LIVE,IT,,true,Yes,Yes,Yes,Yes,No,Yes,No,No,Yes,Yes,No,Yes,No,Yes,No,No,No,No,Yes,No,No,No,No,No,No
vorne,VR-Bank Ludwigsburg eG,GENODES1VBB,LIVE,DE,,true,Yes,Yes,Yes,Yes,No,Yes,No,No,Yes,Yes,No,No,No,No,No,No,Yes,No,No,Yes,No,No,No,No,No
vr-amberg,VR Bank Amberg-Sulzbach eG,GENODEF1AMV,LIVE,DE,,true,Yes,Yes,Yes,Yes,No,Yes,No,No,Yes,Yes,No,No,No,No,No,No,Yes,No,No,Yes,No,No,No,No,No
vr-bank-erding,VR-Bank Erding eG,GENODEF1ISE,LIVE,DE,,true,Yes,Yes,Yes,Yes,No,Yes,No,No,Yes,Yes,No,No,No,No,No,No,Yes,No,No,Yes,No,No,No,No,No
vr-bank-frenberg-nirfischbach,VR-Bank Freudenberg-Niederfischbach eG,GENODEM1FRF,LIVE,DE,,true,Yes,Yes,Yes,Yes,No,Yes,No,No,Yes,Yes,No,No,No,No,No,No,Yes,No,No,Yes,No,No,No,No,No
vr-bank-mittelsachsen,VR-Bank Mittelsachsen eG,GENODEF1DL1,LIVE,DE,,true,Yes,Yes,Yes,Yes,No,Yes,No,No,Yes,Yes,No,No,No,No,No,No,Yes,No,No,Yes,No,No,No,No,No
vr-bank-muenchen-land,VR Bank München Land eG,GENODEF1OHC,LIVE,DE,,true,Yes,Yes,Yes,Yes,No,Yes,No,No,Yes,Yes,No,No,No,No,No,No,Yes,No,No,Yes,No,No,No,No,No
vr-bank-muntal,Volks- und Raiffeisenbank Muldental eG,GENODEF1GMV,LIVE,DE,,true,Yes,Yes,Yes,Yes,No,Yes,No,No,Yes,Yes,No,No,No,No,No,No,Yes,No,No,Yes,No,No,No,No,No
vr-bank-nordrhoen,VR-Bank NordRhön eG,GENODEF1HUE,LIVE,DE,,true,Yes,Yes,Yes,Yes,No,Yes,No,No,Yes,Yes,No,No,No,No,No,No,Yes,No,No,Yes,No,No,No,No,No
vr-bank-online,VR-Bank Taufkirchen-Dorfen eG,GENODEF1TAV,LIVE,DE,,true,Yes,Yes,Yes,Yes,No,Yes,No,No,Yes,Yes,No,No,No,No,No,No,Yes,No,No,Yes,No,No,No,No,No
vr-bank-passau,VR-Bank Passau eG,GENODEF1PA1,LIVE,DE,,true,Yes,Yes,Yes,Yes,No,Yes,No,No,Yes,Yes,No,No,No,No,No,No,Yes,No,No,Yes,No,No,No,No,No
vr-bank-westmuensterland,Volksbank Westmünsterland eG,GENODEM1BOB,LIVE,DE,,true,Yes,Yes,Yes,Yes,No,Yes,No,No,Yes,Yes,No,No,No,No,No,No,Yes,No,No,Yes,No,No,No,No,No
vr-bank-wuerzburg,Volksbank Raiffeisenbank Würzburg eG,GENODEF1WU1,LIVE,DE,,true,Yes,Yes,Yes,Yes,No,Yes,No,No,Yes,Yes,No,No,No,No,No,No,Yes,No,No,Yes,No,No,No,No,No
vr-banknoifel,VR-Bank Nordeifel eG,GENODED1SLE,LIVE,DE,,true,Yes,Yes,Yes,Yes,No,Yes,No,No,Yes,Yes,No,No,No,No,No,No,Yes,No,No,Yes,No,No,No,No,No
vr-bayernmitte,Volksbank Raiffeisenbank Bayern Mitte eG,GENODEF1INP,LIVE,DE,,true,Yes,Yes,Yes,Yes,No,Yes,No,No,Yes,Yes,No,No,No,No,No,No,Yes,No,No,Yes,No,No,No,No,No
vr-burglengenfeld,VR Bank Mittlere Oberpfalz eG,GENODEF1BLF,LIVE,DE,,true,Yes,Yes,Yes,Yes,No,Yes,No,No,Yes,Yes,No,No,No,No,No,No,Yes,No,No,Yes,No,No,No,No,No
vr-dachau,Volksbank Raiffeisenbank Dachau eG,GENODEF1DCA,LIVE,DE,,true,Yes,Yes,Yes,Yes,No,Yes,No,No,Yes,Yes,No,No,No,No,No,No,Yes,No,No,Yes,No,No,No,No,No
vr-dm,VR-Bank Donau-Mindel eG,GENODEF1GZ2,LIVE,DE,,true,Yes,Yes,Yes,Yes,No,Yes,No,No,Yes,Yes,No,No,No,No,No,No,Yes,No,No,Yes,No,No,No,No,No
vr-ff,VR-Bank Fichtelgebirge- Frankenwald eG,GENODEF1MAK,LIVE,DE,,true,Yes,Yes,Yes,Yes,No,Yes,No,No,Yes,Yes,No,No,No,No,No,No,Yes,No,No,Yes,No,No,No,No,No
vr-genobank,VR GenoBank DonauWald eG,GENODEF1DGV,LIVE,DE,,true,Yes,Yes,Yes,Yes,No,Yes,No,No,Yes,Yes,No,No,No,No,No,No,Yes,No,No,Yes,No,No,No,No,No
vr-glauchau,Volksbank-Raiffeisenbank Glauchau eG,GENODEF1GC1,LIVE,DE,,true,Yes,Yes,Yes,Yes,No,Yes,No,No,Yes,Yes,No,No,No,No,No,No,Yes,No,No,Yes,No,No,No,No,No
vr-internet,VR-Bank Fläming-Elsterland eG,GENODEF1LUK,LIVE,DE,,true,Yes,Yes,Yes,Yes,No,Yes,No,No,Yes,Yes,No,No,No,No,No,No,Yes,No,No,Yes,No,No,No,No,No
vr-lif-ebn,VR-Bank Lichtenfels-Ebern eG,GENODEF1LIF,LIVE,DE,,true,Yes,Yes,Yes,Yes,No,Yes,No,No,Yes,Yes,No,No,No,No,No,No,Yes,No,No,Yes,No,No,No,No,No
vr-ll,VR-Bank Landsberg-Ammersee eG,GENODEF1DSS,LIVE,DE,,true,Yes,Yes,Yes,Yes,No,Yes,No,No,Yes,Yes,No,No,No,No,No,No,Yes,No,No,Yes,No,No,No,No,No
vr-meissen,Volksbank Raiffeisenbank Meißen Großenhain eG,GENODEF1MEI,LIVE,DE,,true,Yes,Yes,Yes,Yes,No,Yes,No,No,Yes,Yes,No,No,No,No,No,No,Yes,No,No,Yes,No,No,No,No,No
vr-memmingen,VR-Bank Memmingen eG,GENODEF1MM1,LIVE,DE,,true,Yes,Yes,Yes,Yes,No,Yes,No,No,Yes,Yes,No,No,No,No,No,No,Yes,No,No,Yes,No,No,No,No,No
vr-mfr,VR-Bank Mittelfranken Mitte eG,GENODEF1ANS,LIVE,DE,,true,Yes,Yes,Yes,Yes,No,Yes,No,No,Yes,Yes,No,No,No,No,No,No,Yes,No,No,Yes,No,No,No,No,No
vr-miba,VR-Bank in Mittelbaden eG,GENODE61IFF,LIVE,DE,,true,Yes,Yes,Yes,Yes,No,Yes,No,No,Yes,Yes,No,No,No,No,No,No,Yes,No,No,Yes,No,No,No,No,No
vr-mittlere,VR Bank Mittlere Oberpfalz eG,GENODEF1SWD,LIVE,DE,,true,Yes,Yes,Yes,Yes,No,Yes,No,No,Yes,Yes,No,No,No,No,No,No,Yes,No,No,Yes,No,No,No,No,No
vr-neuburg-rain,VR Bank Neuburg-Rain eG,GENODEF1ND2,LIVE,DE,,true,Yes,Yes,Yes,Yes,No,Yes,No,No,Yes,Yes,No,No,No,No,No,No,Yes,No,No,Yes,No,No,No,No,No
vr-nordoberpfalz,Volksbank Raiffeisenbank Nordoberpfalz eG,GENODEF1WEV,LIVE,DE,,true,Yes,Yes,Yes,Yes,No,Yes,No,No,Yes,Yes,No,No,No,No,No,No,Yes,No,No,Yes,No,No,No,No,No
vr-obm,VR-Bank Ostbayern-Mitte eG,GENODEF1SR1,LIVE,DE,,true,Yes,Yes,Yes,Yes,No,Yes,No,No,Yes,Yes,No,No,No,No,No,No,Yes,No,No,Yes,No,No,No,No,No
vr-ofrm,VR Bank Oberfranken Mitte eG,GENODEF1KU1,LIVE,DE,,true,Yes,Yes,Yes,Yes,No,Yes,No,No,Yes,Yes,No,No,No,No,No,No,Yes,No,No,Yes,No,No,No,No,No
vr-partnerbank,VR PartnerBank eG Chattengau-Schwalm-Eder,GENODEF1HRV,LIVE,DE,,true,Yes,Yes,Yes,Yes,No,Yes,No,No,Yes,Yes,No,No,No,No,No,No,Yes,No,No,Yes,No,No,No,No,No
vr-plus,VR PLUS Altmark-Wendland eG,GENODEF1WOT,LIVE,DE,,true,Yes,Yes,Yes,Yes,No,Yes,No,No,Yes,Yes,No,No,No,No,No,No,Yes,No,No,Yes,No,No,No,No,No
vr-vilshofen,VR-Bank Vilshofen-Pocking eG,GENODEF1VIR,LIVE,DE,,true,Yes,Yes,Yes,Yes,No,Yes,No,No,Yes,Yes,No,No,No,No,No,No,Yes,No,No,Yes,No,No,No,No,No
vrb-eisenach,VR Bank Ihre Heimatbank eG,GENODEF1ESA,LIVE,DE,,true,Yes,Yes,Yes,Yes,No,Yes,No,No,Yes,Yes,No,No,No,No,No,No,Yes,No,No,Yes,No,No,No,No,No
vrb-meinebank,VR-Bank in Nordhessen Westthüringen eG,GENODEF1SAL,LIVE,DE,,true,Yes,Yes,Yes,Yes,No,Yes,No,No,Yes,Yes,No,No,No,No,No,No,Yes,No,No,Yes,No,No,No,No,No
vrb-nirschlesien,Volksbank Raiffeisenbank Niederschlesien eG,GENODEF1GR1,LIVE,DE,,true,Yes,Yes,Yes,Yes,No,Yes,No,No,Yes,Yes,No,No,No,No,No,No,Yes,No,No,Yes,No,No,No,No,No
vrb-spangenberg,VR-Bank Spangenberg-Morschen eG,GENODEF1SPB,LIVE,DE,,true,Yes,Yes,Yes,Yes,No,Yes,No,No,Yes,Yes,No,No,No,No,No,No,Yes,No,No,Yes,No,No,No,No,No
vrb-uckermark-randow,VR-Bank Uckermark-Randow eG,GENODEF1PZ1,LIVE,DE,,true,Yes,Yes,Yes,Yes,No,Yes,No,No,Yes,Yes,No,No,No,No,No,No,Yes,No,No,Yes,No,No,No,No,No
vrb-westthueringen,VR Bank in Thüringen eG,GENODEF1MU2,LIVE,DE,,true,Yes,Yes,Yes,Yes,No,Yes,No,No,Yes,Yes,No,No,No,No,No,No,Yes,No,No,Yes,No,No,No,No,No
vrbank,VR Bank Rhein-Neckar eG,GENODE61MA2,LIVE,DE,,true,Yes,Yes,Yes,Yes,No,Yes,No,No,Yes,Yes,No,No,No,No,No,No,Yes,No,No,Yes,No,No,No,No,No
vrbank-alsheim,"VR Bank eG, Alsheim",GENODE51AHM,LIVE,DE,,true,Yes,Yes,Yes,Yes,No,Yes,No,No,Yes,Yes,No,No,No,No,No,No,Yes,No,No,Yes,No,No,No,No,No
vrbank-altenburgerland,VR-Bank Altenburger Land eG,GENODEF1SLR,LIVE,DE,,true,Yes,Yes,Yes,Yes,No,Yes,No,No,Yes,Yes,No,No,No,No,No,No,Yes,No,No,Yes,No,No,No,No,No
vrbank-augsburg-ostallgaeu,VR Bank Augsburg-Ostallgäu eG,GENODEF1AUB,LIVE,DE,,true,Yes,Yes,Yes,Yes,No,Yes,No,No,Yes,Yes,No,No,No,No,No,No,Yes,No,No,Yes,No,No,No,No,No
vrbank-bamberg-forchheim,VR Bank Bamberg-Forchheim eG,GENODEF1FOH,LIVE,DE,,true,Yes,Yes,Yes,Yes,No,Yes,No,No,Yes,Yes,No,No,No,No,No,No,Yes,No,No,Yes,No,No,No,No,No
vrbank-bayreuth-hof,VR Bank Bayreuth-Hof eG,GENODEF1HO1,LIVE,DE,,true,Yes,Yes,Yes,Yes,No,Yes,No,No,Yes,Yes,No,No,No,No,No,No,Yes,No,No,Yes,No,No,No,No,No
vrbank-coburg,VR-Bank Coburg eG,GENODEF1COS,LIVE,DE,,true,Yes,Yes,Yes,Yes,No,Yes,No,No,Yes,Yes,No,No,No,No,No,No,Yes,No,No,Yes,No,No,No,No,No
vrbank-ellwangen,VR-Bank Ellwangen eG,GENODES1ELL,LIVE,DE,,true,Yes,Yes,Yes,Yes,No,Yes,No,No,Yes,Yes,No,No,No,No,No,No,Yes,No,No,Yes,No,No,No,No,No
vrbank-feuchtwangen-dinkelsbuehl,VR Bank im südlichen Franken eG,GENODEF1DKV,LIVE,DE,,true,Yes,Yes,Yes,Yes,No,Yes,No,No,Yes,Yes,No,No,No,No,No,No,Yes,No,No,Yes,No,No,No,No,No
vrbank-ffb,Volksbank Raiffeisenbank Fürstenfeldbruck eG,GENODEF1FFB,LIVE,DE,,true,Yes,Yes,Yes,Yes,No,Yes,No,No,Yes,Yes,No,No,No,No,No,No,Yes,No,No,Yes,No,No,No,No,No
vrbank-geo,VR-MainBank eG,GENODEF1GZH,LIVE,DE,,true,Yes,Yes,Yes,Yes,No,Yes,No,No,Yes,Yes,No,No,No,No,No,No,Yes,No,No,Yes,No,No,No,No,No
vrbank-hessenland,VR VerbundBank eG,GENODE51ALS,LIVE,DE,,true,Yes,Yes,Yes,Yes,No,Yes,No,No,Yes,Yes,No,No,No,No,No,No,Yes,No,No,Yes,No,No,No,No,No
vrbank-hg,VR-Bank Handels- und Gewerbebank eG,GENODEF1MTG,LIVE,DE,,true,Yes,Yes,Yes,Yes,No,Yes,No,No,Yes,Yes,No,No,No,No,No,No,Yes,No,No,Yes,No,No,No,No,No
vrbank-ihn,VR-Bank Ismaning Hallbergmoos Neufahrn eG,GENODEF1ISV,LIVE,DE,,true,Yes,Yes,Yes,Yes,No,Yes,No,No,Yes,Yes,No,No,No,No,No,No,Yes,No,No,Yes,No,No,No,No,No
vrbank-in-holstein,VR Bank in Holstein eG,GENODEF1PIN,LIVE,DE,,true,Yes,Yes,Yes,Yes,No,Yes,No,No,Yes,Yes,No,No,No,No,No,No,Yes,No,No,Yes,No,No,No,No,No
vrbank-isar-vils,VR-Bank Isar-Vils eG,GENODEF1VBV,LIVE,DE,,true,Yes,Yes,Yes,Yes,No,Yes,No,No,Yes,Yes,No,No,No,No,No,No,Yes,No,No,Yes,No,No,No,No,No
vrbank-lahndill,VR Bank Lahn-Dill eG,GENODE51BIK,LIVE,DE,,true,Yes,Yes,Yes,Yes,No,Yes,No,No,Yes,Yes,No,No,No,No,No,No,Yes,No,No,Yes,No,No,No,No,No
vrbank-mittelhaardt,VR Bank Mittelhaardt eG,GENODE61DUW,LIVE,DE,,true,Yes,Yes,Yes,Yes,No,Yes,No,No,Yes,Yes,No,No,No,No,No,No,Yes,No,No,Yes,No,No,No,No,No
vrbank-mkb,VR Bank Main-Kinzig-Büdingen eG,GENODEF1LSR,LIVE,DE,,true,Yes,Yes,Yes,Yes,No,Yes,No,No,Yes,Yes,No,No,No,No,No,No,Yes,No,No,Yes,No,No,No,No,No
vrbank-obb-so,Volksbank Raiffeisenbank Oberbayern Südost eG,GENODEF1BGL,LIVE,DE,,true,Yes,Yes,Yes,Yes,No,Yes,No,No,Yes,Yes,No,No,No,No,No,No,Yes,No,No,Yes,No,No,No,No,No
vrbank-onburgland,Volksbank eG Oldenburg-Land Delmenhorst,GENODEF1WDH,LIVE,DE,,true,Yes,Yes,Yes,Yes,No,Yes,No,No,Yes,Yes,No,No,No,No,No,No,Yes,No,No,Yes,No,No,No,No,No
vrbank-osnordland,VR-Bank eG Osnabrücker Nordland,GENODEF1NOP,LIVE,DE,,true,Yes,Yes,Yes,Yes,No,Yes,No,No,Yes,Yes,No,No,No,No,No,No,Yes,No,No,Yes,No,No,No,No,No
vrbank-ostalb,VR-Bank Ostalb eG,GENODES1AAV,LIVE,DE,,true,Yes,Yes,Yes,Yes,No,Yes,No,No,Yes,Yes,No,No,No,No,No,No,Yes,No,No,Yes,No,No,No,No,No
vrbank-sha,VR Bank Heilbronn Schwäbisch Hall eG,GENODES1SHA,LIVE,DE,,true,Yes,Yes,Yes,Yes,No,Yes,No,No,Yes,Yes,No,No,No,No,No,No,Yes,No,No,Yes,No,No,No,No,No
vrbank-suedonburg,VR-Bank in Südoldenburg eG,GENODEF1CLP,LIVE,DE,,true,Yes,Yes,Yes,Yes,No,Yes,No,No,Yes,Yes,No,No,No,No,No,No,Yes,No,No,Yes,No,No,No,No,No
vrbank-suedpfalz,VR Bank Südpfalz eG,GENODE61SUW,LIVE,DE,,true,Yes,Yes,Yes,Yes,No,Yes,No,No,Yes,Yes,No,No,No,No,No,No,Yes,No,No,Yes,No,No,No,No,No
vrbank-suedthueringen,Volksbank Thüringen Mitte eG,GENODEF1SHL,LIVE,DE,,true,Yes,Yes,Yes,Yes,No,Yes,No,No,Yes,Yes,No,No,No,No,No,No,Yes,No,No,Yes,No,No,No,No,No
vrbank-suedwestpfalz,VR-Bank Südwestpfalz eG Pirmasens - Zweibrücken,GENODE61ROA,LIVE,DE,,true,Yes,Yes,Yes,Yes,No,Yes,No,No,Yes,Yes,No,No,No,No,No,No,Yes,No,No,Yes,No,No,No,No,No
vrbank-sww,VR Bank Südliche Weinstraße-Wasgau eG,GENODE61BZA,LIVE,DE,,true,Yes,Yes,Yes,Yes,No,Yes,No,No,Yes,Yes,No,No,No,No,No,No,Yes,No,No,Yes,No,No,No,No,No
vrbank-weimar,VR Bank Weimar eG,GENODEF1WE1,LIVE,DE,,true,Yes,Yes,Yes,Yes,No,Yes,No,No,Yes,Yes,No,No,No,No,No,No,Yes,No,No,Yes,No,No,No,No,No
vrbank-westkueste,VR Bank Schleswig-Holstein Mitte eG,GENODEF1HUM,LIVE,DE,,true,Yes,Yes,Yes,Yes,No,Yes,No,No,Yes,Yes,No,No,No,No,No,No,Yes,No,No,Yes,No,No,No,No,No
vrbankeg,"VR Bank eG, Monheim am Rhein",GENODED1NLD,LIVE,DE,,true,Yes,Yes,Yes,Yes,No,Yes,No,No,Yes,Yes,No,No,No,No,No,No,Yes,No,No,Yes,No,No,No,No,No
vrbankfulda,VR Bank Fulda eG,GENODE51FUL,LIVE,DE,,true,Yes,Yes,Yes,Yes,No,Yes,No,No,Yes,Yes,No,No,No,No,No,No,Yes,No,No,Yes,No,No,No,No,No
vrbankgl,VR Bank eG Bergisch Gladbach-Leverkusen,GENODED1PAF,LIVE,DE,,true,Yes,Yes,Yes,Yes,No,Yes,No,No,Yes,Yes,No,No,No,No,No,No,Yes,No,No,Yes,No,No,No,No,No
vrbanklm,VR-Bank Landau-Mengkofen eG,GENODEF1LND,LIVE,DE,,true,Yes,Yes,Yes,Yes,No,Yes,No,No,Yes,Yes,No,No,No,No,No,No,Yes,No,No,Yes,No,No,No,No,No
vrbankmecklenburg,VR Bank Mecklenburg eG,GENODEF1GUE,LIVE,DE,,true,Yes,Yes,Yes,Yes,No,Yes,No,No,Yes,Yes,No,No,No,No,No,No,Yes,No,No,Yes,No,No,No,No,No
vrbankmitte,VR-Bank Mitte eG,GENODEF1ESW,LIVE,DE,,true,Yes,Yes,Yes,Yes,No,Yes,No,No,Yes,Yes,No,No,No,No,No,No,Yes,No,No,Yes,No,No,No,No,No
vrbanknord,VR Bank Nord eG,GENODEF1BDS,LIVE,DE,,true,Yes,Yes,Yes,Yes,No,Yes,No,No,Yes,Yes,No,No,No,No,No,No,Yes,No,No,Yes,No,No,No,No,No
vrbankrheinsieg,VR-Bank Bonn Rhein-Sieg eG,GENODED1RST,LIVE,DE,,true,Yes,Yes,Yes,Yes,No,Yes,No,No,Yes,Yes,No,No,No,No,No,No,Yes,No,No,Yes,No,No,No,No,No
vrbanksn,VR-Bank in Südniedersachsen eG,GENODEF1DRA,LIVE,DE,,true,Yes,Yes,Yes,Yes,No,Yes,No,No,Yes,Yes,No,No,No,No,No,No,Yes,No,No,Yes,No,No,No,No,No
vrben,VR-Bank Ehningen-Nufringen eG,GENODES1EHN,LIVE,DE,,true,Yes,Yes,Yes,Yes,No,Yes,No,No,Yes,Yes,No,No,No,No,No,No,Yes,No,No,Yes,No,No,No,No,No
vrbfw,Volks- und Raiffeisenbank Fürstenwalde Seelow-Wriezen eG,GENODEF1FW1,LIVE,DE,,true,Yes,Yes,Yes,Yes,No,Yes,No,No,Yes,Yes,No,No,No,No,No,No,Yes,No,No,Yes,No,No,No,No,No
vrbk,VR-Bank Rottal-Inn eG,GENODEF1PFK,LIVE,DE,,true,Yes,Yes,Yes,Yes,No,Yes,No,No,Yes,Yes,No,No,No,No,No,No,Yes,No,No,Yes,No,No,No,No,No
vrblausitz,VR Bank Lausitz eG,GENODEF1FWA,LIVE,DE,,true,Yes,Yes,Yes,Yes,No,Yes,No,No,Yes,Yes,No,No,No,No,No,No,Yes,No,No,Yes,No,No,No,No,No
vrbprignitz,Volks- und Raiffeisenbank Prignitz eG,GENODEF1PER,LIVE,DE,,true,Yes,Yes,Yes,Yes,No,Yes,No,No,Yes,Yes,No,No,No,No,No,No,Yes,No,No,Yes,No,No,No,No,No
vrbsaale-unstrut,Volks- und Raiffeisenbank Saale-Unstrut eG,GENODEF1NMB,LIVE,DE,,true,Yes,Yes,Yes,Yes,No,Yes,No,No,Yes,Yes,No,No,No,No,No,No,Yes,No,No,Yes,No,No,No,No,No
vrhs,"Volksbank Raiffeisenbank eG, Itzehoe",GENODEF1HH4,LIVE,DE,,true,Yes,Yes,Yes,Yes,No,Yes,No,No,Yes,Yes,No,No,No,No,No,No,Yes,No,No,Yes,No,No,No,No,No
vrkt,VR Bank Kitzingen eG,GENODEF1KT1,LIVE,DE,,true,Yes,Yes,Yes,Yes,No,Yes,No,No,Yes,Yes,No,No,No,No,No,No,Yes,No,No,Yes,No,No,No,No,No
vrla,VR-Bank Landshut eG,GENODEF1LH1,LIVE,DE,,true,Yes,Yes,Yes,Yes,No,Yes,No,No,Yes,Yes,No,No,No,No,No,No,Yes,No,No,Yes,No,No,No,No,No
vrmeinebank,VR Bank Metropolregion Nürnberg eG,GENODEF1NEA,LIVE,DE,,true,Yes,Yes,Yes,Yes,No,Yes,No,No,Yes,Yes,No,No,No,No,No,No,Yes,No,No,Yes,No,No,No,No,No
vrnu,VR-Bank Neu-Ulm eG,GENODEF1NU1,LIVE,DE,,true,Yes,Yes,Yes,Yes,No,Yes,No,No,Yes,Yes,No,No,No,No,No,No,Yes,No,No,Yes,No,No,No,No,No
vrsta,VR Bank Starnberg-Zugspitze eG,GENODEF1STH,LIVE,DE,,true,Yes,Yes,Yes,Yes,No,Yes,No,No,Yes,Yes,No,No,No,No,No,No,Yes,No,No,Yes,No,No,No,No,No
vssau,Volksbank Dessau-Anhalt eG,GENODEF1DS1,LIVE,DE,,true,Yes,Yes,Yes,Yes,No,Yes,No,No,Yes,Yes,No,No,No,No,No,No,Yes,No,No,Yes,No,No,No,No,No
vvrb,"Vereinigte Volksbank Raiffeisenbank eG, Reinheim ",GENODE51MIC,LIVE,DE,,true,Yes,Yes,Yes,Yes,No,Yes,No,No,Yes,Yes,No,No,No,No,No,No,Yes,No,No,Yes,No,No,No,No,No
vvrbank-krp,Vereinigte VR Bank Kur- und Rheinpfalz eG,GENODE61SPE,LIVE,DE,,true,Yes,Yes,Yes,Yes,No,Yes,No,No,Yes,Yes,No,No,No,No,No,No,Yes,No,No,Yes,No,No,No,No,No
wacker-bank,Waldeck-Frankenberger Bank eG,GENODEF1KBW,LIVE,DE,,true,Yes,Yes,Yes,Yes,No,Yes,No,No,Yes,Yes,No,No,No,No,No,No,Yes,No,No,Yes,No,No,No,No,No
warburg-bank,M.M. Warburg & CO,WBWCDEHHXXX,LIVE,DE,,true,Yes,Yes,Yes,Yes,No,Yes,No,No,Yes,Yes,No,No,No,No,No,No,Yes,No,No,Yes,No,No,No,No,No
wartburg-sparkasse,Wartburg-Sparkasse,HELADEF1WAK,LIVE,DE,,true,Yes,No,Yes,No,No,Yes,Yes,No,Yes,Yes,Yes,Yes,No,Yes,No,No,Yes,Yes,No,No,No,No,No,No,No
weberbank,Weberbank,WELADED1WBB,LIVE,DE,,true,No,No,Yes,No,No,Yes,Yes,No,Yes,Yes,Yes,Yes,No,Yes,No,No,Yes,Yes,No,No,No,No,No,No,No
weg-bank,WEG Bank AG,WEGBDE77XXX,LIVE,DE,,true,Yes,Yes,Yes,Yes,No,Yes,No,No,Yes,Yes,No,No,No,No,No,No,Yes,No,No,Yes,No,No,No,No,No
werhahn-bank,Bankhaus Werhahn GmbH,WERHDED1XXX,LIVE,DE,,true,Yes,Yes,Yes,Yes,No,Yes,No,No,Yes,Yes,No,No,No,No,No,No,Yes,No,No,Yes,No,No,No,No,No
weser-elbe-sparkasse,Weser-Elbe Sparkasse,BRLADE21BRS,LIVE,DE,,true,Yes,No,Yes,No,No,Yes,Yes,No,Yes,Yes,Yes,Yes,No,Yes,No,No,Yes,Yes,No,No,No,No,No,No,No
westerwaldbank,Westerwald Bank eG Volks- und Raiffeisenbank,GENODE51WW1,LIVE,DE,,true,Yes,Yes,Yes,Yes,No,Yes,No,No,Yes,Yes,No,No,No,No,No,No,Yes,No,No,Yes,No,No,No,No,No
westkreis,Raiffeisenbank Westkreis Fürstenfeldbruck eG,GENODEF1MOO,LIVE,DE,,true,Yes,Yes,Yes,Yes,No,Yes,No,No,Yes,Yes,No,No,No,No,No,No,Yes,No,No,Yes,No,No,No,No,No
widiba,Widiba,WIDIITMMXXX,LIVE,IT,,true,No,No,Yes,Yes,No,Yes,No,No,Yes,Yes,Yes,Yes,No,No,No,No,No,Yes,No,No,No,No,No,No,No
widiba-sandbox,Banca WIDIBA Spa,,SANDBOX,IT,,true,No,No,Yes,Yes,No,Yes,No,No,Yes,Yes,Yes,No,No,No,No,No,No,Yes,No,No,No,No,No,No,No
winterbacher-bank,Winterbacher Bank eG,GENODES1WBB,LIVE,DE,,true,Yes,Yes,Yes,Yes,No,Yes,No,No,Yes,Yes,No,No,No,No,No,No,Yes,No,No,Yes,No,No,No,No,No
wipptal,RAIFFEISENKASSE WIPPTAL CASSA RAIFFEISEN WIPPTAL,RZSBIT21XXX,LIVE,IT,,true,Yes,Yes,Yes,Yes,No,Yes,No,No,Yes,Yes,Yes,Yes,No,Yes,No,Yes,Yes,Yes,No,No,No,No,No,No,No
wise-live,Wise,TRWIGB22XXX,LIVE,"GB,IE,DE,ES,IT,NL,PT",transferwise,true,Yes,Yes,Yes,Yes,No,Yes,No,No,Yes,No,No,No,No,Yes,No,No,No,Yes,No,No,No,No,No,No,No
wise-sandbox,Wise Sandbox,TRWIGB22XXX,SANDBOX,"GB,IE,DE,ES,IT,NL,PL,PT",transferwise,true,Yes,Yes,Yes,No,No,Yes,No,No,Yes,No,No,No,No,Yes,No,No,No,Yes,No,No,No,No,No,No,No
wvb,Wiesbadener Volksbank eG,WIBADE5WXXX,LIVE,DE,,true,Yes,Yes,Yes,Yes,No,Yes,No,No,Yes,Yes,No,No,No,No,No,No,Yes,No,No,Yes,No,No,No,No,No
yapily-mock,Yapily Mock Bank,,SANDBOX,GB,,true,No,Yes,Yes,No,No,Yes,Yes,No,Yes,No,Yes,Yes,No,No,No,No,No,Yes,No,No,No,No,No,No,No
yonder,Yonder,,LIVE,GB,yonder,true,Yes,Yes,Yes,Yes,No,Yes,No,No,No,No,No,No,No,No,No,No,No,Yes,No,No,No,No,No,No,No
yorkshirebuildingsociety,Yorkshire Building Society,YORBGB2VXXX,LIVE,GB,,true,No,Yes,Yes,No,No,Yes,Yes,No,Yes,No,No,Yes,No,No,No,No,No,Yes,No,No,No,No,No,No,No